merchant_category,avg_transaction_amount
аптека,25941.843787878788
еда,26824.635652173914
одежда,25334.517581699347
онлайн-сервисы,24737.845857142856
развлечения,26685.052733333334
транспорт,23916.510719424463
электроника,23675.191959459462
