user_id,registration_date,age,activity_segment,financial_awareness,has_salom,has_osmon,has_virtual_uzcard,has_virtual_humo,other_bank_cards_count
1,2025-08-30,20,active,medium,False,False,True,False,0
2,2024-02-28,62,active,medium,True,False,True,True,0
3,2025-08-03,37,active,low,False,False,True,False,0
4,2024-10-08,27,medium,high,False,True,True,False,1
5,2024-11-05,24,super_active,high,True,False,False,True,1
6,2024-06-12,61,super_active,medium,True,True,False,True,1
7,2025-12-25,54,medium,medium,True,True,False,True,3
8,2024-09-19,45,medium,medium,True,False,False,True,0
9,2025-08-22,61,active,medium,False,False,True,True,1
10,2024-03-21,51,medium,high,False,True,False,False,1
11,2024-01-17,57,one_time,medium,False,True,False,True,1
12,2025-08-13,35,medium,low,True,False,True,True,2
13,2025-02-23,56,active,low,True,False,True,True,2
14,2025-03-05,35,low,high,True,False,True,False,0
15,2025-10-25,27,one_time,high,False,False,True,True,2
16,2024-09-20,22,one_time,high,True,False,False,False,0
17,2024-04-28,50,medium,high,True,False,True,True,0
18,2024-10-13,30,active,low,True,True,True,True,2
19,2024-10-18,65,one_time,medium,True,False,True,False,1
20,2024-08-04,38,active,medium,True,False,True,True,0
21,2024-07-01,58,active,medium,True,False,True,True,2
22,2024-07-01,23,medium,medium,False,True,True,False,0
23,2025-06-17,30,medium,high,False,False,True,False,1
24,2024-07-04,62,medium,high,True,False,True,True,2
25,2024-11-04,27,active,low,True,True,True,True,0
26,2025-02-12,38,active,low,True,False,False,True,0
27,2025-10-16,27,super_active,high,False,False,True,True,2
28,2025-04-07,34,super_active,high,True,False,True,True,0
29,2025-02-24,40,active,low,False,False,True,True,1
30,2025-09-08,42,medium,medium,True,False,False,False,1
31,2025-11-02,59,super_active,medium,False,False,True,True,1
32,2024-04-10,42,active,medium,True,False,True,True,1
33,2025-09-07,57,super_active,low,True,True,False,True,2
34,2025-09-10,47,medium,low,True,True,False,True,1
35,2025-06-10,64,medium,low,False,False,True,True,0
36,2024-01-17,54,active,medium,False,True,True,True,1
37,2024-08-06,35,active,low,True,False,True,True,1
38,2025-10-26,47,low,medium,False,True,True,True,0
39,2024-10-09,34,one_time,high,True,False,True,True,1
40,2025-01-18,41,active,high,False,False,True,False,0
41,2025-01-28,65,medium,high,False,True,False,True,1
42,2025-07-31,47,active,high,True,False,False,True,2
43,2025-05-29,55,medium,high,False,True,True,True,2
44,2025-12-18,20,active,medium,True,False,True,True,1
45,2025-02-26,41,medium,medium,True,True,True,False,0
46,2024-04-09,30,low,medium,True,False,False,False,0
47,2025-09-18,33,active,low,False,True,True,True,3
48,2025-12-17,48,active,medium,False,False,False,False,2
49,2025-06-02,55,active,medium,False,False,True,True,0
50,2025-05-17,45,one_time,medium,False,False,True,True,3
51,2025-08-31,23,one_time,medium,True,False,True,False,2
52,2024-06-20,64,active,high,False,True,True,True,0
53,2024-12-17,51,active,high,True,True,True,True,2
54,2025-10-04,36,one_time,high,True,False,True,False,0
55,2025-02-12,53,medium,medium,False,False,True,False,1
56,2025-06-14,62,low,high,True,False,False,False,2
57,2025-07-20,42,low,medium,True,False,True,True,1
58,2024-07-15,60,active,low,False,False,False,False,1
59,2024-12-03,36,active,medium,False,True,True,True,3
60,2025-08-16,28,medium,high,False,False,True,True,1
61,2024-11-25,63,medium,low,False,True,True,True,3
62,2025-06-02,30,active,medium,False,True,True,True,1
63,2024-04-14,56,low,high,False,False,True,True,2
64,2024-09-03,48,active,high,False,False,True,False,2
65,2025-05-17,53,low,medium,False,False,True,False,2
66,2025-01-04,50,active,medium,True,False,True,True,1
67,2025-04-06,48,active,low,True,True,True,True,0
68,2025-03-07,46,active,low,True,False,True,False,2
69,2024-10-22,28,medium,low,True,False,True,True,2
70,2025-11-24,22,active,medium,True,True,False,False,2
71,2024-12-31,53,low,high,True,False,False,True,0
72,2025-06-13,35,one_time,high,False,False,True,True,0
73,2025-07-18,56,low,low,True,False,True,False,1
74,2025-05-23,22,super_active,medium,False,False,True,False,2
75,2024-05-10,25,low,medium,True,False,False,True,0
76,2024-04-13,35,low,medium,True,False,True,True,1
77,2024-08-27,52,active,medium,True,False,False,True,1
78,2025-03-30,24,medium,high,False,False,True,False,1
79,2025-09-11,25,medium,high,True,True,True,True,3
80,2025-10-24,62,active,low,False,False,True,True,1
81,2025-12-25,60,active,medium,True,False,False,True,3
82,2024-01-31,37,low,medium,False,False,False,False,2
83,2025-02-04,41,medium,medium,False,False,False,False,0
84,2025-01-13,48,low,medium,False,True,True,True,1
85,2024-11-25,35,medium,medium,True,False,True,True,1
86,2024-11-25,47,medium,low,True,False,True,False,1
87,2024-07-02,29,super_active,low,True,False,False,True,1
88,2025-05-30,20,medium,low,False,True,True,True,1
89,2024-08-07,52,medium,medium,True,True,False,True,0
90,2024-02-27,63,super_active,low,True,False,True,False,2
91,2024-03-07,54,medium,low,True,False,True,True,0
92,2025-06-14,44,medium,medium,False,True,True,False,1
93,2025-06-14,57,active,medium,True,False,True,False,1
94,2025-09-13,64,medium,medium,False,False,True,True,0
95,2024-03-28,24,active,medium,True,False,False,True,0
96,2025-12-25,41,low,medium,False,True,True,True,1
97,2025-09-18,26,low,medium,True,False,True,True,2
98,2025-09-09,63,medium,medium,False,True,True,False,0
99,2025-07-01,37,active,medium,True,True,False,True,2
100,2025-04-05,54,active,low,True,True,False,True,2
101,2024-11-25,27,super_active,high,True,False,False,False,0
102,2024-02-17,34,medium,low,False,True,False,True,3
103,2024-02-01,31,active,medium,True,False,False,True,0
104,2025-08-18,43,active,medium,False,True,True,False,0
105,2024-02-09,58,medium,medium,True,True,True,False,3
106,2024-05-29,33,active,high,True,False,True,True,3
107,2024-08-21,49,low,medium,True,True,True,True,3
108,2025-09-05,53,low,medium,True,False,True,True,0
109,2024-12-14,50,super_active,low,True,False,False,True,1
110,2025-02-18,55,active,low,False,True,True,True,2
111,2024-03-22,32,low,high,False,False,True,False,3
112,2024-09-29,34,active,medium,True,False,True,False,0
113,2024-01-23,36,active,low,False,False,False,False,1
114,2024-10-04,46,one_time,high,True,False,False,False,1
115,2025-02-16,65,low,medium,True,True,True,True,1
116,2024-06-04,42,medium,medium,True,False,True,False,1
117,2024-12-27,54,medium,medium,False,False,False,True,1
118,2025-03-24,32,super_active,high,True,True,True,False,1
119,2024-01-25,36,super_active,medium,True,True,False,False,2
120,2025-09-19,54,active,high,False,False,True,False,3
121,2024-10-06,41,low,low,False,False,False,True,1
122,2025-07-27,65,active,low,False,False,True,True,2
123,2025-02-11,41,medium,medium,True,False,False,True,2
124,2024-02-15,56,active,low,True,False,True,True,3
125,2024-01-14,64,active,high,True,False,True,True,1
126,2025-05-15,48,low,low,True,False,True,False,1
127,2024-09-16,48,active,low,True,False,True,False,1
128,2024-09-15,22,medium,high,True,True,False,True,2
129,2024-08-14,60,active,medium,True,False,True,False,1
130,2024-08-22,24,medium,high,False,True,True,True,0
131,2024-02-07,56,medium,low,False,False,True,False,2
132,2024-11-09,42,low,medium,True,True,True,False,2
133,2024-07-16,37,active,low,True,True,True,True,1
134,2024-12-31,62,super_active,low,False,True,True,False,2
135,2024-06-21,43,low,medium,True,False,True,True,2
136,2025-02-14,27,active,medium,True,False,True,False,1
137,2024-04-17,37,active,high,True,True,True,False,3
138,2024-02-10,62,one_time,high,True,False,False,True,1
139,2024-03-12,22,one_time,low,True,True,True,False,2
140,2024-09-14,34,super_active,high,False,False,False,True,2
141,2024-02-14,42,low,medium,True,False,True,False,2
142,2025-05-01,47,low,medium,False,False,False,True,0
143,2024-08-12,28,low,medium,True,True,True,True,0
144,2024-11-19,25,active,low,True,False,True,False,1
145,2025-01-14,25,one_time,medium,True,False,True,False,2
146,2025-08-26,54,active,low,True,False,False,True,0
147,2024-11-23,36,active,medium,True,False,False,True,0
148,2024-01-03,62,low,high,False,True,True,False,1
149,2024-02-29,25,one_time,high,False,True,True,True,1
150,2024-08-20,29,super_active,high,True,False,False,True,2
151,2025-04-01,40,active,medium,True,False,False,True,3
152,2024-03-29,43,super_active,low,True,False,True,False,1
153,2024-10-07,59,active,high,True,False,True,True,0
154,2024-11-23,64,active,medium,True,True,False,True,2
155,2025-04-29,37,active,high,True,False,True,False,0
156,2024-01-01,22,low,low,True,False,False,True,3
157,2025-12-24,63,super_active,high,True,False,True,True,1
158,2025-06-20,58,medium,high,True,False,True,False,3
159,2024-12-17,58,medium,high,False,False,False,True,0
160,2025-10-21,33,active,low,True,True,True,False,3
161,2025-07-04,24,active,medium,True,True,True,False,0
162,2024-06-02,32,one_time,low,True,True,True,True,0
163,2025-09-02,36,active,medium,False,True,False,True,0
164,2024-09-19,61,medium,high,True,True,False,False,0
165,2024-08-25,29,super_active,medium,False,False,False,True,1
166,2024-12-06,41,active,low,False,True,True,True,2
167,2025-08-18,19,low,high,True,False,True,False,2
168,2024-02-11,25,medium,high,True,False,True,False,0
169,2025-01-05,23,super_active,medium,True,True,True,True,1
170,2024-10-04,29,low,medium,True,False,True,True,1
171,2024-04-27,58,active,low,True,False,True,False,2
172,2024-05-29,39,medium,medium,False,False,True,False,2
173,2024-01-01,28,active,medium,True,False,True,False,1
174,2025-08-08,57,active,low,True,False,True,False,0
175,2025-11-23,24,active,medium,True,False,True,False,0
176,2025-07-31,54,active,medium,True,False,True,False,2
177,2025-04-22,38,medium,high,False,False,True,False,1
178,2024-11-10,40,active,medium,True,True,True,False,0
179,2024-03-09,21,medium,medium,True,False,True,True,0
180,2024-05-18,25,low,low,True,False,True,True,1
181,2025-01-24,24,low,medium,True,True,True,False,2
182,2025-05-13,27,medium,medium,True,False,True,True,0
183,2025-07-16,60,super_active,medium,True,True,True,True,1
184,2025-04-15,20,low,low,True,False,True,False,1
185,2025-12-31,19,low,low,True,True,True,True,2
186,2025-03-25,43,medium,low,False,False,True,True,2
187,2024-02-13,64,medium,medium,False,False,True,True,1
188,2024-06-28,37,low,low,True,True,True,False,2
189,2025-05-28,32,medium,medium,True,False,False,True,1
190,2024-06-13,44,medium,high,False,True,True,False,2
191,2025-11-01,49,low,low,False,True,True,True,1
192,2025-10-02,42,active,low,True,False,False,True,1
193,2024-11-18,37,active,medium,True,True,False,False,1
194,2025-06-07,65,low,low,True,False,True,False,0
195,2024-12-04,24,active,medium,True,False,False,True,1
196,2025-11-28,47,active,low,False,False,True,True,1
197,2025-04-12,26,active,low,True,True,True,True,0
198,2024-10-27,44,active,low,True,False,True,False,2
199,2024-06-08,41,super_active,low,True,True,False,False,0
200,2025-12-03,48,one_time,medium,False,True,True,False,3
201,2024-01-15,34,active,medium,True,False,True,False,1
202,2024-11-30,38,super_active,medium,False,True,False,True,0
203,2024-09-02,40,low,high,True,False,False,True,2
204,2024-04-20,37,medium,medium,True,False,True,True,0
205,2025-06-03,46,active,medium,False,False,True,False,2
206,2024-03-25,52,super_active,medium,False,True,True,False,1
207,2024-08-13,38,super_active,high,False,True,True,False,2
208,2025-03-02,57,super_active,low,True,False,True,True,0
209,2025-03-06,35,active,medium,True,False,True,False,2
210,2025-03-02,19,active,high,True,False,True,True,1
211,2024-02-03,39,medium,low,True,False,False,True,1
212,2025-04-05,55,super_active,high,False,False,True,False,2
213,2025-11-08,36,super_active,low,False,True,False,True,0
214,2025-05-23,45,super_active,low,True,False,True,False,1
215,2025-06-14,60,medium,low,False,False,True,True,2
216,2025-10-13,47,active,high,False,False,True,False,2
217,2024-04-24,28,active,low,False,False,True,True,1
218,2025-12-11,24,medium,medium,False,False,True,True,2
219,2025-03-31,65,low,medium,False,True,True,False,3
220,2025-02-16,29,active,high,True,True,True,False,1
221,2024-05-09,28,low,high,True,True,True,False,1
222,2024-07-16,49,low,low,False,True,True,True,1
223,2025-12-19,54,super_active,high,True,True,False,True,1
224,2025-01-02,35,medium,high,True,False,True,True,3
225,2025-04-30,39,active,high,False,False,True,False,0
226,2025-07-08,29,low,low,True,True,True,False,1
227,2025-04-26,62,medium,medium,False,True,False,True,1
228,2025-03-28,63,super_active,low,False,True,True,False,0
229,2024-10-25,24,medium,high,False,True,True,True,1
230,2024-08-31,61,low,low,True,False,False,False,0
231,2025-03-11,36,active,medium,True,True,True,True,1
232,2025-12-09,63,low,medium,False,False,True,True,1
233,2025-09-09,25,medium,medium,True,True,True,False,2
234,2025-12-27,45,medium,medium,False,False,True,True,1
235,2025-04-19,19,active,medium,True,True,False,True,1
236,2024-10-24,21,active,medium,True,True,True,True,1
237,2025-12-06,22,low,high,False,False,True,True,1
238,2024-08-28,58,active,medium,False,False,True,False,1
239,2024-06-05,49,super_active,medium,False,False,True,False,0
240,2025-02-15,51,active,low,True,True,True,True,0
241,2025-09-09,18,low,medium,True,False,True,False,1
242,2024-03-16,18,low,low,False,False,True,True,3
243,2024-08-10,40,super_active,low,False,True,False,True,2
244,2024-04-12,43,super_active,medium,True,True,True,True,2
245,2024-08-06,60,super_active,low,True,True,True,True,1
246,2024-10-29,64,medium,medium,True,False,True,True,0
247,2024-02-01,60,one_time,medium,False,True,True,False,3
248,2025-02-24,41,super_active,low,True,True,True,True,1
249,2024-11-01,63,super_active,low,True,False,True,True,0
250,2024-04-05,42,super_active,medium,False,False,True,True,2
251,2024-05-16,36,super_active,low,True,False,True,True,0
252,2024-08-26,63,super_active,medium,True,False,True,True,2
253,2024-01-07,54,medium,low,True,True,True,True,1
254,2025-10-24,40,medium,medium,False,False,True,True,1
255,2025-12-22,29,active,high,True,False,True,False,2
256,2024-05-25,48,medium,medium,False,False,True,True,0
257,2024-12-01,38,active,high,False,True,False,False,0
258,2025-02-13,44,low,high,True,False,True,True,1
259,2025-11-26,44,low,high,False,False,False,False,0
260,2025-09-20,60,active,medium,False,False,False,False,3
261,2025-09-23,21,active,low,True,False,False,True,1
262,2024-05-13,63,active,medium,False,False,True,False,0
263,2025-02-05,48,medium,high,True,True,True,False,1
264,2024-02-21,27,active,low,False,True,True,True,2
265,2024-10-01,54,medium,low,True,False,False,False,3
266,2025-11-02,51,low,low,True,False,True,True,1
267,2024-01-11,18,low,high,True,False,True,True,1
268,2025-04-16,43,active,high,True,True,False,True,0
269,2024-06-21,36,medium,low,True,False,True,True,0
270,2024-11-14,35,medium,high,False,False,True,False,1
271,2024-08-06,21,super_active,low,False,True,False,False,1
272,2024-04-18,20,super_active,medium,False,False,True,True,1
273,2025-09-24,57,medium,high,False,False,True,True,0
274,2024-04-20,55,low,medium,False,True,True,True,2
275,2024-02-05,48,super_active,low,False,False,True,True,0
276,2025-02-11,34,active,low,False,True,False,True,1
277,2025-01-30,42,active,low,True,True,True,False,0
278,2025-09-19,24,active,low,False,False,True,False,0
279,2025-01-21,65,medium,low,False,True,False,False,1
280,2024-07-15,29,active,low,False,False,False,True,0
281,2025-05-17,38,super_active,medium,True,False,False,False,1
282,2025-07-17,56,active,high,True,False,False,True,1
283,2025-04-25,18,active,medium,True,True,True,True,1
284,2025-12-23,51,low,low,True,False,True,True,1
285,2025-07-20,31,medium,medium,False,False,True,True,2
286,2025-01-24,50,medium,low,True,False,True,True,0
287,2025-06-27,25,medium,low,False,False,False,False,0
288,2024-04-04,35,super_active,medium,False,False,True,True,3
289,2025-02-15,33,low,medium,True,True,False,True,0
290,2024-05-22,26,medium,medium,True,False,True,True,0
291,2025-06-28,53,active,high,False,False,True,True,2
292,2025-12-13,29,medium,medium,True,True,True,True,0
293,2025-07-03,24,super_active,high,True,False,True,True,1
294,2025-03-26,34,active,medium,True,True,True,True,2
295,2024-10-24,55,super_active,medium,True,True,False,True,1
296,2024-06-24,51,super_active,high,False,False,False,True,0
297,2025-09-04,46,active,low,True,False,False,True,3
298,2024-08-21,34,active,medium,True,False,True,True,1
299,2024-08-23,26,one_time,high,True,False,True,True,1
300,2024-02-10,54,active,low,False,True,True,False,2
301,2024-05-15,63,low,low,True,True,True,False,1
302,2024-12-18,40,active,high,False,True,False,True,1
303,2024-09-12,53,active,high,True,False,True,True,0
304,2025-10-04,38,super_active,high,True,True,True,False,1
305,2024-07-16,59,super_active,medium,False,True,True,False,1
306,2024-02-28,40,super_active,low,True,True,False,False,2
307,2025-03-01,53,active,low,False,False,True,True,1
308,2024-09-26,22,one_time,medium,True,False,False,False,2
309,2025-02-17,53,active,medium,True,True,False,False,1
310,2025-09-15,54,medium,high,False,False,True,True,1
311,2024-01-15,23,active,medium,False,False,False,True,1
312,2025-08-06,61,medium,low,False,False,True,True,1
313,2024-11-20,47,active,low,True,False,True,True,1
314,2024-05-26,29,medium,medium,True,False,True,False,0
315,2025-06-16,33,active,medium,False,False,False,False,2
316,2025-08-20,50,medium,low,False,True,True,False,1
317,2024-07-15,19,low,low,False,True,True,False,0
318,2025-09-05,23,super_active,high,True,False,False,True,1
319,2025-12-16,27,medium,high,True,True,True,True,3
320,2024-06-13,34,medium,medium,True,False,True,True,1
321,2025-03-12,54,active,medium,False,False,True,True,0
322,2025-05-11,33,active,high,True,False,False,True,0
323,2024-09-21,49,active,medium,False,False,True,False,2
324,2024-04-19,33,active,high,True,False,True,True,3
325,2024-08-10,45,medium,medium,True,False,True,False,0
326,2025-02-03,41,low,medium,False,False,True,True,1
327,2024-11-02,50,low,high,True,True,False,True,1
328,2025-03-16,30,super_active,low,False,False,True,True,1
329,2025-01-08,55,active,high,True,True,True,True,1
330,2025-07-07,25,medium,high,False,False,False,True,2
331,2025-07-26,27,super_active,medium,True,False,True,True,2
332,2025-05-28,49,medium,medium,True,False,True,False,1
333,2025-01-31,36,medium,high,True,False,True,True,2
334,2025-04-09,25,medium,medium,True,False,True,True,3
335,2024-05-07,32,medium,medium,False,True,True,False,3
336,2025-05-11,53,active,medium,True,False,True,True,1
337,2024-05-24,22,low,medium,True,True,True,True,1
338,2025-05-25,49,active,low,True,False,True,False,0
339,2025-08-09,24,medium,medium,True,False,True,False,0
340,2024-06-09,60,active,medium,False,False,True,True,0
341,2025-03-02,23,active,medium,True,True,False,True,2
342,2024-04-13,49,super_active,high,True,False,False,False,0
343,2024-05-19,20,medium,high,True,False,False,False,0
344,2024-02-17,27,active,low,False,True,True,True,3
345,2025-03-28,26,medium,low,False,False,False,True,2
346,2024-06-21,53,super_active,low,True,False,True,False,2
347,2025-03-19,40,active,medium,True,False,True,True,1
348,2024-12-14,59,medium,low,True,True,True,False,0
349,2025-02-15,48,medium,high,True,False,True,True,0
350,2024-10-06,20,medium,high,True,True,True,False,0
351,2025-08-16,27,active,high,False,False,True,False,1
352,2024-08-30,25,one_time,medium,True,True,True,True,1
353,2024-05-15,38,medium,low,True,True,True,False,2
354,2025-08-18,25,super_active,medium,True,False,True,True,1
355,2025-08-09,22,active,low,False,False,True,True,2
356,2025-04-02,61,medium,high,False,False,True,False,2
357,2025-07-12,39,active,low,True,False,False,True,2
358,2024-02-10,63,active,medium,False,True,True,True,1
359,2024-12-15,64,medium,medium,True,False,False,True,2
360,2024-05-27,20,active,high,False,False,True,False,1
361,2025-10-03,28,active,low,True,False,True,False,0
362,2024-03-10,24,super_active,medium,True,False,True,True,1
363,2025-07-03,37,super_active,low,True,False,True,False,0
364,2024-10-12,48,medium,high,True,True,True,True,3
365,2024-03-19,33,active,medium,True,False,False,False,1
366,2025-11-05,49,low,high,True,False,True,True,2
367,2025-08-20,27,medium,medium,True,False,False,False,2
368,2025-01-15,33,medium,medium,False,False,True,False,3
369,2025-08-13,31,medium,medium,False,False,True,False,2
370,2024-10-31,22,medium,low,True,False,True,False,1
371,2025-02-06,48,low,high,True,False,True,False,2
372,2025-05-31,41,active,low,False,True,True,True,1
373,2025-07-03,30,active,high,True,False,True,True,1
374,2024-07-30,34,active,high,False,False,True,False,2
375,2024-04-22,45,low,low,True,False,True,False,2
376,2024-05-20,40,low,low,True,False,True,True,0
377,2024-06-02,49,active,high,True,False,True,True,2
378,2025-04-13,31,super_active,high,True,False,True,True,0
379,2025-03-08,58,super_active,low,False,False,True,False,0
380,2025-09-21,57,low,medium,True,True,False,True,0
381,2025-04-25,18,super_active,medium,False,False,True,True,1
382,2024-04-15,20,low,low,True,True,False,True,1
383,2024-03-04,38,medium,medium,True,False,True,True,0
384,2025-02-12,55,low,low,True,False,True,True,1
385,2025-04-15,62,medium,low,True,True,False,True,3
386,2024-12-27,22,active,medium,True,False,False,False,1
387,2025-03-07,51,super_active,medium,True,False,True,False,2
388,2024-05-16,33,medium,low,True,False,True,False,2
389,2025-08-31,24,active,low,True,False,True,True,1
390,2024-10-06,64,low,medium,True,False,False,False,1
391,2025-02-04,39,super_active,medium,False,False,True,False,2
392,2025-07-22,31,active,high,True,False,True,True,0
393,2024-08-15,45,one_time,high,False,False,True,True,1
394,2025-05-25,27,medium,low,True,False,True,True,2
395,2025-06-28,36,medium,medium,False,False,True,False,3
396,2024-06-28,64,medium,high,True,False,False,True,3
397,2025-05-04,49,active,medium,False,False,True,False,0
398,2024-09-16,38,one_time,medium,True,True,True,False,3
399,2024-10-31,19,super_active,high,True,False,True,True,0
400,2024-11-25,31,super_active,low,True,False,False,True,1
401,2024-07-02,25,medium,low,False,True,False,True,0
402,2024-05-29,34,active,medium,False,True,False,False,0
403,2024-01-02,49,low,high,True,False,True,False,0
404,2025-07-09,55,active,medium,False,False,True,False,1
405,2025-07-17,59,one_time,medium,False,False,True,True,2
406,2024-03-30,46,medium,low,True,True,True,False,0
407,2025-12-29,32,medium,high,True,True,True,False,1
408,2025-07-13,27,active,medium,False,False,False,False,0
409,2025-04-03,65,active,medium,False,True,True,True,1
410,2024-08-23,53,one_time,low,False,False,True,True,0
411,2024-09-26,61,super_active,medium,False,True,True,True,0
412,2024-09-26,42,low,high,True,True,True,False,2
413,2025-10-21,52,medium,high,False,False,False,True,1
414,2024-10-05,64,active,low,False,False,True,False,1
415,2025-07-26,63,medium,medium,True,True,False,True,1
416,2024-01-31,26,one_time,medium,True,True,False,False,0
417,2024-01-19,22,medium,low,True,False,True,False,0
418,2025-03-17,38,active,medium,False,False,True,False,1
419,2024-02-03,27,active,low,True,True,False,True,0
420,2025-05-18,57,active,high,False,True,True,True,2
421,2024-03-13,62,active,medium,False,True,True,True,1
422,2024-07-13,32,medium,high,True,True,True,True,1
423,2025-01-07,22,medium,low,False,False,False,True,1
424,2025-10-30,26,medium,low,False,False,False,False,2
425,2024-05-05,37,super_active,high,True,False,False,True,2
426,2024-06-29,18,active,high,False,False,True,True,0
427,2025-06-24,46,active,medium,False,False,False,False,2
428,2025-05-22,28,super_active,high,True,True,True,True,2
429,2025-03-30,53,medium,high,False,False,True,True,0
430,2025-09-09,23,one_time,medium,False,False,False,False,0
431,2025-10-20,19,medium,low,False,True,False,False,3
432,2025-03-09,56,super_active,medium,True,False,True,True,2
433,2025-12-13,37,active,low,False,False,True,False,0
434,2025-07-07,45,super_active,low,True,False,True,True,0
435,2025-06-17,61,low,medium,True,False,False,True,1
436,2025-10-10,42,super_active,high,True,True,True,True,1
437,2024-02-14,41,medium,high,True,False,True,False,1
438,2024-05-22,45,low,high,True,True,True,False,1
439,2024-10-19,38,active,medium,True,False,True,False,0
440,2024-10-13,32,medium,low,True,False,True,True,0
441,2024-10-09,23,medium,low,True,False,False,False,3
442,2024-11-08,51,medium,medium,True,True,True,False,0
443,2024-10-02,56,active,medium,True,False,True,False,2
444,2024-08-08,49,low,high,False,False,True,False,0
445,2025-11-15,28,active,high,False,False,True,True,1
446,2025-03-21,50,low,low,True,False,True,True,0
447,2024-04-26,55,active,high,False,True,True,False,1
448,2025-09-25,20,active,low,True,False,True,True,3
449,2025-08-10,51,active,high,True,False,True,True,2
450,2024-12-23,22,medium,medium,False,False,False,False,1
451,2024-01-03,54,super_active,high,True,False,True,False,2
452,2025-05-29,50,one_time,low,False,False,False,True,1
453,2025-11-09,39,medium,high,False,True,True,False,0
454,2024-08-10,28,one_time,high,True,False,False,True,1
455,2025-01-06,19,active,medium,False,False,False,False,2
456,2024-06-02,28,medium,medium,True,False,True,False,1
457,2024-02-23,64,medium,low,False,False,False,False,2
458,2024-10-10,42,medium,medium,False,False,True,True,1
459,2024-12-27,51,active,high,False,True,False,True,1
460,2024-09-27,31,low,high,False,False,True,True,1
461,2024-08-08,52,one_time,medium,True,True,True,True,0
462,2024-07-12,49,active,low,False,False,True,True,0
463,2024-07-22,32,low,high,True,False,True,True,1
464,2024-07-02,45,super_active,high,True,True,True,True,1
465,2024-11-23,51,low,medium,False,False,False,True,1
466,2025-09-16,46,active,medium,True,True,True,True,2
467,2025-11-19,48,active,low,True,False,True,True,2
468,2024-04-04,49,active,high,False,False,True,False,0
469,2025-09-24,29,active,medium,True,False,False,True,0
470,2025-10-28,37,medium,medium,False,True,True,True,3
471,2025-11-26,32,one_time,medium,False,False,True,True,3
472,2024-11-09,25,active,low,True,False,True,True,2
473,2024-03-29,59,active,low,False,True,False,True,1
474,2025-03-26,47,medium,low,True,False,True,True,2
475,2025-10-30,43,active,high,False,False,True,True,0
476,2025-03-26,48,medium,high,False,False,False,True,0
477,2025-09-04,24,low,high,True,False,True,True,2
478,2024-03-11,32,low,medium,False,True,True,True,2
479,2024-08-06,45,medium,high,False,True,True,False,1
480,2025-07-09,25,medium,medium,True,False,True,False,1
481,2024-12-31,34,active,medium,True,False,True,True,0
482,2025-04-21,43,medium,medium,True,False,False,False,1
483,2024-11-29,39,active,high,True,False,True,True,0
484,2024-10-14,52,low,low,True,False,True,True,0
485,2025-07-22,51,active,high,True,True,True,False,0
486,2025-06-26,19,active,high,True,False,True,True,0
487,2025-04-27,21,medium,low,True,False,False,True,2
488,2024-01-26,25,medium,high,False,True,True,False,2
489,2024-07-18,56,medium,medium,True,False,False,True,3
490,2024-10-15,54,one_time,medium,True,False,False,True,1
491,2024-03-16,41,active,high,True,True,False,True,0
492,2024-02-12,25,active,high,False,False,True,True,3
493,2024-09-20,63,super_active,low,True,False,True,True,1
494,2025-12-18,56,medium,low,True,False,True,False,1
495,2025-12-16,29,one_time,low,True,False,True,False,1
496,2024-09-24,53,super_active,high,True,True,True,True,1
497,2024-04-30,44,one_time,medium,True,True,True,True,0
498,2024-09-04,26,low,high,False,False,False,True,0
499,2024-07-12,35,active,low,True,True,True,True,1
500,2024-07-21,60,active,low,False,True,False,True,0
501,2025-01-15,38,super_active,high,False,False,True,False,0
502,2025-01-09,60,one_time,high,True,False,True,True,1
503,2025-09-25,56,super_active,high,False,False,False,True,1
504,2025-05-29,38,active,high,False,False,True,True,0
505,2024-11-03,48,medium,high,False,False,True,False,1
506,2025-05-27,31,one_time,low,True,True,False,True,2
507,2025-05-09,62,active,medium,True,False,True,False,3
508,2025-01-02,63,active,medium,False,True,True,True,2
509,2024-07-01,64,active,low,True,False,False,True,1
510,2025-12-19,35,super_active,medium,True,False,True,True,3
511,2024-01-08,26,active,medium,False,False,True,True,1
512,2024-01-04,33,low,medium,False,False,False,True,3
513,2025-01-12,49,active,medium,False,False,True,True,1
514,2025-09-30,20,medium,high,True,True,True,False,1
515,2024-07-25,24,active,high,True,True,False,True,3
516,2024-03-29,39,super_active,high,True,False,True,True,3
517,2024-07-20,28,low,medium,False,False,False,True,1
518,2025-03-08,19,active,medium,True,False,True,True,3
519,2025-07-20,22,active,medium,True,False,True,True,1
520,2025-04-13,38,active,medium,True,False,False,False,0
521,2025-01-05,61,one_time,low,True,True,True,True,0
522,2025-09-07,54,medium,high,True,True,False,False,2
523,2025-03-22,30,active,medium,False,False,True,True,1
524,2024-10-06,35,one_time,high,True,True,False,False,2
525,2025-10-06,22,super_active,low,True,False,False,True,2
526,2024-01-06,19,medium,medium,True,False,True,True,0
527,2025-07-08,29,medium,high,True,True,True,True,0
528,2025-06-22,62,super_active,high,True,False,False,False,3
529,2024-06-10,22,low,medium,False,False,False,True,2
530,2025-09-27,33,low,low,False,True,True,True,0
531,2025-03-04,29,super_active,high,False,True,True,True,1
532,2025-08-12,61,active,medium,False,True,True,True,0
533,2024-02-15,59,active,low,True,True,True,False,0
534,2024-06-13,32,medium,medium,False,True,False,False,0
535,2025-09-14,43,medium,high,False,True,True,False,1
536,2025-02-04,31,active,low,False,False,True,False,0
537,2024-08-07,26,low,low,True,True,False,False,1
538,2025-02-26,35,active,medium,False,False,True,False,2
539,2025-06-16,22,medium,high,True,True,True,False,0
540,2025-07-08,33,active,medium,True,True,True,True,2
541,2024-07-03,57,medium,medium,True,True,False,False,1
542,2025-12-19,58,active,low,True,False,True,False,1
543,2025-12-21,54,medium,high,True,False,False,True,1
544,2024-02-20,59,active,low,True,False,True,False,2
545,2024-12-17,60,active,high,False,True,True,False,2
546,2025-09-26,18,super_active,low,True,True,True,True,0
547,2025-02-17,53,active,low,True,False,False,True,0
548,2025-01-20,35,medium,medium,True,False,False,False,1
549,2024-11-27,52,active,low,True,False,True,True,3
550,2025-03-18,18,one_time,medium,True,True,False,True,0
551,2025-03-20,27,super_active,high,True,False,True,False,1
552,2024-04-30,34,medium,low,True,False,True,False,1
553,2025-04-12,22,active,medium,True,True,True,True,0
554,2024-04-22,61,super_active,low,False,False,False,False,1
555,2024-10-10,40,medium,medium,True,False,True,True,1
556,2024-11-17,42,medium,low,True,True,True,True,2
557,2024-06-22,59,medium,medium,False,False,True,False,1
558,2024-05-24,36,super_active,high,False,False,True,True,1
559,2025-02-04,57,super_active,medium,False,False,True,False,1
560,2024-11-25,63,one_time,medium,True,False,True,True,0
561,2025-02-17,50,medium,low,False,False,False,True,2
562,2024-05-18,65,one_time,high,True,False,True,True,0
563,2025-10-01,23,super_active,high,False,False,True,False,3
564,2025-03-14,40,active,medium,True,False,True,False,2
565,2025-11-30,54,super_active,high,False,False,True,True,0
566,2025-09-25,60,active,medium,True,False,True,False,1
567,2024-12-11,29,active,low,True,False,True,True,2
568,2025-11-05,46,medium,medium,True,True,True,True,2
569,2025-04-10,29,super_active,low,False,False,False,True,3
570,2025-08-06,18,one_time,medium,False,True,True,True,0
571,2025-06-18,53,active,high,True,False,True,True,1
572,2025-11-23,26,low,high,False,True,True,True,3
573,2024-03-16,30,low,low,True,False,False,False,0
574,2025-10-20,26,one_time,medium,False,True,True,True,1
575,2024-03-16,44,active,medium,False,True,True,True,1
576,2025-10-27,25,active,medium,True,False,False,False,2
577,2024-03-07,33,super_active,low,False,False,True,True,0
578,2024-01-29,52,active,high,False,True,False,True,0
579,2025-10-16,38,active,medium,True,False,True,True,1
580,2024-10-08,53,active,medium,False,False,False,False,1
581,2024-09-29,46,medium,medium,True,True,True,False,0
582,2024-06-08,45,active,medium,True,False,True,False,1
583,2024-02-21,23,medium,low,True,False,False,True,3
584,2025-04-25,18,medium,low,True,False,True,True,2
585,2024-04-29,56,active,low,True,True,True,False,2
586,2025-02-17,55,super_active,medium,False,True,True,True,1
587,2024-02-19,40,super_active,high,True,False,False,True,1
588,2024-04-22,49,low,low,True,False,True,False,2
589,2024-01-14,48,super_active,low,True,False,True,False,0
590,2025-02-27,55,one_time,medium,True,False,False,True,0
591,2025-05-09,35,low,medium,True,True,True,False,0
592,2024-01-06,36,one_time,high,False,True,True,True,1
593,2024-01-12,32,low,medium,True,False,False,True,1
594,2024-01-06,29,low,low,False,True,False,True,0
595,2024-08-27,40,super_active,high,False,False,False,True,0
596,2025-09-11,46,active,low,False,False,True,True,1
597,2024-07-08,21,super_active,medium,True,True,True,True,1
598,2025-08-07,60,active,high,True,True,True,True,1
599,2024-02-20,63,low,medium,True,False,True,True,2
600,2024-07-26,56,medium,low,False,True,True,False,0
601,2025-07-31,63,medium,low,False,False,True,False,1
602,2024-08-28,20,super_active,medium,False,False,False,False,1
603,2025-04-01,30,medium,high,True,False,True,True,0
604,2024-04-23,53,low,high,True,False,False,True,3
605,2024-07-26,42,one_time,low,False,True,True,True,1
606,2024-11-07,22,low,medium,True,False,True,True,1
607,2024-09-20,47,active,medium,True,True,True,True,0
608,2024-02-29,37,active,medium,False,False,False,True,0
609,2024-12-25,58,active,low,True,False,True,True,2
610,2025-09-17,51,low,medium,True,False,False,True,2
611,2025-01-21,53,super_active,high,False,False,True,True,0
612,2025-08-11,51,active,medium,False,False,True,False,2
613,2025-02-20,52,low,medium,True,True,True,False,0
614,2024-10-05,23,medium,medium,False,True,False,True,0
615,2024-08-02,40,active,high,True,False,True,True,1
616,2025-11-27,52,low,low,True,True,False,False,0
617,2025-03-15,32,active,high,True,True,True,True,2
618,2024-04-25,26,medium,medium,True,True,True,True,1
619,2024-03-18,60,medium,low,False,False,True,True,1
620,2025-09-22,45,active,high,False,False,True,True,0
621,2025-10-26,40,low,low,True,False,False,True,1
622,2024-05-24,36,active,low,True,False,True,True,3
623,2024-06-03,20,active,high,False,False,True,True,1
624,2025-09-13,20,active,low,True,False,True,True,3
625,2024-12-14,35,low,high,True,False,False,True,1
626,2025-03-24,47,super_active,high,False,False,True,True,0
627,2025-02-18,51,active,high,True,True,True,True,2
628,2025-12-19,30,super_active,medium,False,False,True,True,0
629,2025-11-15,38,active,medium,True,False,False,True,1
630,2025-09-05,64,active,low,True,False,True,False,1
631,2024-05-10,27,medium,low,True,False,True,True,0
632,2025-05-30,54,low,high,True,False,True,True,1
633,2025-12-04,21,super_active,low,False,False,True,False,1
634,2024-06-07,50,active,medium,True,False,False,True,2
635,2025-04-18,62,low,low,True,True,True,False,1
636,2025-02-22,26,active,medium,False,False,True,False,0
637,2025-09-28,29,active,medium,True,False,True,True,1
638,2025-05-16,57,active,medium,False,True,False,False,1
639,2024-05-21,20,active,low,True,False,True,False,1
640,2024-03-29,32,low,medium,True,False,True,True,0
641,2025-10-05,64,low,high,True,False,True,True,2
642,2025-04-26,22,one_time,medium,True,True,False,False,0
643,2024-02-19,41,active,low,False,False,False,True,0
644,2024-10-10,41,active,high,True,False,True,False,3
645,2024-11-04,19,medium,medium,True,True,True,True,2
646,2025-02-16,36,super_active,low,True,False,True,False,0
647,2024-09-29,59,low,medium,True,False,True,True,1
648,2024-06-06,51,active,high,True,False,True,True,0
649,2024-02-17,24,medium,high,True,False,False,True,0
650,2024-11-10,24,low,low,True,False,True,False,1
651,2025-01-20,23,super_active,medium,True,False,False,True,2
652,2024-05-16,62,active,high,False,True,False,True,0
653,2024-06-22,24,active,medium,False,False,True,True,0
654,2024-11-21,46,super_active,medium,True,True,False,False,1
655,2024-07-25,49,active,medium,True,False,True,False,2
656,2025-08-14,55,low,low,False,True,True,True,0
657,2024-07-21,40,medium,medium,True,True,True,False,1
658,2025-09-07,58,active,low,True,False,True,True,0
659,2024-11-19,54,active,medium,False,False,False,True,0
660,2024-02-21,40,medium,medium,False,True,False,False,1
661,2024-11-29,29,super_active,medium,True,False,True,True,2
662,2025-02-14,43,active,medium,True,False,False,True,0
663,2024-11-22,47,super_active,low,True,True,True,False,0
664,2025-11-27,20,active,low,False,True,True,False,0
665,2025-07-22,57,medium,high,True,False,False,True,1
666,2025-07-20,24,medium,medium,False,True,False,True,1
667,2025-04-10,52,active,high,True,True,True,False,2
668,2024-01-19,34,medium,medium,True,True,True,True,3
669,2024-12-24,28,active,high,True,True,True,True,0
670,2024-09-18,64,super_active,medium,False,True,True,True,3
671,2025-04-02,34,medium,low,True,True,True,False,1
672,2025-05-10,38,medium,low,True,False,False,True,3
673,2024-01-13,64,medium,high,True,True,True,True,0
674,2025-01-20,18,medium,low,False,False,True,False,2
675,2024-11-20,23,active,medium,True,False,True,True,1
676,2024-09-08,46,medium,medium,False,True,False,False,1
677,2024-03-27,60,medium,medium,False,False,True,True,1
678,2025-09-29,58,active,medium,False,False,True,True,0
679,2024-04-04,65,low,medium,True,False,False,True,1
680,2025-10-23,43,low,low,False,True,True,True,0
681,2024-02-22,25,active,medium,False,True,False,True,1
682,2024-06-26,49,active,medium,True,False,True,False,0
683,2024-10-25,57,active,high,True,True,True,True,0
684,2025-03-21,62,low,medium,True,False,True,True,1
685,2025-03-30,51,medium,low,True,False,True,False,2
686,2024-07-11,50,low,high,False,False,True,False,2
687,2025-06-28,47,super_active,low,False,False,False,False,2
688,2025-03-09,65,medium,high,True,False,True,False,1
689,2025-01-12,54,medium,medium,False,False,True,False,1
690,2025-07-11,63,active,high,False,True,True,True,1
691,2025-02-22,31,active,high,False,False,False,True,1
692,2025-07-05,45,medium,medium,False,True,True,False,2
693,2025-04-27,49,low,low,True,False,True,True,0
694,2025-03-08,65,low,medium,False,True,True,False,0
695,2024-02-28,39,medium,high,False,False,True,True,3
696,2024-08-11,55,low,low,False,True,False,False,1
697,2024-08-14,28,super_active,low,False,True,True,False,1
698,2024-01-28,36,low,low,True,False,True,True,3
699,2024-02-23,54,active,low,True,False,True,False,1
700,2025-01-31,54,super_active,low,True,False,True,True,0
701,2025-09-22,18,medium,high,True,False,True,True,0
702,2024-09-03,34,medium,high,False,True,False,False,3
703,2024-07-04,59,super_active,high,True,False,True,True,1
704,2024-05-30,23,one_time,low,True,False,True,True,0
705,2024-06-25,37,medium,high,True,True,False,False,0
706,2025-11-27,62,low,high,True,False,True,True,1
707,2024-11-05,47,active,high,True,False,True,True,1
708,2025-07-04,30,active,high,False,False,True,False,1
709,2025-12-08,63,super_active,medium,False,False,True,True,3
710,2025-06-18,53,medium,high,False,True,True,False,1
711,2025-01-18,56,super_active,high,True,False,True,True,0
712,2024-06-11,45,low,medium,True,False,True,True,2
713,2025-03-02,30,low,low,False,False,True,True,2
714,2025-08-01,42,active,medium,False,False,False,True,0
715,2024-12-02,19,active,high,False,True,False,True,0
716,2024-05-04,31,low,high,False,True,True,True,0
717,2024-12-15,31,super_active,medium,True,False,True,True,1
718,2024-05-31,21,medium,low,True,False,False,True,0
719,2025-11-20,34,active,medium,True,True,False,False,1
720,2024-04-02,62,active,medium,False,False,True,True,0
721,2024-08-29,44,super_active,low,True,False,False,True,0
722,2024-06-02,57,low,medium,True,True,True,True,2
723,2025-12-28,53,active,medium,False,True,True,True,0
724,2025-02-09,19,low,medium,False,True,True,True,3
725,2024-07-08,65,super_active,high,True,False,True,False,1
726,2025-11-18,29,medium,high,True,True,True,True,2
727,2025-01-12,46,medium,medium,False,True,True,True,0
728,2024-02-09,54,super_active,low,True,False,False,True,0
729,2025-06-14,36,one_time,high,True,False,True,True,3
730,2024-04-26,40,active,high,False,True,True,True,0
731,2024-09-05,49,active,medium,True,True,True,False,2
732,2024-01-08,62,low,medium,False,False,False,True,2
733,2025-07-09,53,super_active,low,True,False,True,False,3
734,2024-05-15,39,active,high,True,True,True,False,0
735,2024-09-06,55,super_active,medium,False,False,True,True,1
736,2025-03-21,31,active,medium,True,True,True,True,1
737,2024-04-02,28,medium,low,True,False,True,True,1
738,2024-11-05,51,medium,medium,False,False,True,False,0
739,2025-07-06,65,active,medium,True,True,False,True,1
740,2025-02-02,35,medium,high,False,True,True,False,1
741,2025-12-24,51,super_active,medium,False,False,True,False,0
742,2024-09-02,22,super_active,medium,True,True,True,True,1
743,2024-07-14,20,active,high,True,False,True,False,3
744,2025-11-17,62,active,high,True,False,True,True,1
745,2025-05-10,55,super_active,low,True,False,True,False,1
746,2024-08-09,65,active,medium,False,False,True,True,1
747,2025-02-01,19,low,high,True,False,True,True,1
748,2024-03-24,63,active,medium,True,True,True,True,1
749,2025-01-03,64,low,high,True,False,True,False,1
750,2024-12-27,46,low,high,False,False,False,False,2
751,2024-09-14,36,medium,low,False,False,True,True,1
752,2024-06-06,40,medium,high,False,True,False,False,2
753,2025-10-23,29,low,high,True,False,False,True,1
754,2025-10-23,36,medium,low,True,True,True,False,1
755,2025-08-16,39,super_active,low,True,False,False,False,2
756,2025-07-14,45,one_time,low,True,False,True,True,1
757,2025-09-27,57,low,low,True,False,True,True,0
758,2024-01-08,31,medium,medium,False,False,True,False,0
759,2024-04-02,19,super_active,medium,True,False,False,True,2
760,2024-04-13,55,medium,medium,False,True,True,True,0
761,2025-10-11,38,active,low,False,False,False,True,2
762,2024-12-04,38,active,high,True,True,True,False,1
763,2025-03-09,39,low,high,True,False,True,False,1
764,2024-04-01,23,super_active,high,False,True,False,False,3
765,2025-07-24,21,low,high,True,False,True,True,3
766,2025-03-12,52,active,high,True,False,True,True,1
767,2025-12-22,60,super_active,medium,True,False,False,True,1
768,2024-05-09,28,super_active,high,False,False,True,True,1
769,2024-11-02,46,medium,high,True,True,True,False,3
770,2025-03-10,42,active,high,True,False,True,False,0
771,2024-09-10,23,medium,high,True,False,True,False,2
772,2025-08-29,55,active,high,True,True,True,False,1
773,2025-02-11,43,super_active,medium,False,False,True,False,0
774,2024-06-20,34,active,high,False,False,False,True,0
775,2025-01-13,41,active,high,False,False,False,True,3
776,2024-03-28,24,active,medium,True,True,True,True,0
777,2025-10-14,52,active,medium,True,True,True,True,2
778,2025-08-22,24,active,medium,True,True,False,False,1
779,2025-10-11,51,active,low,True,False,True,False,3
780,2025-01-16,33,active,high,True,True,True,False,0
781,2024-11-30,48,super_active,high,True,True,True,False,1
782,2024-08-28,40,medium,high,False,False,True,False,2
783,2024-11-27,22,active,high,True,False,True,True,2
784,2025-05-29,48,super_active,high,False,False,False,True,0
785,2025-08-29,40,one_time,medium,True,False,False,False,2
786,2025-08-06,24,one_time,high,False,True,False,True,0
787,2024-04-29,44,low,high,False,False,False,False,2
788,2024-11-04,63,super_active,medium,True,True,False,True,1
789,2025-01-19,22,active,high,True,False,True,True,0
790,2025-09-11,33,medium,low,False,False,True,True,0
791,2024-04-14,60,medium,high,True,True,False,False,3
792,2025-07-04,47,one_time,low,True,False,False,True,2
793,2025-04-18,60,super_active,high,True,True,True,False,0
794,2025-09-25,30,medium,low,True,False,True,False,0
795,2024-01-12,59,medium,medium,True,True,True,True,1
796,2024-02-14,58,super_active,high,False,False,True,False,1
797,2025-06-17,39,active,low,False,False,True,True,0
798,2025-08-21,58,medium,medium,True,False,True,False,0
799,2024-05-02,61,medium,high,True,True,True,True,2
800,2025-04-24,31,low,medium,False,True,False,True,0
801,2024-05-23,18,medium,high,True,False,False,False,0
802,2024-07-22,24,super_active,high,True,True,True,False,3
803,2024-11-08,51,active,medium,False,False,False,True,1
804,2025-07-16,51,active,high,True,False,True,False,0
805,2024-04-29,18,active,low,True,True,True,True,0
806,2025-01-04,51,active,low,True,True,True,True,0
807,2025-12-04,35,active,low,False,False,False,True,0
808,2024-05-17,47,active,medium,True,False,True,False,0
809,2025-01-22,52,active,low,True,False,True,True,0
810,2024-02-23,39,active,high,True,False,True,True,1
811,2024-08-13,18,medium,low,True,True,False,True,2
812,2025-09-13,30,medium,medium,True,False,True,True,1
813,2025-01-05,50,medium,low,True,False,True,True,0
814,2025-02-25,49,active,low,False,False,True,False,0
815,2024-08-22,48,medium,medium,True,False,False,False,1
816,2024-02-12,21,active,medium,False,True,False,False,1
817,2024-10-31,34,low,medium,False,True,False,False,1
818,2024-11-28,44,active,medium,False,False,True,True,2
819,2025-10-13,33,active,low,True,False,True,True,1
820,2024-04-17,55,medium,medium,False,False,True,True,2
821,2025-11-13,45,medium,low,True,False,False,False,0
822,2025-03-17,26,medium,medium,True,False,False,True,2
823,2024-01-04,48,medium,medium,False,False,True,True,0
824,2024-11-05,62,active,medium,True,False,True,False,1
825,2025-03-14,45,active,medium,True,False,True,False,3
826,2024-09-18,61,medium,medium,True,False,True,True,1
827,2025-04-29,48,medium,medium,True,True,False,True,0
828,2024-02-10,65,medium,low,True,False,False,True,2
829,2024-08-02,57,active,medium,False,False,True,False,1
830,2025-05-10,30,low,low,True,True,True,True,1
831,2024-10-11,44,low,low,True,False,False,True,0
832,2025-10-29,43,medium,low,True,False,False,True,3
833,2024-04-27,29,one_time,low,True,True,True,True,3
834,2025-02-27,45,super_active,low,False,True,True,True,1
835,2025-12-14,18,active,low,False,False,False,True,1
836,2025-05-06,54,active,low,True,False,True,True,0
837,2024-04-24,35,active,low,True,True,True,False,0
838,2024-09-03,59,medium,medium,True,False,True,False,2
839,2024-11-10,56,super_active,medium,True,False,True,False,1
840,2024-01-09,24,medium,medium,False,False,True,True,0
841,2025-04-08,22,medium,low,False,True,True,True,0
842,2024-01-02,48,active,high,False,False,False,True,3
843,2024-03-09,41,medium,medium,True,True,True,True,1
844,2025-06-29,34,active,medium,False,False,True,True,0
845,2024-07-02,22,active,high,True,True,True,False,1
846,2024-03-17,30,active,high,False,False,True,False,1
847,2025-12-03,55,low,medium,True,False,True,False,1
848,2024-07-25,43,active,high,False,True,True,True,3
849,2024-03-22,18,medium,medium,False,True,True,False,3
850,2024-09-08,34,low,low,False,False,True,False,1
851,2024-01-26,37,low,high,False,False,True,True,0
852,2024-12-01,21,active,high,True,False,True,True,2
853,2024-07-07,62,active,medium,True,False,False,False,1
854,2025-03-12,25,active,high,True,True,False,True,0
855,2024-09-18,41,low,medium,True,False,True,True,3
856,2024-02-26,46,medium,medium,True,False,True,True,0
857,2024-03-07,23,medium,high,True,False,True,False,3
858,2024-12-16,59,active,medium,False,False,True,True,0
859,2025-02-06,22,medium,low,False,False,False,False,1
860,2024-12-15,37,super_active,low,False,False,True,False,1
861,2025-04-01,32,active,low,False,True,True,False,0
862,2024-08-31,29,active,high,True,False,False,False,0
863,2025-03-06,61,medium,low,False,False,True,False,0
864,2024-12-12,59,medium,medium,False,False,False,True,3
865,2025-06-17,25,medium,high,True,True,True,True,2
866,2024-03-14,35,medium,low,True,False,False,True,2
867,2024-04-02,35,active,high,False,True,True,False,2
868,2025-02-06,29,active,medium,True,True,False,False,0
869,2024-05-22,35,active,low,True,False,True,False,3
870,2024-07-09,27,active,low,False,False,True,True,3
871,2024-12-09,61,low,medium,False,False,True,True,2
872,2024-11-13,60,medium,medium,True,False,False,True,0
873,2025-08-19,22,super_active,medium,False,True,True,False,1
874,2025-12-12,29,medium,medium,True,False,True,False,2
875,2025-04-20,35,one_time,low,False,False,False,False,0
876,2024-07-24,30,low,low,True,False,True,False,0
877,2025-02-20,39,active,medium,True,False,False,True,2
878,2024-02-18,22,low,medium,True,True,True,True,1
879,2024-01-16,22,active,medium,True,True,False,True,0
880,2025-10-30,58,super_active,medium,False,True,True,True,0
881,2024-01-14,20,super_active,low,True,True,True,True,2
882,2024-07-22,56,medium,low,True,True,True,True,2
883,2025-10-16,32,active,high,True,False,False,False,0
884,2025-12-01,59,medium,low,True,False,True,False,1
885,2024-05-19,48,active,low,True,False,True,False,1
886,2024-09-14,59,low,medium,False,True,True,False,0
887,2025-01-25,30,active,medium,True,True,False,False,0
888,2024-03-01,23,active,low,False,False,False,False,1
889,2025-06-11,29,active,medium,True,False,True,True,1
890,2024-05-13,23,active,medium,True,True,True,True,0
891,2025-02-14,29,active,high,True,False,True,False,1
892,2024-08-09,22,one_time,low,True,True,True,True,2
893,2024-02-07,45,low,medium,True,False,False,False,0
894,2025-05-08,34,active,high,True,True,False,True,2
895,2024-10-08,46,active,low,True,False,False,True,1
896,2024-03-13,24,low,medium,True,True,True,True,0
897,2024-01-15,40,medium,low,True,True,True,False,0
898,2025-09-13,24,active,medium,False,False,True,False,1
899,2025-02-18,34,medium,high,False,False,True,True,0
900,2024-02-14,46,active,medium,False,True,True,True,1
901,2025-09-27,20,active,low,True,True,True,True,1
902,2024-06-29,54,medium,medium,True,False,True,True,2
903,2024-03-05,61,active,low,False,True,False,False,1
904,2024-09-29,46,medium,high,True,False,True,True,1
905,2025-08-20,26,medium,high,True,True,True,False,1
906,2024-10-15,52,super_active,medium,False,False,True,True,0
907,2025-12-29,37,medium,low,True,False,True,True,3
908,2025-07-21,19,active,high,True,True,True,True,2
909,2024-05-05,53,low,medium,True,False,True,False,1
910,2025-05-17,51,medium,high,True,False,False,True,2
911,2024-11-23,36,low,low,True,True,True,False,0
912,2025-09-16,63,active,low,False,False,True,False,3
913,2025-04-14,20,medium,low,True,False,True,True,2
914,2024-01-25,27,super_active,medium,False,False,False,False,3
915,2024-12-28,39,active,medium,True,False,True,False,1
916,2025-02-27,19,low,medium,True,False,True,False,1
917,2024-07-23,62,active,high,False,True,False,True,1
918,2024-11-06,51,super_active,high,False,False,False,False,1
919,2025-11-15,22,active,low,True,True,True,True,2
920,2024-11-09,54,active,low,True,False,True,False,0
921,2025-11-08,65,active,high,True,True,False,True,0
922,2025-08-04,46,medium,medium,True,True,True,False,0
923,2025-08-22,39,active,high,True,False,True,True,2
924,2024-03-28,34,medium,low,False,True,True,True,1
925,2024-06-15,53,active,high,True,True,False,True,0
926,2024-02-17,59,active,low,True,True,True,True,3
927,2024-12-06,36,active,medium,False,True,True,True,0
928,2024-01-11,37,low,high,True,True,True,True,1
929,2024-10-01,56,one_time,medium,True,False,True,False,1
930,2024-05-26,65,low,medium,True,False,True,True,1
931,2025-12-07,42,medium,high,True,True,True,True,3
932,2024-07-04,52,low,low,False,False,True,False,1
933,2025-01-03,53,low,low,False,True,True,False,2
934,2024-04-27,24,medium,low,True,True,False,False,0
935,2025-05-06,45,active,medium,False,True,False,True,1
936,2025-05-28,53,medium,high,True,True,True,False,3
937,2024-03-09,42,low,medium,False,True,True,False,2
938,2024-03-05,26,low,high,False,True,False,False,1
939,2025-07-28,52,active,medium,True,True,False,True,0
940,2025-01-16,65,super_active,low,False,False,True,False,2
941,2025-06-29,35,super_active,medium,True,False,False,True,2
942,2024-07-09,39,medium,medium,True,False,True,True,1
943,2025-07-01,61,low,medium,True,True,False,True,2
944,2025-06-17,65,medium,medium,False,False,True,True,0
945,2025-02-19,41,medium,high,False,False,False,True,1
946,2025-04-13,51,medium,low,True,True,True,True,0
947,2024-07-07,18,low,low,False,False,True,False,0
948,2024-04-08,57,active,low,True,False,True,True,3
949,2025-06-02,61,active,medium,True,True,True,True,2
950,2025-04-30,33,medium,high,True,False,False,True,0
951,2025-08-15,32,medium,low,True,False,False,True,2
952,2025-09-27,62,active,medium,False,True,False,True,1
953,2025-09-16,48,active,high,True,True,True,True,2
954,2025-10-03,23,active,low,True,True,False,True,0
955,2024-05-24,37,active,low,False,True,True,True,2
956,2024-12-22,35,active,low,False,True,True,False,3
957,2024-10-20,47,medium,high,True,True,True,False,0
958,2025-12-22,30,medium,low,False,False,True,False,0
959,2024-10-08,55,medium,low,True,False,True,True,0
960,2024-03-01,24,low,medium,True,False,True,False,0
961,2024-10-25,41,active,low,False,True,True,True,0
962,2025-01-26,26,super_active,low,False,False,False,True,3
963,2025-02-23,20,super_active,medium,False,True,True,True,1
964,2025-04-13,43,low,medium,True,False,True,False,1
965,2024-04-14,40,active,low,False,True,True,True,0
966,2024-05-06,36,active,low,False,False,True,True,0
967,2025-09-30,49,super_active,high,True,False,True,True,2
968,2025-07-27,23,active,low,True,True,True,False,1
969,2024-09-23,64,low,high,False,True,False,True,2
970,2025-03-01,42,super_active,medium,True,False,True,True,0
971,2025-09-25,34,active,low,True,True,True,True,0
972,2024-09-08,18,low,low,True,True,False,False,0
973,2024-01-07,39,active,medium,False,False,True,True,1
974,2024-08-08,40,medium,medium,True,False,True,True,1
975,2025-03-25,53,active,low,True,False,True,False,2
976,2024-08-09,63,medium,low,True,False,True,False,2
977,2025-12-26,49,one_time,medium,True,False,True,True,1
978,2024-05-17,44,medium,low,False,False,True,False,1
979,2025-03-14,49,active,medium,False,False,False,False,1
980,2024-01-21,55,super_active,low,False,False,False,True,0
981,2025-02-06,31,active,medium,True,False,True,True,1
982,2024-05-24,21,active,high,True,True,False,True,0
983,2024-06-05,58,active,medium,False,True,True,True,0
984,2025-06-28,22,low,medium,True,True,True,False,2
985,2024-08-28,46,active,high,True,False,True,True,0
986,2025-03-08,40,active,high,False,False,False,False,0
987,2024-04-19,51,active,medium,False,False,True,True,1
988,2025-08-21,43,super_active,low,False,True,False,True,1
989,2025-10-01,56,active,high,True,False,True,False,1
990,2024-04-09,46,medium,medium,False,True,False,True,0
991,2025-08-11,52,active,medium,False,True,True,False,1
992,2025-04-06,50,one_time,medium,True,False,True,True,2
993,2025-04-19,25,medium,medium,False,False,True,True,3
994,2024-07-13,64,super_active,high,True,False,True,False,0
995,2025-02-08,40,one_time,medium,True,True,False,True,1
996,2024-03-11,36,active,medium,False,False,True,True,1
997,2025-04-14,59,medium,high,True,False,True,False,1
998,2025-07-15,39,low,low,True,True,True,True,0
999,2025-01-13,24,one_time,high,True,True,False,False,1
1000,2024-07-24,26,active,high,False,True,True,True,1
1001,2024-11-15,35,active,medium,True,False,True,True,1
1002,2025-01-14,53,active,high,False,False,True,True,0
1003,2025-03-02,62,medium,high,True,False,False,True,2
1004,2024-04-03,48,one_time,low,True,False,False,False,1
1005,2024-02-18,22,medium,medium,False,True,True,False,2
1006,2025-09-14,26,medium,medium,False,False,True,True,0
1007,2025-12-13,51,super_active,high,True,True,True,True,3
1008,2024-05-12,39,low,high,True,True,False,True,2
1009,2024-09-03,42,medium,high,True,True,True,False,1
1010,2024-12-23,47,active,medium,False,False,False,False,2
1011,2024-12-05,58,active,medium,True,False,True,True,3
1012,2024-07-15,28,super_active,medium,True,True,True,False,0
1013,2024-07-06,56,low,low,False,False,True,True,1
1014,2024-01-22,40,super_active,high,True,False,False,False,0
1015,2024-12-05,29,super_active,low,True,False,True,True,3
1016,2024-06-02,50,medium,low,True,False,False,True,3
1017,2024-05-17,49,medium,medium,True,False,True,False,2
1018,2024-05-24,18,active,high,True,False,True,True,0
1019,2024-08-15,26,low,medium,True,True,True,True,2
1020,2024-08-25,51,medium,low,True,True,True,False,3
1021,2024-02-25,18,medium,medium,True,False,True,True,1
1022,2024-04-26,43,active,medium,True,False,False,True,2
1023,2025-02-21,44,super_active,high,True,True,False,False,0
1024,2024-04-06,53,low,high,True,False,True,False,2
1025,2025-02-05,28,low,medium,True,False,True,True,0
1026,2024-03-01,44,active,medium,True,True,False,True,1
1027,2025-01-20,40,active,high,True,True,False,True,2
1028,2024-01-07,65,super_active,medium,False,True,True,False,0
1029,2025-08-15,19,medium,medium,False,False,False,True,2
1030,2025-12-18,46,medium,low,False,False,True,False,2
1031,2024-04-23,23,active,medium,True,False,True,False,1
1032,2024-03-14,58,active,medium,True,True,True,True,2
1033,2024-03-06,20,super_active,high,False,True,True,False,0
1034,2024-05-11,49,one_time,medium,True,False,True,True,1
1035,2025-09-16,34,low,low,False,True,True,True,0
1036,2024-04-02,35,low,medium,False,False,True,True,2
1037,2025-03-21,63,medium,low,False,True,False,False,3
1038,2025-04-21,38,active,low,False,True,False,False,2
1039,2024-06-08,41,active,low,True,False,False,True,0
1040,2025-10-28,57,medium,high,False,False,True,True,1
1041,2025-09-05,63,active,high,False,False,True,False,0
1042,2024-08-20,49,medium,low,True,True,True,True,3
1043,2025-10-07,53,active,medium,True,False,False,False,1
1044,2025-07-13,29,medium,medium,True,True,True,True,3
1045,2025-09-07,39,medium,high,True,True,False,True,0
1046,2024-03-25,22,super_active,low,False,True,True,False,0
1047,2025-10-22,29,active,low,True,False,True,True,2
1048,2024-03-27,34,active,medium,False,True,False,True,0
1049,2024-11-29,61,medium,medium,False,False,False,True,1
1050,2024-05-02,60,medium,medium,True,True,True,False,1
1051,2025-09-23,31,active,low,False,False,True,False,0
1052,2024-10-20,47,medium,low,True,False,True,False,1
1053,2024-07-04,38,low,low,True,True,True,False,0
1054,2025-02-14,46,active,medium,False,True,True,True,2
1055,2024-03-31,60,super_active,high,False,False,True,False,1
1056,2025-08-06,50,medium,medium,False,True,True,False,2
1057,2025-02-26,27,super_active,medium,True,False,False,False,1
1058,2024-11-08,50,one_time,low,False,True,True,True,0
1059,2024-03-03,59,medium,medium,False,False,True,True,2
1060,2024-12-03,35,medium,high,True,False,False,False,2
1061,2025-02-23,35,low,high,False,False,True,True,0
1062,2024-03-15,65,medium,high,True,False,True,True,2
1063,2024-01-16,40,medium,low,False,False,True,False,0
1064,2025-08-24,48,active,medium,False,False,False,False,1
1065,2024-01-30,44,active,medium,True,False,True,True,2
1066,2024-07-08,64,active,medium,True,True,False,False,2
1067,2025-01-08,32,medium,high,True,True,True,True,2
1068,2025-03-31,19,active,high,False,False,True,False,0
1069,2024-05-24,60,one_time,low,False,False,True,False,3
1070,2024-12-10,42,super_active,medium,True,False,True,False,1
1071,2025-09-04,42,active,medium,False,False,True,True,3
1072,2024-05-03,60,active,low,True,False,True,False,0
1073,2024-09-10,31,medium,medium,True,False,True,False,2
1074,2025-05-11,52,active,high,False,True,True,False,3
1075,2025-06-09,26,medium,low,False,False,True,True,1
1076,2025-03-31,21,active,low,True,False,False,False,0
1077,2025-02-24,61,medium,low,True,False,True,False,1
1078,2025-12-08,32,low,low,True,True,True,True,1
1079,2025-08-14,29,super_active,medium,True,True,True,False,2
1080,2024-10-13,26,super_active,medium,True,False,True,True,0
1081,2025-07-11,58,low,high,True,True,False,False,3
1082,2025-09-14,43,super_active,low,True,True,True,True,0
1083,2024-08-30,44,low,medium,False,False,True,False,2
1084,2024-08-30,43,active,low,True,False,True,True,1
1085,2024-05-10,27,super_active,high,False,False,False,True,1
1086,2025-02-11,50,active,low,False,False,False,True,2
1087,2024-12-15,54,medium,high,False,False,True,False,2
1088,2025-04-11,42,medium,low,False,False,False,False,1
1089,2024-07-04,20,active,high,True,False,False,False,3
1090,2025-04-02,63,low,medium,False,False,True,False,1
1091,2024-01-23,18,medium,low,True,False,True,False,1
1092,2024-08-06,60,medium,high,False,True,True,True,2
1093,2024-01-11,58,medium,medium,True,True,True,True,1
1094,2024-12-26,63,low,high,True,False,False,False,1
1095,2025-04-05,18,active,low,True,False,True,True,1
1096,2025-10-03,55,active,high,True,True,True,True,3
1097,2024-02-29,48,super_active,high,True,False,True,True,2
1098,2025-11-20,21,low,high,False,True,False,True,2
1099,2024-03-02,47,active,low,True,False,False,False,0
1100,2025-05-25,57,super_active,medium,False,False,True,True,1
1101,2024-08-10,24,low,low,True,False,True,False,0
1102,2024-08-13,58,super_active,medium,False,False,True,True,2
1103,2024-03-22,55,medium,medium,True,False,True,True,1
1104,2025-04-23,26,active,high,True,False,True,False,0
1105,2024-01-04,25,active,high,False,False,True,True,1
1106,2024-02-20,44,active,medium,True,False,True,False,2
1107,2025-06-03,57,one_time,medium,True,False,True,False,1
1108,2024-12-30,45,active,low,True,True,False,False,2
1109,2024-07-07,27,medium,low,True,False,False,False,1
1110,2024-03-12,59,active,high,True,False,True,False,0
1111,2024-12-17,19,medium,high,True,False,True,True,1
1112,2024-04-15,53,active,medium,True,False,True,True,0
1113,2024-09-04,32,medium,medium,False,False,True,False,1
1114,2024-12-08,38,active,low,False,False,False,True,0
1115,2025-07-01,50,active,medium,True,True,False,True,1
1116,2024-08-16,41,active,medium,True,False,True,True,2
1117,2024-08-02,52,medium,medium,False,False,False,True,1
1118,2025-03-16,56,medium,high,False,False,True,True,1
1119,2025-11-02,57,active,medium,False,False,True,True,1
1120,2025-03-26,26,medium,high,True,False,True,False,0
1121,2024-11-14,32,medium,medium,True,True,True,True,1
1122,2025-02-13,21,active,medium,True,False,True,True,1
1123,2024-03-03,40,medium,medium,True,False,True,False,0
1124,2025-12-28,42,active,high,False,False,True,True,2
1125,2024-10-26,62,medium,medium,False,True,False,False,0
1126,2025-01-25,48,active,medium,True,False,False,True,0
1127,2024-09-18,34,medium,medium,True,True,True,True,0
1128,2024-01-30,42,medium,low,False,False,False,True,3
1129,2024-05-13,48,low,high,True,True,True,True,1
1130,2024-09-10,19,super_active,medium,False,False,True,True,1
1131,2025-05-11,62,active,high,True,False,False,True,0
1132,2024-11-04,56,active,medium,True,False,True,False,0
1133,2024-01-03,34,medium,high,True,False,True,True,1
1134,2024-06-25,23,active,high,True,False,True,False,1
1135,2024-08-17,50,active,medium,False,True,True,False,1
1136,2025-04-15,55,active,medium,False,False,True,False,0
1137,2024-12-22,54,active,low,False,True,True,True,1
1138,2024-12-28,51,active,low,True,False,True,False,1
1139,2024-11-07,42,medium,low,True,True,True,True,3
1140,2024-10-05,62,medium,high,False,True,True,True,3
1141,2024-11-26,38,active,medium,False,True,False,True,0
1142,2024-07-04,48,medium,medium,False,False,True,True,3
1143,2024-04-05,42,medium,medium,False,False,True,False,2
1144,2024-11-17,53,one_time,medium,False,True,False,True,0
1145,2025-05-05,26,active,high,True,False,False,True,2
1146,2024-07-20,26,medium,high,True,False,False,False,0
1147,2025-06-27,61,active,medium,True,False,True,True,2
1148,2025-11-15,54,low,medium,True,False,True,True,2
1149,2025-08-12,35,medium,medium,False,False,True,False,1
1150,2024-04-10,21,active,low,False,False,True,True,3
1151,2024-08-06,37,medium,medium,False,False,True,True,0
1152,2025-12-24,59,active,high,False,True,True,True,0
1153,2025-05-21,32,medium,low,False,False,True,False,0
1154,2025-07-17,59,medium,low,False,True,True,True,0
1155,2025-04-28,57,medium,high,True,False,True,False,1
1156,2024-06-21,24,active,low,True,True,False,True,2
1157,2025-07-15,39,one_time,low,True,True,True,False,3
1158,2024-10-01,46,low,medium,True,False,True,True,1
1159,2024-09-02,22,medium,high,True,False,True,True,1
1160,2025-08-13,64,active,low,False,True,True,True,1
1161,2024-04-11,28,active,low,True,False,False,False,1
1162,2024-11-08,21,active,low,True,False,True,True,2
1163,2025-05-19,56,medium,medium,True,False,True,True,0
1164,2024-03-28,64,one_time,medium,True,True,False,False,1
1165,2025-01-27,26,low,medium,True,False,True,False,0
1166,2024-07-18,60,low,low,True,False,False,True,1
1167,2024-02-16,21,medium,medium,True,False,True,True,1
1168,2025-11-27,53,medium,medium,True,False,True,False,0
1169,2025-11-15,43,low,high,True,True,False,True,1
1170,2024-04-16,18,super_active,high,True,False,True,False,0
1171,2025-08-26,38,one_time,low,False,False,True,False,0
1172,2024-02-05,32,low,high,True,True,False,False,0
1173,2025-07-06,46,low,high,True,False,True,False,1
1174,2025-03-30,62,active,medium,True,False,False,True,2
1175,2024-04-19,39,super_active,high,False,True,False,False,0
1176,2025-06-25,57,super_active,high,True,False,True,False,1
1177,2025-10-17,51,active,high,False,True,False,True,0
1178,2025-02-18,29,medium,medium,True,False,True,True,1
1179,2025-11-01,56,one_time,medium,True,False,True,True,0
1180,2025-08-14,38,low,high,False,False,False,True,2
1181,2025-02-21,46,active,low,True,True,True,False,1
1182,2025-10-01,62,active,high,True,False,False,False,0
1183,2024-05-13,40,active,medium,False,False,False,True,2
1184,2025-07-07,60,active,high,True,False,True,False,3
1185,2025-07-23,32,medium,high,True,False,True,False,2
1186,2025-03-22,43,active,medium,True,False,False,False,0
1187,2024-05-11,36,medium,medium,True,False,True,True,0
1188,2025-01-13,56,medium,high,True,False,True,True,0
1189,2025-08-30,55,medium,low,True,False,False,True,3
1190,2025-02-10,31,super_active,medium,True,True,True,True,1
1191,2025-03-24,35,active,medium,False,False,True,False,2
1192,2024-01-26,31,low,medium,False,False,True,False,1
1193,2024-05-02,34,low,medium,True,False,True,True,0
1194,2024-05-27,38,medium,low,False,False,True,True,0
1195,2024-03-14,41,active,medium,False,True,True,False,0
1196,2024-08-23,28,super_active,low,True,False,True,True,0
1197,2024-07-18,26,active,medium,True,True,True,True,1
1198,2025-04-23,59,medium,high,False,True,True,False,1
1199,2025-09-08,53,super_active,medium,True,True,True,False,1
1200,2025-12-10,39,low,low,True,False,False,False,1
1201,2025-01-11,38,super_active,low,False,True,True,True,3
1202,2025-11-21,42,active,low,True,False,False,False,0
1203,2024-03-04,46,medium,medium,True,True,False,True,0
1204,2024-10-13,55,medium,low,True,False,True,True,1
1205,2024-11-21,40,active,high,False,True,True,False,0
1206,2025-05-29,51,medium,low,True,False,True,True,2
1207,2024-09-22,18,super_active,high,False,True,True,False,0
1208,2024-07-15,21,super_active,medium,True,False,True,True,0
1209,2025-08-17,26,active,high,True,False,True,True,2
1210,2025-01-08,28,medium,medium,False,True,True,True,2
1211,2025-10-30,48,active,medium,True,False,True,False,0
1212,2024-12-13,27,low,high,True,False,False,True,0
1213,2024-11-16,45,super_active,medium,True,False,True,True,2
1214,2025-02-10,35,super_active,medium,True,True,True,False,3
1215,2024-01-26,59,low,low,False,True,True,True,0
1216,2024-12-15,63,medium,low,True,True,False,False,3
1217,2024-04-20,59,low,medium,True,True,True,False,0
1218,2024-11-12,29,low,high,False,False,True,False,0
1219,2024-07-28,62,medium,low,True,False,False,False,1
1220,2025-07-25,50,super_active,high,True,False,True,False,1
1221,2024-08-15,33,low,high,False,False,True,True,1
1222,2025-01-25,37,active,low,False,True,True,True,1
1223,2025-12-20,41,low,medium,True,False,False,True,2
1224,2024-07-23,58,medium,high,True,True,True,True,1
1225,2025-11-18,62,super_active,medium,False,False,True,False,0
1226,2024-05-25,47,medium,high,True,False,True,False,3
1227,2024-08-27,43,medium,medium,True,True,True,False,0
1228,2025-06-07,24,low,high,False,False,True,True,0
1229,2025-12-17,51,active,high,False,False,False,True,3
1230,2025-02-27,20,low,medium,False,False,True,True,0
1231,2024-08-26,36,low,high,False,False,True,True,0
1232,2025-12-08,28,medium,high,True,True,True,True,2
1233,2025-09-23,64,active,medium,True,False,True,True,2
1234,2024-10-15,44,active,low,False,False,False,False,0
1235,2025-03-22,33,one_time,low,True,True,True,True,2
1236,2025-01-23,35,super_active,low,False,True,False,False,2
1237,2025-10-12,35,active,high,True,False,True,False,0
1238,2024-07-03,43,super_active,medium,True,True,True,False,0
1239,2025-02-21,46,low,high,False,True,False,False,3
1240,2024-12-26,25,medium,high,False,False,True,False,1
1241,2025-10-26,26,active,medium,False,False,True,True,2
1242,2024-09-12,39,active,medium,True,False,True,True,1
1243,2024-10-06,64,super_active,high,True,False,False,True,0
1244,2025-12-24,32,medium,high,True,False,True,True,1
1245,2024-01-29,34,medium,medium,False,False,True,False,2
1246,2025-05-11,28,active,medium,False,False,True,False,1
1247,2025-06-04,19,super_active,low,True,False,True,True,1
1248,2024-11-23,55,medium,low,True,True,False,True,0
1249,2025-11-13,40,super_active,high,True,False,False,True,0
1250,2025-11-28,42,super_active,high,True,False,True,False,1
1251,2025-06-13,46,low,low,True,False,True,True,3
1252,2025-04-17,19,medium,medium,True,False,True,True,1
1253,2024-09-11,58,super_active,low,False,False,True,False,3
1254,2025-03-12,34,super_active,low,True,True,False,True,0
1255,2025-01-23,61,active,medium,False,True,True,True,1
1256,2024-09-25,53,active,high,False,False,True,False,2
1257,2024-05-09,53,one_time,high,True,True,True,True,1
1258,2025-05-29,45,active,high,True,False,True,True,1
1259,2024-12-04,47,active,medium,False,False,False,False,1
1260,2025-02-12,63,low,medium,True,True,True,True,1
1261,2025-08-18,29,one_time,low,True,True,True,True,3
1262,2025-10-28,31,active,high,False,False,True,False,1
1263,2024-12-29,25,medium,high,False,False,True,False,0
1264,2025-06-20,39,medium,medium,False,True,True,True,2
1265,2025-11-09,47,active,medium,False,True,True,False,1
1266,2025-07-19,23,active,medium,True,True,True,True,3
1267,2024-05-11,65,active,low,True,False,True,True,0
1268,2024-06-15,30,medium,high,True,False,False,False,3
1269,2025-03-23,39,active,medium,True,True,True,True,1
1270,2025-01-08,43,active,medium,True,False,True,False,1
1271,2024-04-26,35,medium,low,True,False,True,False,1
1272,2024-11-27,25,low,medium,True,True,True,False,1
1273,2025-10-13,31,low,medium,True,False,False,True,2
1274,2025-06-24,29,super_active,medium,False,False,True,True,1
1275,2024-03-17,22,low,medium,False,False,False,True,1
1276,2025-07-25,41,one_time,medium,True,True,False,True,0
1277,2025-07-23,62,medium,medium,False,False,True,False,1
1278,2025-01-06,34,active,medium,False,True,True,False,1
1279,2025-04-03,26,active,medium,False,True,True,True,2
1280,2025-12-03,24,medium,low,True,True,True,False,2
1281,2024-10-29,31,active,low,False,True,True,True,1
1282,2024-04-27,36,active,low,False,False,True,False,1
1283,2025-09-23,52,low,low,False,False,True,False,0
1284,2024-04-29,57,active,low,True,False,True,True,3
1285,2025-10-02,29,medium,high,True,False,True,False,1
1286,2024-05-07,43,active,medium,False,False,True,True,1
1287,2025-11-21,63,medium,low,False,False,True,True,0
1288,2024-09-23,54,active,low,True,False,True,True,1
1289,2024-10-01,33,active,medium,True,False,False,True,2
1290,2024-10-27,46,super_active,medium,True,False,True,False,1
1291,2025-04-10,48,super_active,low,True,False,True,True,1
1292,2024-04-28,47,super_active,medium,True,False,True,False,0
1293,2025-06-25,50,medium,medium,False,True,True,True,1
1294,2025-04-18,29,medium,high,True,True,True,True,0
1295,2025-02-20,29,active,medium,True,False,True,False,0
1296,2024-03-12,39,active,high,True,False,False,False,1
1297,2024-09-14,18,active,high,True,False,True,False,1
1298,2025-09-20,19,medium,medium,False,False,True,True,0
1299,2024-09-08,53,active,low,True,False,False,False,1
1300,2025-05-20,50,medium,low,False,True,True,True,2
1301,2024-09-12,62,medium,low,False,False,False,False,0
1302,2024-10-13,31,medium,medium,True,True,True,False,2
1303,2024-05-24,29,super_active,low,False,False,False,False,2
1304,2024-02-04,51,super_active,high,False,False,True,True,3
1305,2025-10-21,62,super_active,high,False,False,True,True,2
1306,2024-12-28,46,medium,low,True,True,False,True,0
1307,2025-07-25,36,super_active,low,False,False,True,True,1
1308,2025-12-10,26,medium,medium,True,False,True,True,0
1309,2024-08-11,55,medium,high,True,False,True,True,1
1310,2025-12-25,46,medium,medium,True,False,True,False,0
1311,2025-11-27,41,active,high,True,True,True,False,1
1312,2025-01-01,60,super_active,medium,True,True,False,True,2
1313,2024-02-07,51,active,high,False,False,True,True,0
1314,2025-12-29,48,medium,low,False,False,True,False,1
1315,2024-03-06,52,active,high,True,False,True,False,2
1316,2024-03-30,26,super_active,medium,True,False,True,True,1
1317,2025-07-12,28,medium,high,True,False,True,False,3
1318,2024-02-14,62,medium,high,False,True,True,False,1
1319,2024-07-03,19,low,medium,True,False,True,True,0
1320,2024-05-15,58,active,low,True,True,False,True,1
1321,2025-02-05,19,medium,medium,True,False,True,True,2
1322,2024-07-07,36,medium,medium,True,True,False,True,0
1323,2025-10-22,60,super_active,high,True,False,True,True,2
1324,2024-04-13,32,super_active,low,True,True,True,True,0
1325,2024-01-19,37,medium,low,True,False,False,False,0
1326,2025-11-22,19,medium,high,False,False,True,True,1
1327,2024-02-16,34,super_active,low,False,True,True,True,0
1328,2024-04-28,32,medium,high,False,False,True,False,0
1329,2024-07-03,33,super_active,medium,True,False,False,False,2
1330,2025-11-20,64,medium,high,True,True,True,False,1
1331,2025-01-02,52,one_time,high,True,True,True,True,1
1332,2025-12-24,25,active,medium,False,True,False,False,0
1333,2024-01-04,21,active,low,True,False,True,True,2
1334,2024-02-13,26,active,high,True,True,True,False,0
1335,2025-11-18,62,super_active,low,False,False,False,False,0
1336,2024-04-11,23,active,high,True,True,False,False,2
1337,2025-06-26,32,low,high,True,False,False,False,2
1338,2025-04-19,41,active,high,True,False,True,False,0
1339,2025-01-07,24,low,high,True,True,True,True,1
1340,2024-08-12,36,low,medium,False,False,False,True,3
1341,2024-02-14,24,active,high,True,False,True,True,1
1342,2025-03-24,36,medium,high,False,False,True,False,2
1343,2025-02-20,22,super_active,medium,True,True,True,True,0
1344,2024-03-23,24,medium,low,True,False,True,False,0
1345,2025-08-13,58,active,high,False,True,True,True,0
1346,2024-11-18,51,active,medium,True,False,True,True,0
1347,2025-09-07,40,medium,medium,True,False,True,False,3
1348,2025-05-18,26,medium,medium,True,False,True,True,0
1349,2025-12-12,63,active,medium,True,False,True,True,0
1350,2024-01-07,27,active,medium,False,True,True,True,1
1351,2025-01-11,43,active,high,True,False,True,False,1
1352,2025-02-21,33,medium,medium,True,False,False,True,0
1353,2024-07-18,20,medium,low,True,False,True,False,3
1354,2024-10-07,25,super_active,low,True,False,True,True,0
1355,2024-08-29,23,low,medium,False,False,True,True,1
1356,2025-09-22,62,low,medium,True,False,True,True,0
1357,2024-03-14,62,super_active,high,True,True,False,True,0
1358,2024-01-27,59,active,medium,True,True,True,False,1
1359,2024-02-06,65,low,low,False,False,False,True,0
1360,2024-08-01,34,active,medium,True,False,True,True,1
1361,2024-07-08,63,super_active,low,True,True,True,False,1
1362,2025-07-02,29,one_time,low,False,False,True,True,1
1363,2024-12-28,39,medium,high,True,True,True,True,1
1364,2025-04-23,25,medium,medium,True,False,False,False,2
1365,2025-09-07,44,active,medium,True,False,True,False,3
1366,2025-04-05,20,active,high,False,True,False,False,0
1367,2025-04-07,27,super_active,high,False,True,True,False,1
1368,2024-12-10,61,active,high,True,False,True,False,0
1369,2024-05-14,20,active,medium,False,True,False,True,2
1370,2025-05-26,38,active,medium,False,False,True,True,1
1371,2025-06-05,59,medium,low,True,True,True,True,1
1372,2025-01-22,51,one_time,medium,True,False,True,True,2
1373,2025-09-27,24,medium,high,True,True,True,False,1
1374,2025-07-31,32,active,low,True,False,True,True,2
1375,2025-02-10,63,one_time,high,True,False,True,False,0
1376,2024-07-14,44,medium,high,False,False,True,False,1
1377,2025-10-09,40,active,low,True,False,True,False,2
1378,2025-10-14,23,medium,medium,False,False,True,True,0
1379,2025-05-15,63,medium,medium,True,False,True,True,2
1380,2024-05-28,21,low,medium,False,False,True,True,3
1381,2025-10-27,52,low,medium,True,False,False,False,1
1382,2025-03-14,55,medium,high,True,True,True,False,2
1383,2025-01-03,22,medium,medium,True,False,True,False,2
1384,2024-09-07,37,super_active,medium,False,False,True,False,1
1385,2025-10-19,54,active,high,True,False,True,False,1
1386,2024-12-22,50,super_active,medium,False,True,True,False,2
1387,2024-12-20,40,super_active,low,False,False,True,False,1
1388,2024-07-05,39,low,medium,True,True,True,False,1
1389,2025-12-30,45,super_active,medium,False,False,True,True,1
1390,2024-04-30,64,active,high,True,False,True,False,3
1391,2025-07-10,26,medium,high,True,True,True,False,2
1392,2024-05-30,62,low,medium,True,True,True,False,1
1393,2025-12-24,24,one_time,high,True,False,False,True,2
1394,2025-04-13,37,low,low,False,True,True,True,3
1395,2024-12-27,19,active,high,False,False,False,True,0
1396,2024-12-01,35,one_time,low,False,False,True,True,2
1397,2025-10-09,37,active,medium,False,False,True,True,2
1398,2024-12-06,32,active,medium,True,True,True,False,2
1399,2025-08-30,48,low,medium,False,False,True,False,1
1400,2025-08-13,63,medium,low,False,False,False,False,3
1401,2024-12-25,51,super_active,high,True,False,False,True,2
1402,2025-04-21,20,low,medium,False,False,True,False,1
1403,2024-10-28,48,active,high,True,False,True,False,2
1404,2024-01-13,54,active,high,False,False,False,False,2
1405,2025-11-12,25,super_active,medium,False,True,True,False,0
1406,2024-05-17,60,medium,medium,True,False,False,False,1
1407,2024-08-02,32,medium,medium,True,True,False,False,1
1408,2024-05-21,32,super_active,high,False,False,True,True,2
1409,2024-01-24,60,one_time,high,True,False,True,False,1
1410,2024-07-01,24,medium,low,False,True,False,True,2
1411,2025-05-12,21,super_active,medium,True,False,True,True,0
1412,2025-10-13,61,medium,medium,True,True,True,True,1
1413,2024-11-26,47,medium,low,False,False,True,True,0
1414,2025-12-31,39,medium,low,True,False,True,True,3
1415,2025-07-26,63,low,low,False,False,True,True,0
1416,2024-09-14,49,medium,medium,True,False,True,True,1
1417,2024-07-04,31,active,low,False,True,False,True,2
1418,2025-04-23,25,medium,medium,True,False,True,False,1
1419,2025-06-03,29,one_time,high,True,True,True,True,1
1420,2024-09-05,64,super_active,low,True,True,True,True,0
1421,2025-12-30,59,medium,medium,True,False,True,False,2
1422,2024-03-07,59,low,low,True,False,True,True,3
1423,2025-03-28,38,active,low,True,False,True,True,0
1424,2024-05-23,44,low,medium,False,False,True,True,0
1425,2025-06-11,21,low,high,True,True,True,True,1
1426,2025-02-04,59,medium,high,False,False,False,True,1
1427,2024-01-13,63,active,low,True,False,False,False,1
1428,2024-11-19,47,low,medium,True,False,True,True,1
1429,2025-06-15,39,medium,low,True,True,True,True,0
1430,2025-07-12,39,medium,medium,True,False,True,True,1
1431,2025-10-04,63,low,medium,False,False,True,True,2
1432,2024-03-05,49,low,low,False,True,False,True,1
1433,2024-03-18,63,active,high,True,True,False,False,3
1434,2024-08-13,41,active,medium,True,False,True,False,0
1435,2025-02-26,42,active,medium,True,False,False,False,1
1436,2024-07-24,25,active,high,True,False,True,False,2
1437,2025-12-08,27,active,medium,False,False,False,True,2
1438,2024-03-05,52,medium,low,True,True,False,True,0
1439,2025-02-16,26,active,low,False,True,True,True,1
1440,2024-05-22,24,active,low,True,True,True,True,1
1441,2024-03-12,21,medium,high,True,True,False,False,1
1442,2025-11-10,28,active,low,True,False,True,True,2
1443,2025-06-25,30,active,medium,True,False,True,True,2
1444,2024-09-06,39,medium,high,False,True,True,True,1
1445,2025-04-19,59,active,medium,True,False,True,True,0
1446,2025-05-26,48,medium,high,True,False,True,True,0
1447,2024-05-09,35,medium,high,False,False,True,True,1
1448,2024-07-14,36,medium,high,True,False,False,True,0
1449,2025-06-24,60,active,medium,True,False,True,True,1
1450,2025-04-29,46,low,high,False,False,True,True,2
1451,2025-12-22,34,low,medium,True,False,True,False,0
1452,2025-11-22,27,one_time,high,True,False,True,False,0
1453,2025-05-14,45,super_active,medium,True,False,True,True,3
1454,2025-02-14,27,active,medium,True,False,False,True,0
1455,2025-10-12,64,low,low,True,False,False,True,0
1456,2025-03-14,57,low,low,True,True,True,False,1
1457,2024-08-15,27,medium,medium,True,True,True,True,0
1458,2025-10-18,23,one_time,low,False,True,True,True,1
1459,2025-10-16,23,active,low,True,True,True,True,2
1460,2025-01-03,63,low,low,True,False,True,True,0
1461,2025-03-28,53,medium,low,True,True,True,True,1
1462,2024-09-09,40,super_active,high,False,False,False,True,1
1463,2024-08-12,52,medium,low,True,True,False,True,1
1464,2024-06-30,39,medium,high,False,False,True,True,3
1465,2025-12-19,58,active,medium,True,True,True,True,0
1466,2025-05-08,32,super_active,medium,False,False,False,True,0
1467,2024-12-16,38,low,medium,False,False,True,True,0
1468,2025-03-12,27,medium,medium,False,False,True,True,0
1469,2025-12-24,32,medium,low,True,False,True,True,0
1470,2025-09-03,37,low,medium,False,False,False,False,3
1471,2024-06-30,25,low,high,True,True,True,False,1
1472,2024-03-29,55,active,high,False,True,True,True,1
1473,2025-07-14,24,super_active,medium,True,True,True,True,3
1474,2024-09-09,59,active,high,False,True,True,True,0
1475,2024-04-01,45,medium,high,True,False,False,True,1
1476,2025-04-14,28,low,medium,True,True,True,True,1
1477,2024-01-06,52,active,medium,True,False,True,False,0
1478,2025-04-29,51,active,high,True,False,False,True,1
1479,2024-01-15,61,medium,medium,False,False,True,True,1
1480,2025-04-09,64,one_time,high,False,False,True,False,1
1481,2025-09-06,20,active,low,False,False,False,True,0
1482,2024-03-22,63,low,low,True,True,False,False,1
1483,2024-09-28,63,low,medium,False,True,True,True,1
1484,2024-05-05,56,medium,low,True,True,True,False,1
1485,2025-11-23,22,low,low,False,False,True,True,0
1486,2024-02-23,64,active,medium,False,False,True,False,1
1487,2025-10-01,41,low,high,True,False,True,True,1
1488,2024-06-16,19,low,medium,True,False,True,True,3
1489,2024-06-01,40,active,medium,True,True,True,True,1
1490,2024-08-25,20,active,high,True,False,True,True,0
1491,2024-07-16,41,medium,low,True,False,False,True,1
1492,2025-12-14,29,medium,low,True,False,True,True,1
1493,2024-06-25,23,active,medium,True,False,False,False,1
1494,2024-10-06,41,low,high,True,True,True,True,3
1495,2024-10-16,44,one_time,medium,True,False,False,False,2
1496,2024-04-11,65,medium,low,True,False,True,True,1
1497,2024-09-16,35,medium,medium,True,False,False,False,0
1498,2024-08-26,39,medium,medium,False,False,True,True,2
1499,2025-12-13,50,medium,high,True,False,False,True,3
1500,2024-05-13,45,low,medium,True,True,True,True,1
1501,2024-07-19,34,active,low,True,False,True,False,3
1502,2025-10-03,49,super_active,medium,False,True,False,True,1
1503,2024-10-22,41,active,high,False,False,True,True,0
1504,2025-01-09,40,medium,medium,True,False,True,False,2
1505,2024-05-14,20,super_active,low,True,True,False,True,1
1506,2024-06-13,33,active,medium,False,False,True,False,1
1507,2024-05-14,64,one_time,medium,True,False,False,False,2
1508,2025-07-02,65,medium,medium,True,False,False,False,2
1509,2024-11-18,43,low,medium,True,False,False,False,1
1510,2024-03-02,33,low,high,False,True,True,False,0
1511,2024-08-18,35,active,medium,False,False,True,False,0
1512,2024-08-15,43,medium,high,False,False,True,True,0
1513,2025-05-31,26,active,medium,True,False,True,False,1
1514,2024-08-29,52,active,medium,False,False,True,False,3
1515,2025-03-19,29,medium,high,False,False,True,True,0
1516,2024-06-06,25,active,high,True,False,False,True,0
1517,2025-05-07,29,medium,medium,True,False,True,False,1
1518,2024-01-08,44,active,medium,True,False,True,True,0
1519,2024-09-09,46,active,medium,False,False,False,False,1
1520,2025-03-13,24,active,medium,True,True,True,False,1
1521,2024-06-22,45,active,medium,True,False,False,False,2
1522,2024-10-19,40,super_active,low,False,False,True,False,2
1523,2024-09-22,51,super_active,medium,True,False,True,False,0
1524,2025-06-21,39,medium,high,True,False,True,True,0
1525,2024-04-25,52,medium,medium,True,True,True,True,3
1526,2024-10-27,28,super_active,medium,True,False,True,True,1
1527,2024-11-03,59,active,low,True,False,True,False,0
1528,2024-01-23,55,low,low,False,True,True,False,3
1529,2025-04-24,39,active,medium,True,False,True,False,2
1530,2025-05-26,33,medium,medium,True,False,False,False,1
1531,2025-11-17,19,super_active,medium,False,True,True,False,3
1532,2025-04-07,33,medium,medium,False,True,False,True,2
1533,2025-10-11,26,active,high,False,True,True,True,1
1534,2024-01-28,56,active,high,False,True,True,True,1
1535,2025-04-10,47,medium,low,True,False,False,True,1
1536,2025-11-24,22,super_active,low,True,False,True,False,1
1537,2024-02-29,53,medium,medium,True,False,True,True,0
1538,2025-08-12,44,active,high,True,False,True,True,1
1539,2024-11-21,21,active,high,False,False,False,True,1
1540,2024-08-11,27,active,high,False,True,False,True,3
1541,2025-10-26,52,low,medium,True,False,True,True,2
1542,2025-03-08,33,active,low,False,False,False,True,1
1543,2025-05-25,46,one_time,medium,True,True,True,False,0
1544,2024-11-20,20,active,low,False,False,True,True,1
1545,2025-02-23,63,medium,high,False,False,False,False,2
1546,2025-10-29,26,medium,high,False,False,False,True,1
1547,2025-09-24,40,medium,high,False,False,False,True,1
1548,2025-05-15,56,medium,high,False,False,True,False,1
1549,2025-07-19,58,active,medium,True,False,True,True,0
1550,2025-01-25,64,medium,low,False,False,True,True,1
1551,2025-11-21,32,super_active,high,False,True,True,True,0
1552,2025-05-09,32,low,low,False,True,True,True,3
1553,2024-10-27,33,active,low,True,False,False,True,0
1554,2024-02-02,31,active,low,True,False,True,True,1
1555,2025-11-02,52,active,high,True,False,True,False,2
1556,2024-12-10,27,medium,medium,True,False,True,False,0
1557,2025-09-20,59,super_active,low,True,False,True,True,2
1558,2025-12-03,58,low,low,True,True,True,False,0
1559,2025-03-09,39,active,medium,True,False,True,False,2
1560,2025-05-30,33,one_time,high,True,True,True,True,1
1561,2024-05-01,32,super_active,high,True,True,True,False,0
1562,2024-02-09,31,one_time,low,True,False,True,True,0
1563,2024-07-22,31,active,medium,True,False,True,False,0
1564,2024-05-01,63,low,medium,True,False,True,True,1
1565,2024-07-20,49,active,low,True,False,False,True,1
1566,2024-08-05,25,super_active,high,False,True,False,False,0
1567,2024-11-19,36,low,high,True,True,False,True,3
1568,2025-01-29,54,low,medium,False,False,True,False,3
1569,2025-06-01,24,active,medium,True,False,True,True,1
1570,2025-04-25,48,low,medium,True,False,True,True,1
1571,2025-12-15,23,active,high,False,False,True,True,1
1572,2024-09-14,41,medium,low,True,True,True,True,1
1573,2025-05-18,63,active,medium,True,False,True,True,2
1574,2025-01-04,43,medium,high,False,True,True,True,0
1575,2025-09-25,42,medium,medium,True,False,False,True,1
1576,2024-05-05,53,medium,low,True,False,True,True,3
1577,2024-08-27,57,active,high,True,False,False,True,0
1578,2024-05-20,30,medium,medium,True,False,True,True,2
1579,2024-08-12,37,active,high,True,False,False,True,1
1580,2025-02-13,36,active,medium,False,False,True,True,1
1581,2025-07-14,21,super_active,low,True,False,True,False,2
1582,2024-03-12,37,active,high,False,False,True,True,1
1583,2025-07-01,58,low,high,True,True,False,False,1
1584,2024-01-04,59,active,high,False,False,False,False,2
1585,2025-11-16,56,low,high,True,False,True,True,0
1586,2024-01-27,21,low,low,True,False,True,True,1
1587,2025-11-08,26,active,low,False,False,False,True,1
1588,2024-03-02,40,low,low,True,False,True,True,1
1589,2024-12-11,28,super_active,low,True,True,True,True,2
1590,2024-04-23,47,active,high,False,True,True,False,1
1591,2024-06-13,54,medium,low,True,False,True,True,1
1592,2024-10-29,39,medium,high,False,False,False,True,1
1593,2025-01-22,45,super_active,high,True,True,True,True,3
1594,2025-09-30,65,active,low,True,True,True,True,2
1595,2025-07-11,39,one_time,high,True,True,True,True,1
1596,2024-02-24,34,active,low,True,False,True,True,0
1597,2025-12-21,65,super_active,low,True,False,False,True,0
1598,2025-02-12,18,medium,medium,False,False,False,True,0
1599,2024-02-23,62,medium,medium,True,True,True,True,2
1600,2025-06-09,61,super_active,low,True,False,True,False,1
1601,2025-12-05,62,active,high,False,False,True,False,1
1602,2024-10-17,34,medium,medium,True,True,True,False,0
1603,2025-06-08,59,active,low,True,False,True,True,1
1604,2025-04-26,46,low,high,True,False,True,False,2
1605,2025-04-01,61,active,medium,False,True,False,True,3
1606,2025-12-31,35,low,low,False,False,True,False,1
1607,2025-12-04,25,low,high,False,False,True,True,0
1608,2024-09-06,52,active,low,True,True,True,True,1
1609,2025-08-08,64,active,low,False,False,True,True,3
1610,2024-06-30,52,medium,medium,False,False,True,True,1
1611,2025-08-02,38,medium,high,False,True,True,True,1
1612,2025-05-13,20,super_active,high,True,False,True,False,0
1613,2024-11-24,31,super_active,medium,True,True,False,True,1
1614,2024-12-21,43,super_active,medium,True,False,True,False,0
1615,2024-10-08,38,active,medium,True,False,False,True,0
1616,2024-03-12,62,medium,high,False,False,False,True,1
1617,2025-03-01,37,active,low,True,True,False,True,3
1618,2025-05-14,58,medium,low,True,True,False,False,0
1619,2025-10-16,26,super_active,medium,False,False,True,True,1
1620,2025-07-13,61,medium,low,True,True,True,True,1
1621,2025-06-03,18,active,medium,True,False,True,True,1
1622,2025-08-19,18,active,high,False,True,True,True,1
1623,2024-10-12,20,active,low,True,True,False,True,3
1624,2025-02-05,24,medium,medium,False,False,True,False,0
1625,2025-03-08,46,active,medium,False,False,True,False,3
1626,2025-08-02,36,active,high,True,False,True,True,2
1627,2025-07-03,19,medium,high,True,False,True,True,1
1628,2024-08-24,60,active,low,True,True,True,True,2
1629,2024-10-10,55,active,medium,True,True,True,False,1
1630,2024-03-07,41,active,high,False,False,True,False,1
1631,2025-01-10,41,medium,high,False,True,True,False,0
1632,2024-04-05,35,super_active,high,True,False,True,False,1
1633,2024-12-13,58,active,high,True,False,False,False,3
1634,2025-11-24,44,medium,low,False,True,True,True,1
1635,2025-09-24,39,super_active,low,True,False,False,True,1
1636,2024-03-27,40,active,high,False,False,True,True,0
1637,2024-11-16,40,super_active,low,False,False,True,True,2
1638,2025-11-09,47,low,low,True,True,False,False,3
1639,2024-05-17,21,active,high,True,False,True,True,1
1640,2024-12-01,34,medium,medium,True,False,True,True,1
1641,2025-07-11,48,active,high,True,True,True,False,1
1642,2025-08-08,45,active,high,True,False,True,False,1
1643,2025-07-30,36,super_active,low,False,False,True,False,1
1644,2025-11-27,37,active,medium,False,True,False,True,3
1645,2025-02-28,59,active,medium,False,False,True,True,1
1646,2025-04-08,59,medium,low,True,False,True,False,0
1647,2025-06-02,23,super_active,high,True,True,True,True,2
1648,2025-07-03,35,medium,low,False,False,True,True,2
1649,2025-09-11,18,low,low,True,False,False,True,0
1650,2024-09-18,55,one_time,high,False,False,True,True,2
1651,2025-08-19,23,low,medium,True,False,True,True,1
1652,2025-01-04,38,active,medium,True,True,True,True,3
1653,2025-10-14,23,super_active,low,True,False,True,False,0
1654,2025-01-20,49,active,high,True,True,False,True,1
1655,2024-05-26,38,active,medium,True,False,False,True,1
1656,2024-10-04,20,low,low,True,True,True,False,1
1657,2024-11-15,37,low,medium,False,False,False,False,2
1658,2025-06-08,64,medium,medium,False,True,True,True,0
1659,2024-03-06,56,active,high,False,False,True,True,0
1660,2025-12-05,38,medium,medium,True,True,True,False,0
1661,2024-06-04,24,active,low,True,False,False,True,1
1662,2025-05-20,52,active,medium,True,False,True,False,1
1663,2024-06-22,50,active,high,True,True,True,True,1
1664,2024-05-28,37,super_active,low,False,False,False,True,1
1665,2024-04-13,45,medium,low,True,True,True,True,1
1666,2024-09-25,32,active,low,True,False,True,True,1
1667,2025-07-12,65,medium,medium,False,False,True,True,1
1668,2025-11-03,40,low,low,True,False,True,False,1
1669,2024-03-12,43,medium,low,True,False,True,True,0
1670,2024-05-27,21,active,high,True,False,True,False,1
1671,2024-10-08,43,active,high,False,True,True,False,2
1672,2024-08-29,52,active,medium,False,False,False,False,1
1673,2024-05-18,45,active,low,True,False,True,False,1
1674,2025-03-02,19,medium,high,True,True,False,True,2
1675,2024-02-13,50,low,medium,True,True,True,True,1
1676,2025-08-12,44,active,high,True,True,True,False,1
1677,2025-10-22,20,active,high,False,True,False,True,2
1678,2024-07-29,39,low,low,True,False,True,True,0
1679,2025-09-18,21,active,low,True,True,True,False,0
1680,2024-03-08,41,active,low,True,False,False,True,2
1681,2024-08-10,47,super_active,medium,True,False,True,False,0
1682,2025-07-28,40,low,low,True,False,True,True,0
1683,2025-01-18,24,active,high,False,False,True,True,2
1684,2025-09-23,60,active,medium,False,False,True,True,0
1685,2024-02-23,33,active,medium,False,False,True,True,2
1686,2024-05-16,42,medium,low,True,True,True,False,1
1687,2024-12-07,37,low,medium,False,False,False,True,0
1688,2025-12-10,43,super_active,medium,True,False,False,True,1
1689,2025-09-03,24,active,low,True,True,True,False,0
1690,2025-12-29,53,medium,medium,True,False,True,True,1
1691,2024-03-07,32,active,low,True,False,True,True,0
1692,2025-01-09,26,active,low,True,False,False,True,0
1693,2024-02-12,61,super_active,low,False,False,True,True,1
1694,2025-08-08,62,active,medium,True,True,False,False,1
1695,2025-09-22,60,active,high,False,True,True,True,0
1696,2025-04-28,42,medium,low,True,True,False,False,0
1697,2024-10-24,43,active,high,True,False,True,True,0
1698,2024-04-18,50,active,medium,False,False,False,True,2
1699,2025-12-22,32,low,high,False,True,False,True,2
1700,2025-11-29,63,active,medium,True,True,True,False,0
1701,2025-02-15,37,super_active,medium,True,True,True,False,1
1702,2024-05-06,23,active,high,False,True,True,False,0
1703,2025-01-06,48,low,low,True,False,True,False,1
1704,2024-08-23,37,active,medium,True,False,False,True,3
1705,2024-02-03,54,active,medium,True,False,True,False,0
1706,2024-04-17,22,low,low,False,False,True,True,3
1707,2024-11-21,48,super_active,high,True,False,True,True,1
1708,2025-08-11,19,active,medium,True,True,True,True,1
1709,2024-11-07,28,medium,medium,True,False,True,True,2
1710,2025-08-07,46,medium,low,True,False,True,True,0
1711,2024-03-28,44,medium,high,False,True,True,True,2
1712,2025-10-04,34,medium,medium,True,False,True,True,1
1713,2024-10-25,53,active,medium,True,False,True,True,0
1714,2025-11-17,36,low,medium,True,False,True,False,2
1715,2025-06-26,44,one_time,high,True,True,True,False,1
1716,2024-12-01,23,active,high,True,True,False,True,1
1717,2025-05-04,40,low,high,True,False,True,False,1
1718,2024-01-07,43,active,low,False,True,False,True,1
1719,2025-08-14,31,active,high,False,False,False,True,0
1720,2025-10-16,28,medium,medium,True,True,True,True,0
1721,2025-11-11,34,low,low,False,False,True,False,0
1722,2025-08-09,24,low,high,True,False,True,False,1
1723,2024-05-07,53,medium,medium,False,True,True,True,3
1724,2024-01-29,25,medium,low,True,True,True,True,3
1725,2025-07-31,29,medium,low,True,False,True,True,0
1726,2024-08-08,36,active,low,False,False,False,False,1
1727,2024-03-09,32,active,medium,False,True,True,True,3
1728,2025-02-16,46,medium,medium,True,False,False,True,1
1729,2025-11-17,42,active,medium,True,False,True,True,3
1730,2024-08-02,20,medium,medium,False,True,True,True,2
1731,2025-07-03,44,medium,medium,False,True,False,False,2
1732,2024-06-07,57,active,medium,True,False,False,True,3
1733,2024-02-23,48,active,high,True,False,True,True,2
1734,2025-11-28,47,low,medium,True,False,True,False,1
1735,2024-12-12,50,active,high,False,False,True,False,3
1736,2025-03-23,44,active,medium,True,True,True,True,3
1737,2025-05-07,19,active,high,True,True,True,False,3
1738,2025-02-14,31,medium,medium,True,False,True,True,1
1739,2024-01-06,20,medium,low,False,False,True,False,1
1740,2025-09-17,49,medium,medium,False,True,False,True,1
1741,2024-01-05,48,medium,low,False,False,True,True,1
1742,2025-08-14,65,medium,high,True,True,True,False,2
1743,2024-06-22,55,low,high,True,False,True,True,1
1744,2024-01-31,34,active,low,True,False,True,True,1
1745,2025-08-03,24,super_active,low,True,False,False,True,1
1746,2024-11-21,32,super_active,high,True,False,False,True,0
1747,2024-05-24,46,low,medium,False,False,True,False,1
1748,2025-06-04,32,medium,low,True,False,True,True,1
1749,2024-09-02,20,medium,medium,True,True,True,False,0
1750,2024-05-24,36,medium,high,True,False,False,False,2
1751,2024-09-29,59,low,low,True,False,True,True,0
1752,2024-01-25,29,medium,high,False,False,False,True,2
1753,2024-01-09,26,active,high,True,True,True,True,0
1754,2024-02-21,37,active,high,True,False,True,False,3
1755,2024-05-21,62,low,high,True,True,False,True,1
1756,2025-07-24,34,active,low,False,True,True,True,0
1757,2025-05-05,65,medium,low,True,True,True,True,2
1758,2025-09-04,23,active,medium,False,False,True,False,0
1759,2024-02-14,42,active,low,True,False,False,False,1
1760,2024-05-30,49,one_time,medium,False,False,False,False,1
1761,2025-06-30,40,medium,low,False,False,True,False,3
1762,2025-10-30,45,low,medium,True,False,True,True,3
1763,2024-02-11,54,super_active,medium,True,False,True,False,0
1764,2025-12-18,59,active,high,False,False,True,True,1
1765,2025-02-03,47,medium,high,True,True,True,True,3
1766,2025-10-02,64,medium,low,True,False,True,True,0
1767,2024-11-24,19,medium,medium,False,True,True,True,2
1768,2024-07-19,32,medium,low,False,False,False,True,1
1769,2024-11-07,62,low,medium,True,False,False,False,0
1770,2024-01-28,40,active,medium,True,True,True,False,2
1771,2024-03-11,55,low,high,True,True,False,False,1
1772,2025-02-14,20,medium,low,False,True,False,True,3
1773,2024-06-21,47,low,low,False,True,True,False,2
1774,2025-05-13,27,active,medium,False,False,True,True,2
1775,2025-08-05,42,medium,high,False,False,True,True,2
1776,2024-02-17,50,active,medium,False,False,True,True,0
1777,2025-10-31,27,active,medium,False,False,True,True,1
1778,2024-08-11,53,low,high,True,False,False,True,0
1779,2025-08-30,20,active,low,False,False,True,True,0
1780,2025-03-28,22,active,high,True,True,True,False,1
1781,2024-01-22,37,active,medium,False,True,True,True,0
1782,2025-05-18,22,super_active,medium,True,True,True,True,1
1783,2024-08-07,19,active,high,True,False,True,False,0
1784,2025-11-30,63,medium,low,True,True,True,True,1
1785,2024-08-24,26,medium,low,True,False,True,True,1
1786,2025-12-17,55,low,medium,False,False,True,False,0
1787,2024-09-27,36,low,medium,False,False,True,True,1
1788,2025-06-24,41,active,medium,True,False,True,True,2
1789,2025-03-08,34,active,high,False,False,True,True,0
1790,2024-11-22,62,medium,medium,True,False,True,True,1
1791,2024-08-12,39,active,high,True,False,False,True,2
1792,2024-01-25,56,active,high,True,False,False,True,2
1793,2025-11-24,21,super_active,high,False,True,True,True,1
1794,2024-09-20,48,active,medium,True,False,True,True,0
1795,2024-11-17,59,active,high,True,False,True,True,2
1796,2025-10-31,19,one_time,low,True,True,True,True,2
1797,2024-05-10,63,low,medium,True,False,False,True,1
1798,2025-04-03,40,super_active,medium,True,True,True,False,0
1799,2024-03-21,32,active,medium,False,True,True,False,0
1800,2025-11-01,45,super_active,high,True,True,True,True,0
1801,2024-02-21,49,super_active,high,False,False,True,True,3
1802,2024-06-12,46,active,low,False,True,False,True,1
1803,2024-02-11,34,super_active,low,False,False,True,False,2
1804,2025-03-19,28,low,medium,True,True,False,True,1
1805,2024-06-02,34,medium,medium,False,True,True,True,1
1806,2024-02-12,45,active,low,True,False,True,False,2
1807,2025-09-08,56,active,low,False,False,True,False,2
1808,2025-09-11,42,medium,low,True,True,True,True,1
1809,2024-10-26,42,low,low,True,False,True,False,3
1810,2025-02-13,45,medium,low,True,True,True,False,1
1811,2024-01-25,65,low,high,True,True,True,False,2
1812,2025-09-01,51,active,low,True,False,False,True,2
1813,2024-05-21,60,active,medium,True,False,True,False,2
1814,2024-08-28,23,active,medium,True,False,False,False,1
1815,2024-10-01,33,active,high,True,False,True,True,2
1816,2024-11-06,64,active,high,False,True,True,True,1
1817,2025-04-19,50,one_time,low,True,False,True,False,1
1818,2025-01-26,63,medium,medium,False,False,False,True,0
1819,2024-09-03,35,active,medium,True,False,True,True,1
1820,2024-09-24,26,low,high,False,False,True,True,2
1821,2024-07-20,54,low,medium,False,False,True,False,1
1822,2025-05-03,25,medium,medium,True,False,True,True,0
1823,2025-01-19,53,medium,high,False,True,True,False,2
1824,2025-05-03,41,medium,low,True,False,True,True,1
1825,2025-10-15,54,super_active,medium,True,False,False,False,1
1826,2025-03-02,55,super_active,high,False,False,False,True,1
1827,2024-03-29,19,medium,medium,True,False,True,True,2
1828,2024-08-11,54,medium,low,True,True,False,True,1
1829,2025-07-03,22,low,low,False,True,True,True,2
1830,2025-01-16,40,low,low,False,False,True,False,1
1831,2025-04-22,44,medium,high,False,False,False,True,2
1832,2025-07-22,59,active,medium,False,False,True,True,2
1833,2025-09-27,56,medium,medium,False,False,True,True,3
1834,2024-08-31,55,active,low,True,False,True,True,2
1835,2024-07-09,47,low,low,True,True,True,False,0
1836,2025-03-31,64,super_active,high,True,True,True,True,3
1837,2025-10-12,27,active,medium,False,True,True,True,0
1838,2025-08-16,31,low,high,True,True,True,True,2
1839,2024-10-27,56,active,medium,True,True,False,True,3
1840,2025-10-04,35,active,low,True,True,True,False,2
1841,2024-02-10,18,super_active,high,False,False,True,False,1
1842,2025-08-13,49,active,low,True,False,True,False,0
1843,2024-12-18,30,medium,high,False,True,True,False,2
1844,2024-10-07,26,active,high,False,False,True,True,1
1845,2024-05-08,65,low,high,True,True,True,True,0
1846,2025-05-29,52,active,high,True,False,False,False,0
1847,2025-01-25,47,medium,high,False,False,True,True,0
1848,2025-03-02,40,low,medium,True,False,False,False,1
1849,2025-11-17,34,super_active,medium,False,True,True,True,2
1850,2025-01-05,25,low,medium,True,False,True,True,1
1851,2024-09-19,26,active,high,True,True,True,True,0
1852,2024-08-15,40,active,high,False,False,False,False,0
1853,2025-05-14,34,medium,medium,True,False,False,True,2
1854,2024-08-07,27,active,high,True,True,True,True,1
1855,2024-12-16,54,active,low,False,False,False,True,0
1856,2025-06-12,64,medium,low,True,False,True,True,0
1857,2025-01-10,27,super_active,high,True,False,True,False,2
1858,2024-06-29,57,low,low,True,True,True,True,0
1859,2025-01-16,59,active,medium,True,False,True,True,3
1860,2025-06-05,34,one_time,high,False,False,True,True,3
1861,2024-04-30,19,medium,medium,False,False,True,True,0
1862,2025-06-12,47,active,low,True,False,True,True,2
1863,2025-05-28,32,low,low,True,True,False,False,1
1864,2024-09-15,55,medium,high,False,True,False,True,0
1865,2024-07-24,30,active,low,True,True,True,True,2
1866,2024-04-19,57,medium,low,True,False,True,False,1
1867,2024-12-30,45,medium,high,True,True,False,True,0
1868,2024-10-15,30,low,medium,False,False,True,False,3
1869,2024-04-11,20,active,medium,True,False,True,True,1
1870,2024-03-24,46,super_active,medium,False,False,True,True,0
1871,2024-11-28,49,active,high,True,False,False,True,1
1872,2024-01-02,65,super_active,high,True,False,True,True,1
1873,2025-06-29,48,active,high,True,False,True,True,1
1874,2025-01-01,62,active,low,True,True,False,False,1
1875,2025-01-17,30,super_active,high,True,False,True,True,1
1876,2025-01-19,21,active,medium,True,False,False,True,1
1877,2024-10-09,21,active,medium,True,False,True,True,1
1878,2025-12-06,34,active,low,False,False,True,False,1
1879,2024-11-06,28,active,high,True,False,False,True,1
1880,2025-11-08,41,super_active,low,False,False,True,True,2
1881,2024-08-21,49,super_active,high,True,False,False,False,1
1882,2024-07-15,44,active,medium,True,True,True,False,0
1883,2025-01-09,60,low,medium,True,True,True,True,1
1884,2025-12-01,23,one_time,medium,False,True,True,True,3
1885,2025-01-21,65,medium,high,True,True,False,True,0
1886,2025-05-02,53,medium,medium,False,True,False,True,3
1887,2024-11-05,49,medium,high,True,True,True,False,2
1888,2024-12-03,43,active,high,True,True,True,False,0
1889,2025-01-10,45,low,medium,True,False,False,True,3
1890,2025-05-10,35,active,high,False,False,True,False,0
1891,2024-12-19,47,medium,medium,True,False,False,True,3
1892,2024-12-14,44,active,medium,True,True,True,True,1
1893,2025-10-10,21,medium,high,False,True,True,True,1
1894,2025-10-21,35,medium,low,False,False,True,True,0
1895,2024-07-26,46,medium,medium,True,False,True,True,3
1896,2024-12-14,39,medium,low,True,False,True,False,1
1897,2025-04-24,63,active,high,True,True,True,False,0
1898,2024-10-02,63,medium,low,True,False,True,False,2
1899,2025-04-28,24,super_active,medium,False,False,True,False,1
1900,2024-03-21,41,medium,high,True,False,True,False,1
1901,2025-12-17,23,medium,low,True,False,True,True,2
1902,2024-07-24,53,active,medium,True,False,True,True,1
1903,2025-08-18,27,active,high,True,False,True,True,1
1904,2024-03-25,57,super_active,high,True,False,True,False,0
1905,2025-01-15,28,active,low,False,False,True,False,1
1906,2024-04-21,31,medium,low,False,True,False,True,1
1907,2025-10-01,43,medium,medium,False,False,False,True,1
1908,2025-11-19,20,active,medium,False,False,True,True,3
1909,2025-10-05,35,medium,low,True,False,True,False,1
1910,2025-03-18,30,medium,high,True,True,False,True,1
1911,2025-06-08,50,low,medium,True,False,False,False,1
1912,2025-01-09,53,low,high,False,False,True,True,2
1913,2025-11-20,27,active,medium,False,True,False,False,1
1914,2024-11-22,28,active,low,False,False,True,False,1
1915,2025-06-06,61,super_active,medium,True,True,True,False,1
1916,2025-08-28,53,medium,low,True,False,True,True,2
1917,2024-04-11,56,one_time,high,False,True,True,True,1
1918,2024-02-07,33,one_time,high,False,True,True,False,0
1919,2025-07-22,51,low,low,True,False,True,True,0
1920,2025-10-26,50,medium,high,False,False,False,False,0
1921,2024-04-04,31,medium,low,False,False,True,False,1
1922,2025-03-17,62,medium,low,False,True,True,False,0
1923,2024-02-14,45,medium,low,True,False,True,True,0
1924,2024-02-04,25,active,medium,False,False,False,False,0
1925,2025-02-16,45,medium,low,True,True,True,True,2
1926,2024-01-19,63,medium,medium,True,False,True,False,3
1927,2024-08-06,56,low,high,False,True,True,True,2
1928,2025-02-04,46,super_active,medium,True,False,True,True,2
1929,2025-02-18,27,active,medium,False,False,False,False,2
1930,2024-08-11,64,active,low,True,False,False,False,0
1931,2025-06-02,56,low,low,False,False,False,False,0
1932,2024-12-08,24,medium,low,True,True,True,True,2
1933,2025-10-01,40,super_active,high,True,False,False,True,1
1934,2025-08-07,26,active,medium,True,False,True,False,1
1935,2024-02-05,24,super_active,low,False,True,False,True,1
1936,2025-06-26,22,active,medium,False,False,True,True,2
1937,2025-12-18,50,medium,low,False,False,True,True,1
1938,2024-05-09,37,active,low,True,False,True,True,2
1939,2025-04-17,45,active,medium,True,False,True,False,2
1940,2025-08-19,18,low,low,True,False,True,False,0
1941,2025-04-04,38,active,low,True,False,True,True,0
1942,2025-11-11,36,active,high,True,True,True,True,2
1943,2024-06-11,22,medium,high,False,False,True,True,0
1944,2024-03-02,22,medium,high,False,False,False,True,0
1945,2025-02-02,33,low,low,False,False,True,True,3
1946,2024-08-03,64,super_active,high,True,False,True,True,3
1947,2025-04-17,40,one_time,medium,True,False,True,True,2
1948,2025-08-07,41,medium,medium,False,True,False,False,1
1949,2025-10-21,56,low,high,True,False,True,False,0
1950,2024-03-12,24,medium,low,False,False,True,False,1
1951,2024-09-19,46,super_active,high,False,False,True,True,0
1952,2024-07-10,30,medium,high,True,False,True,True,1
1953,2025-11-15,52,low,low,True,False,True,False,0
1954,2024-04-05,32,medium,medium,False,False,True,False,1
1955,2024-01-31,33,active,medium,True,False,True,True,1
1956,2025-06-24,24,medium,high,False,False,True,False,0
1957,2024-05-10,65,one_time,high,False,False,True,False,0
1958,2025-11-13,41,active,low,True,True,True,False,0
1959,2024-12-28,57,medium,low,True,False,False,True,2
1960,2024-04-12,47,active,low,False,False,True,True,2
1961,2025-02-16,55,active,low,True,False,True,False,2
1962,2025-07-13,27,low,high,False,False,True,False,2
1963,2024-09-20,37,active,low,True,False,True,True,0
1964,2025-10-21,59,active,medium,False,True,False,True,1
1965,2024-03-24,36,super_active,medium,False,False,True,True,2
1966,2025-11-22,64,medium,low,True,False,True,False,0
1967,2024-06-26,59,active,medium,True,False,True,False,2
1968,2024-06-18,37,low,high,True,False,True,True,1
1969,2024-07-22,21,medium,high,True,False,False,False,1
1970,2024-07-15,60,medium,low,False,False,True,True,0
1971,2024-12-12,54,medium,medium,False,False,False,True,2
1972,2025-11-14,64,medium,high,False,False,False,True,1
1973,2024-09-09,33,super_active,medium,True,True,True,True,1
1974,2025-05-26,26,active,medium,False,False,True,True,0
1975,2024-10-29,32,active,low,False,True,False,False,0
1976,2024-09-17,25,low,medium,False,True,True,False,1
1977,2025-08-14,51,active,low,True,True,False,False,0
1978,2024-03-27,55,active,high,False,False,False,False,1
1979,2025-07-08,43,active,low,False,False,False,True,2
1980,2025-01-08,18,low,medium,False,True,True,True,3
1981,2024-07-26,27,active,low,True,False,True,False,0
1982,2024-11-19,38,super_active,high,False,False,True,True,0
1983,2025-12-01,36,super_active,medium,True,True,True,True,2
1984,2024-05-29,57,low,high,True,False,True,False,1
1985,2025-11-17,51,super_active,high,True,False,True,False,1
1986,2025-11-12,25,low,medium,True,False,True,True,1
1987,2024-05-23,56,active,high,True,False,True,True,1
1988,2025-11-10,43,one_time,medium,True,True,True,True,1
1989,2024-04-08,35,active,high,True,False,False,True,2
1990,2025-03-01,31,active,medium,False,True,True,False,2
1991,2025-06-22,59,active,high,False,False,False,True,1
1992,2024-05-17,47,active,low,True,True,False,True,1
1993,2024-11-01,41,super_active,high,False,False,True,False,1
1994,2024-12-25,20,active,low,False,True,True,False,0
1995,2025-02-12,25,low,medium,True,False,True,True,0
1996,2024-10-21,20,medium,high,True,False,False,True,3
1997,2024-06-25,19,one_time,high,True,True,True,True,1
1998,2025-03-01,18,active,medium,False,False,False,True,1
1999,2025-09-15,51,low,high,True,True,True,True,2
2000,2024-02-01,61,active,low,False,False,False,False,1
2001,2025-04-19,24,low,low,True,False,True,True,2
2002,2025-03-10,50,active,low,True,True,False,True,0
2003,2025-05-24,40,super_active,high,False,False,True,False,1
2004,2024-04-26,56,one_time,high,True,True,True,True,1
2005,2025-12-17,48,one_time,medium,True,True,False,True,3
2006,2024-08-25,59,active,high,True,False,True,True,2
2007,2024-11-05,20,super_active,low,True,False,True,True,1
2008,2025-01-21,24,super_active,medium,True,True,False,False,3
2009,2024-04-11,29,low,medium,False,False,True,False,0
2010,2025-10-18,52,one_time,medium,True,True,True,True,1
2011,2024-01-05,34,medium,medium,True,False,True,True,2
2012,2024-05-09,35,medium,high,True,False,True,False,1
2013,2024-07-10,55,active,medium,False,False,True,True,1
2014,2025-04-11,41,medium,high,False,True,True,True,2
2015,2025-11-27,60,medium,low,False,False,False,False,0
2016,2025-03-21,20,medium,low,True,False,True,False,0
2017,2024-01-27,60,active,medium,True,False,True,True,1
2018,2024-08-31,22,active,low,False,False,True,False,2
2019,2024-12-02,49,active,low,False,True,True,True,1
2020,2025-10-25,47,one_time,medium,False,True,True,True,1
2021,2025-08-19,18,low,high,True,True,True,True,2
2022,2025-05-05,22,active,medium,True,False,False,False,0
2023,2025-01-17,24,one_time,low,False,False,True,True,1
2024,2024-03-05,62,active,medium,False,False,True,True,1
2025,2025-02-15,45,medium,medium,True,False,False,False,1
2026,2024-12-10,53,medium,medium,False,True,True,False,1
2027,2024-03-07,28,active,high,True,True,False,True,0
2028,2025-02-02,39,active,high,True,True,False,False,3
2029,2024-01-19,21,medium,medium,False,True,True,False,1
2030,2025-09-29,65,super_active,high,True,True,True,True,2
2031,2024-02-21,19,super_active,medium,False,False,True,True,1
2032,2024-04-17,38,active,low,False,False,True,False,1
2033,2025-11-07,20,low,low,True,True,True,True,1
2034,2025-10-15,41,super_active,high,False,False,False,True,0
2035,2024-03-10,38,medium,medium,True,False,True,True,0
2036,2024-01-25,36,medium,high,True,False,False,True,1
2037,2025-07-30,24,low,medium,True,True,False,False,1
2038,2024-03-30,31,medium,high,False,False,True,True,1
2039,2024-07-22,38,active,low,True,True,True,True,2
2040,2025-04-25,52,active,medium,False,False,True,False,1
2041,2025-12-07,54,medium,medium,False,True,True,False,1
2042,2024-02-15,60,super_active,medium,False,False,True,False,3
2043,2025-01-24,41,low,low,True,False,True,False,1
2044,2025-10-30,20,super_active,medium,False,True,False,True,1
2045,2025-04-28,30,active,high,False,True,True,True,1
2046,2024-12-30,55,one_time,low,True,True,True,True,0
2047,2025-06-09,61,super_active,low,True,False,True,False,1
2048,2025-02-06,33,low,low,False,False,False,False,0
2049,2024-10-01,52,medium,low,True,False,False,False,3
2050,2024-01-10,52,low,high,False,True,True,True,0
2051,2025-01-06,40,active,medium,False,False,True,True,1
2052,2025-07-26,27,medium,low,True,True,False,False,0
2053,2024-10-13,23,medium,medium,True,False,True,True,0
2054,2025-11-28,55,medium,medium,True,False,True,True,1
2055,2025-01-05,59,active,high,True,False,False,True,1
2056,2025-07-14,62,medium,medium,True,True,True,True,3
2057,2025-07-17,64,super_active,low,True,False,False,True,3
2058,2024-11-05,53,active,medium,True,False,True,True,0
2059,2024-06-17,21,active,medium,True,False,True,True,1
2060,2025-01-04,18,medium,low,True,False,True,False,0
2061,2025-09-06,31,medium,medium,True,False,True,True,3
2062,2024-05-21,27,medium,low,True,True,True,True,0
2063,2024-11-02,35,medium,high,True,False,True,True,1
2064,2024-01-16,64,super_active,high,True,False,False,True,1
2065,2025-07-26,33,active,medium,False,True,False,True,3
2066,2025-02-06,38,super_active,low,True,True,False,False,0
2067,2025-10-06,27,super_active,medium,False,False,False,False,2
2068,2025-12-21,41,low,high,True,False,True,True,1
2069,2025-08-12,23,active,medium,False,True,True,False,1
2070,2024-10-24,28,active,high,False,False,False,False,1
2071,2024-11-13,34,active,low,True,False,True,True,1
2072,2025-01-11,44,super_active,medium,False,True,False,True,2
2073,2024-08-17,64,low,low,False,False,False,False,1
2074,2025-03-01,55,medium,low,True,True,True,False,1
2075,2024-01-01,55,low,high,True,False,True,False,1
2076,2025-01-26,62,super_active,high,True,True,True,False,2
2077,2024-11-02,24,medium,high,True,False,False,True,1
2078,2024-01-19,60,low,high,True,False,True,True,2
2079,2024-07-31,51,one_time,low,False,True,False,True,0
2080,2025-09-10,26,active,medium,True,False,False,False,0
2081,2025-02-01,24,active,low,True,False,False,False,2
2082,2024-10-07,28,active,medium,True,True,True,True,1
2083,2024-11-06,49,active,low,True,True,True,True,1
2084,2025-03-08,62,medium,low,True,True,True,True,3
2085,2024-01-27,42,super_active,high,False,False,True,True,3
2086,2024-02-17,63,active,high,True,False,True,True,0
2087,2024-02-27,46,super_active,high,False,True,False,True,3
2088,2024-12-05,46,medium,medium,True,False,True,False,1
2089,2024-07-21,65,medium,low,False,False,True,False,1
2090,2024-03-18,63,one_time,low,True,False,True,True,1
2091,2024-10-05,22,super_active,medium,False,False,True,True,1
2092,2024-12-28,39,low,high,False,True,True,True,1
2093,2025-07-23,55,active,high,False,False,True,True,2
2094,2025-11-03,64,low,high,True,False,False,True,1
2095,2024-10-07,40,low,low,False,True,True,True,1
2096,2025-05-08,59,active,low,False,False,True,True,0
2097,2025-05-29,33,low,low,False,False,True,False,2
2098,2024-06-22,57,medium,high,True,False,True,False,3
2099,2025-03-21,60,active,low,True,True,True,True,0
2100,2024-06-25,47,active,medium,True,False,True,True,2
2101,2024-01-03,43,super_active,low,False,True,False,True,2
2102,2024-10-18,30,active,medium,True,True,True,True,0
2103,2025-05-29,22,one_time,low,False,False,True,False,2
2104,2024-06-18,28,medium,medium,True,False,True,True,3
2105,2024-12-11,60,active,low,True,False,False,True,0
2106,2024-06-23,58,medium,medium,True,True,True,True,3
2107,2025-03-15,41,active,medium,True,False,True,True,3
2108,2025-11-15,61,medium,low,False,False,False,True,3
2109,2025-01-27,42,active,high,True,False,True,True,1
2110,2025-04-30,21,active,low,True,False,False,False,2
2111,2025-01-12,62,active,high,True,True,False,False,1
2112,2024-07-09,57,super_active,high,False,False,True,False,2
2113,2025-10-03,37,medium,low,True,False,True,True,1
2114,2024-03-07,44,low,high,True,False,True,True,1
2115,2024-08-15,24,active,low,True,True,True,True,1
2116,2024-10-14,50,active,high,False,False,False,True,2
2117,2025-04-28,22,medium,low,False,True,True,False,0
2118,2025-04-02,49,medium,high,False,True,True,True,1
2119,2024-05-15,26,active,medium,True,True,True,True,0
2120,2025-07-18,63,medium,low,False,False,True,False,2
2121,2025-02-19,50,medium,medium,False,False,True,False,0
2122,2024-12-19,46,medium,low,True,False,True,False,2
2123,2024-01-17,18,medium,high,True,True,False,True,1
2124,2024-07-01,40,super_active,low,False,False,False,True,1
2125,2025-02-28,37,super_active,high,False,False,False,False,2
2126,2025-04-24,44,active,medium,False,False,False,True,1
2127,2024-05-15,61,active,medium,True,True,True,True,0
2128,2025-03-10,36,active,medium,True,False,True,True,2
2129,2024-04-25,38,super_active,high,True,False,True,False,2
2130,2025-03-11,63,active,medium,False,False,False,True,0
2131,2024-03-21,24,active,medium,True,False,True,False,2
2132,2024-02-03,19,active,medium,False,False,True,True,1
2133,2025-08-31,26,active,medium,False,False,False,True,1
2134,2025-11-08,40,one_time,medium,False,False,True,True,3
2135,2025-10-16,37,medium,medium,True,False,True,False,1
2136,2025-02-02,44,active,medium,False,True,False,False,1
2137,2024-02-06,35,low,high,True,False,False,True,1
2138,2025-05-03,65,one_time,high,True,True,False,True,1
2139,2025-07-27,23,active,high,True,False,True,True,2
2140,2025-01-17,54,low,low,False,False,True,True,1
2141,2025-08-18,63,active,medium,True,True,False,True,0
2142,2025-06-09,43,medium,high,True,False,True,False,1
2143,2024-03-16,49,active,low,True,False,True,True,2
2144,2024-04-11,44,active,medium,True,False,True,True,1
2145,2024-05-04,55,active,medium,False,False,True,False,0
2146,2024-08-04,41,active,high,True,True,True,True,2
2147,2025-05-16,60,super_active,high,False,False,True,False,1
2148,2025-05-24,65,low,low,True,True,True,True,0
2149,2024-07-28,53,medium,high,True,False,True,False,3
2150,2025-12-29,35,super_active,medium,False,False,True,True,0
2151,2024-02-22,45,active,low,False,False,True,True,1
2152,2024-03-03,60,super_active,medium,False,True,True,False,0
2153,2025-02-27,33,medium,high,True,True,True,True,1
2154,2024-06-03,32,medium,medium,True,True,True,False,1
2155,2025-07-15,64,medium,high,False,False,True,True,1
2156,2024-10-01,33,super_active,medium,True,True,True,False,0
2157,2024-10-12,26,low,low,False,False,True,False,2
2158,2024-03-25,38,medium,medium,False,True,True,True,0
2159,2024-10-30,35,active,low,False,True,False,True,1
2160,2025-04-08,23,active,high,True,False,True,False,1
2161,2024-10-12,60,low,medium,True,False,False,True,3
2162,2024-05-23,46,super_active,high,False,False,True,True,1
2163,2025-01-03,19,medium,high,False,False,True,True,0
2164,2024-10-30,56,super_active,medium,True,True,True,False,1
2165,2025-03-24,26,active,medium,False,False,True,True,2
2166,2024-08-30,51,medium,medium,False,True,True,True,1
2167,2024-08-01,54,super_active,high,True,False,False,True,3
2168,2024-06-18,24,active,medium,False,False,True,True,1
2169,2025-06-07,48,medium,medium,True,False,False,False,1
2170,2025-06-16,24,super_active,medium,True,False,False,True,0
2171,2024-02-04,35,super_active,medium,False,False,False,False,0
2172,2025-12-24,63,active,medium,True,False,True,False,1
2173,2024-10-31,57,active,medium,True,False,True,True,0
2174,2025-07-15,48,active,low,True,True,True,True,1
2175,2024-03-18,39,medium,medium,False,True,True,True,1
2176,2024-11-16,18,medium,low,True,False,True,False,1
2177,2025-01-02,44,active,high,True,False,True,True,1
2178,2025-09-03,24,super_active,low,False,False,True,True,1
2179,2024-11-30,37,medium,low,True,False,True,False,1
2180,2025-08-22,21,low,medium,True,True,True,False,0
2181,2025-11-19,45,low,high,True,True,False,False,0
2182,2025-12-24,42,active,medium,False,True,False,False,3
2183,2025-07-08,36,super_active,low,False,True,False,True,0
2184,2024-11-30,30,active,medium,True,True,True,False,2
2185,2025-04-21,39,low,low,True,False,True,True,2
2186,2024-01-10,64,medium,medium,True,False,False,False,1
2187,2024-04-12,41,one_time,medium,True,False,False,True,0
2188,2025-04-11,59,medium,medium,True,False,True,True,3
2189,2025-10-28,62,medium,medium,True,True,True,True,1
2190,2025-07-02,27,medium,low,True,False,True,True,1
2191,2025-07-24,40,super_active,medium,True,False,False,True,0
2192,2024-09-21,23,super_active,high,False,False,True,True,2
2193,2024-01-29,30,low,high,False,True,False,True,0
2194,2024-05-18,56,low,medium,True,False,True,False,2
2195,2024-10-21,65,active,low,True,False,True,False,1
2196,2024-08-09,31,super_active,high,False,False,False,True,0
2197,2024-10-03,43,low,medium,True,False,False,False,1
2198,2024-12-20,28,medium,medium,True,True,False,False,1
2199,2025-04-20,22,active,low,False,True,True,False,3
2200,2024-09-21,18,active,medium,True,True,False,True,0
2201,2025-03-23,43,active,medium,False,False,False,False,1
2202,2025-07-29,43,super_active,medium,True,False,True,True,0
2203,2025-04-27,57,active,medium,True,True,True,True,1
2204,2024-05-13,34,medium,high,True,False,False,True,3
2205,2024-12-10,40,one_time,high,False,False,False,False,0
2206,2025-12-09,19,medium,medium,True,True,True,False,0
2207,2025-11-14,24,medium,high,True,False,True,True,2
2208,2025-07-11,41,medium,medium,True,False,True,True,0
2209,2024-11-03,49,medium,medium,True,True,False,True,1
2210,2024-01-22,63,medium,low,True,False,False,True,1
2211,2024-08-21,57,active,low,True,False,False,False,1
2212,2025-07-30,19,medium,medium,False,False,True,False,1
2213,2024-07-14,18,one_time,high,False,True,True,True,2
2214,2024-02-11,44,low,medium,True,False,False,True,0
2215,2024-04-05,64,medium,medium,True,False,True,True,0
2216,2025-02-27,55,active,high,False,False,True,True,0
2217,2024-03-12,61,active,low,False,True,True,True,1
2218,2025-02-16,58,active,high,True,False,True,True,2
2219,2025-04-16,33,low,high,True,False,False,False,1
2220,2024-12-27,47,medium,medium,True,False,True,True,3
2221,2024-06-21,49,medium,low,True,False,False,True,1
2222,2025-11-06,38,medium,high,False,False,True,True,1
2223,2024-08-04,53,active,low,False,False,True,True,1
2224,2024-05-07,61,medium,medium,True,True,True,True,2
2225,2024-01-22,52,active,medium,True,False,True,False,0
2226,2025-04-28,45,medium,high,False,False,True,True,0
2227,2025-12-29,46,medium,low,True,True,True,True,3
2228,2025-03-25,57,active,high,True,True,True,True,1
2229,2024-01-21,56,low,medium,False,False,False,True,2
2230,2025-05-04,35,medium,high,False,False,True,False,2
2231,2024-11-30,65,low,high,True,True,True,True,2
2232,2025-09-09,30,medium,medium,True,False,True,False,3
2233,2025-08-13,23,active,medium,False,False,True,False,1
2234,2024-10-09,18,active,low,True,False,True,False,1
2235,2025-01-05,34,active,low,True,False,True,False,0
2236,2024-06-26,63,low,low,True,False,True,False,2
2237,2025-02-12,42,medium,low,True,False,True,True,2
2238,2025-08-26,26,medium,low,False,False,True,True,1
2239,2025-08-09,18,medium,medium,True,True,True,False,0
2240,2024-08-29,51,one_time,high,True,False,True,False,0
2241,2024-02-10,65,low,high,False,True,False,False,1
2242,2025-04-29,23,super_active,high,False,False,True,True,2
2243,2025-12-03,36,active,medium,False,True,True,False,2
2244,2024-10-27,31,medium,medium,True,False,False,True,0
2245,2024-07-17,61,super_active,low,True,False,False,True,0
2246,2024-09-15,50,active,medium,True,False,False,False,1
2247,2024-03-12,19,active,medium,True,False,True,False,1
2248,2025-03-25,58,active,high,True,True,True,False,0
2249,2025-05-28,23,medium,medium,True,True,True,False,2
2250,2024-12-16,25,super_active,high,True,False,True,False,3
2251,2025-09-18,29,super_active,medium,False,True,True,True,1
2252,2024-08-24,54,medium,medium,False,True,True,False,1
2253,2024-10-14,27,active,high,False,False,True,False,1
2254,2025-11-14,20,active,high,True,True,True,True,1
2255,2025-11-01,34,medium,low,True,False,True,False,0
2256,2024-07-01,20,super_active,low,False,False,True,False,2
2257,2024-12-23,35,active,low,True,False,True,False,0
2258,2025-06-20,32,active,high,False,False,True,True,1
2259,2025-10-05,46,low,medium,False,False,True,False,3
2260,2024-11-03,36,medium,low,False,False,True,True,1
2261,2025-03-16,64,medium,low,True,True,True,True,1
2262,2024-05-14,30,super_active,low,True,True,True,False,1
2263,2024-10-13,61,medium,medium,True,False,True,False,3
2264,2024-04-27,38,low,low,True,False,False,True,0
2265,2024-08-15,41,active,high,True,True,True,True,2
2266,2025-02-28,28,super_active,medium,False,False,True,False,1
2267,2024-09-15,45,super_active,low,True,False,True,True,2
2268,2025-02-28,45,active,low,True,False,False,True,1
2269,2024-11-05,29,active,low,True,False,False,False,1
2270,2025-02-15,23,super_active,low,True,True,False,True,1
2271,2024-12-16,38,medium,low,True,True,True,True,1
2272,2024-06-17,34,super_active,high,False,False,False,False,0
2273,2024-09-08,65,super_active,low,False,False,True,False,1
2274,2024-07-06,40,active,medium,False,False,False,False,3
2275,2024-10-16,51,medium,medium,False,True,False,True,1
2276,2025-09-30,61,medium,high,True,False,True,False,0
2277,2025-07-27,43,medium,high,True,False,True,True,2
2278,2024-01-29,18,active,medium,True,False,True,True,0
2279,2025-10-30,35,active,medium,True,False,True,False,2
2280,2025-08-08,27,low,low,True,True,True,True,1
2281,2025-12-29,33,active,low,True,False,True,False,1
2282,2025-12-26,30,low,medium,True,True,True,True,2
2283,2024-01-05,21,medium,high,True,False,True,True,1
2284,2025-08-11,64,active,medium,False,True,False,False,0
2285,2025-12-31,46,medium,low,True,False,False,True,0
2286,2025-06-09,33,medium,high,True,False,True,True,2
2287,2024-11-27,50,active,low,False,False,False,True,2
2288,2024-04-03,34,super_active,medium,False,False,True,False,0
2289,2024-04-09,50,medium,low,True,True,True,False,1
2290,2025-05-04,18,active,low,False,False,False,False,1
2291,2024-08-27,25,active,low,False,False,True,True,0
2292,2025-07-30,44,medium,high,True,False,False,False,0
2293,2025-10-19,56,medium,high,False,True,True,True,2
2294,2025-10-09,44,super_active,medium,False,False,True,True,1
2295,2024-07-24,45,active,low,False,True,True,False,1
2296,2025-10-07,51,active,high,True,False,True,True,0
2297,2024-10-23,59,low,high,True,True,True,True,0
2298,2024-10-12,44,active,medium,True,False,True,False,2
2299,2025-05-08,61,active,medium,True,True,True,False,0
2300,2024-08-15,65,active,low,True,False,True,False,2
2301,2025-04-05,59,active,medium,True,True,True,False,0
2302,2024-08-22,64,active,medium,False,False,False,False,1
2303,2025-08-10,31,super_active,high,False,False,False,False,2
2304,2025-12-01,48,medium,medium,True,True,False,True,0
2305,2025-11-05,48,active,medium,True,True,False,False,2
2306,2025-01-22,30,low,medium,True,True,False,True,1
2307,2024-07-15,62,active,low,True,False,False,True,0
2308,2024-05-11,31,medium,low,False,False,True,True,1
2309,2025-10-14,21,active,medium,True,True,True,True,0
2310,2025-08-12,28,medium,low,True,False,True,True,1
2311,2024-06-10,60,one_time,medium,True,False,False,False,1
2312,2024-07-03,58,super_active,medium,True,False,True,False,1
2313,2025-04-22,38,medium,high,True,False,True,False,3
2314,2025-04-03,56,low,low,False,False,False,True,1
2315,2024-07-30,45,active,medium,False,True,False,True,0
2316,2025-07-13,54,one_time,low,False,True,True,False,1
2317,2025-05-15,30,active,low,False,False,True,False,0
2318,2025-01-30,49,low,medium,True,False,True,False,1
2319,2025-12-18,51,medium,low,True,False,False,False,0
2320,2025-11-05,30,low,low,False,True,True,True,3
2321,2024-04-21,35,low,high,True,False,True,False,2
2322,2025-05-12,40,medium,medium,False,False,True,True,3
2323,2024-01-20,18,medium,medium,False,False,False,False,0
2324,2025-11-12,49,active,high,True,False,False,True,0
2325,2024-03-22,41,medium,medium,True,False,True,False,0
2326,2024-01-05,24,low,high,False,False,True,True,3
2327,2024-03-07,58,super_active,low,True,False,True,False,1
2328,2024-08-21,21,medium,medium,True,False,True,True,3
2329,2025-03-05,32,active,low,True,False,True,True,1
2330,2025-07-05,45,active,high,False,True,False,True,2
2331,2025-02-26,24,super_active,high,False,True,True,False,0
2332,2025-10-28,59,medium,medium,False,True,True,True,0
2333,2025-12-03,24,low,medium,True,False,True,False,1
2334,2024-01-30,51,active,low,True,False,True,True,2
2335,2025-06-10,23,medium,low,True,False,True,True,0
2336,2025-05-02,63,medium,medium,True,True,False,True,2
2337,2025-04-20,29,medium,low,True,True,False,True,1
2338,2024-03-04,40,medium,low,True,False,True,True,0
2339,2024-07-05,35,active,medium,True,False,False,False,0
2340,2025-01-12,64,medium,low,False,False,False,True,1
2341,2024-12-14,38,one_time,low,False,True,True,False,0
2342,2024-11-11,34,active,high,True,False,True,False,0
2343,2024-02-19,64,active,medium,True,False,False,True,0
2344,2024-12-16,59,super_active,high,True,True,True,True,2
2345,2025-04-30,64,low,low,True,False,False,True,1
2346,2025-02-21,54,medium,medium,True,False,False,True,2
2347,2025-05-31,24,medium,medium,True,False,False,True,3
2348,2025-06-04,49,super_active,high,True,False,False,False,0
2349,2024-12-06,31,medium,high,False,False,True,True,1
2350,2024-11-13,64,low,low,False,False,False,True,0
2351,2024-08-25,27,low,medium,False,False,True,False,1
2352,2025-10-25,41,active,low,False,False,True,True,0
2353,2025-10-25,64,low,low,True,False,True,True,1
2354,2025-06-05,38,medium,high,True,False,True,True,1
2355,2025-05-11,36,active,medium,False,True,False,True,2
2356,2024-04-26,53,medium,low,False,False,True,False,1
2357,2025-03-10,43,active,medium,True,False,True,True,0
2358,2025-09-02,41,active,high,True,True,True,True,0
2359,2025-01-02,30,active,medium,True,False,False,True,2
2360,2025-03-04,54,low,high,False,False,False,True,1
2361,2025-03-13,44,medium,medium,True,False,False,False,1
2362,2025-06-09,52,active,high,True,True,False,False,0
2363,2024-12-01,30,low,high,True,False,True,True,0
2364,2025-01-27,46,super_active,high,False,False,True,False,0
2365,2025-06-08,41,active,low,True,False,True,False,2
2366,2025-12-24,44,super_active,low,True,False,True,True,2
2367,2025-07-06,27,super_active,medium,True,False,True,False,1
2368,2025-02-18,55,medium,medium,True,False,True,True,2
2369,2024-01-08,41,medium,medium,True,False,False,True,1
2370,2025-02-27,25,active,low,False,False,False,True,0
2371,2025-03-24,33,active,low,True,False,False,False,1
2372,2024-12-26,53,active,low,True,False,False,True,1
2373,2024-01-12,59,active,low,False,False,False,True,0
2374,2024-04-05,19,active,high,True,False,False,False,2
2375,2025-05-28,23,medium,low,False,False,False,True,1
2376,2024-10-12,48,low,high,False,True,True,True,1
2377,2024-05-07,57,active,medium,True,True,True,False,1
2378,2024-05-21,50,medium,low,False,False,False,False,1
2379,2024-02-07,57,medium,high,True,True,False,True,1
2380,2024-09-19,57,medium,low,True,True,True,False,2
2381,2025-06-19,58,medium,low,True,False,True,False,1
2382,2025-01-30,37,medium,medium,False,False,True,True,1
2383,2024-07-26,44,active,high,False,False,False,True,2
2384,2025-01-31,20,active,medium,True,False,False,True,0
2385,2024-10-08,59,active,medium,False,False,False,False,0
2386,2025-04-23,47,active,high,True,True,False,True,0
2387,2025-02-11,64,active,high,False,False,True,False,2
2388,2025-05-16,45,super_active,low,True,False,True,True,2
2389,2025-03-11,56,low,high,True,False,True,True,2
2390,2025-04-14,64,super_active,medium,False,False,True,True,1
2391,2024-07-04,25,active,high,True,False,False,False,1
2392,2024-03-03,46,active,high,False,False,False,True,0
2393,2024-03-31,61,active,high,True,False,True,False,0
2394,2025-10-09,65,active,medium,True,False,False,True,0
2395,2024-08-28,26,active,medium,True,True,True,False,1
2396,2024-08-12,63,active,high,True,True,True,True,1
2397,2025-03-19,61,active,low,False,False,True,True,3
2398,2024-11-03,55,active,high,True,False,True,False,0
2399,2024-09-15,30,super_active,low,True,False,False,True,1
2400,2024-10-01,39,low,high,True,False,True,False,2
2401,2025-11-28,54,one_time,medium,True,True,True,True,1
2402,2024-07-28,33,super_active,medium,True,False,False,True,2
2403,2024-06-17,21,super_active,high,True,True,True,True,1
2404,2024-03-21,47,low,medium,False,False,True,True,1
2405,2024-11-21,29,active,high,False,False,True,False,1
2406,2025-02-12,52,super_active,medium,False,True,True,False,1
2407,2024-01-02,28,active,high,False,True,False,False,2
2408,2025-08-31,63,active,low,False,True,True,False,0
2409,2024-06-13,40,active,medium,False,False,True,True,0
2410,2024-05-26,18,medium,low,False,True,True,True,0
2411,2025-01-16,56,medium,high,True,False,True,False,0
2412,2025-11-21,34,low,medium,True,True,True,True,1
2413,2025-03-18,24,active,high,True,False,True,True,1
2414,2024-03-04,26,super_active,medium,True,False,True,True,1
2415,2025-09-14,35,super_active,medium,True,True,False,False,2
2416,2025-10-25,35,one_time,medium,True,True,True,False,1
2417,2024-10-26,34,one_time,low,True,True,True,False,1
2418,2024-01-01,37,active,high,True,True,True,True,1
2419,2024-01-06,44,active,high,True,True,True,True,2
2420,2024-09-22,62,active,medium,True,False,True,True,1
2421,2025-05-23,24,active,low,True,False,True,False,1
2422,2025-02-24,63,medium,low,True,False,False,True,1
2423,2025-12-01,45,medium,low,True,True,True,True,0
2424,2024-01-27,57,active,medium,False,True,True,False,1
2425,2024-08-24,45,medium,medium,False,False,True,True,2
2426,2025-08-18,19,low,low,False,False,True,True,2
2427,2025-11-06,60,super_active,medium,True,True,False,True,1
2428,2024-10-14,34,low,low,False,False,False,True,2
2429,2025-02-01,64,active,low,True,False,True,True,2
2430,2024-02-28,52,super_active,medium,False,False,True,True,2
2431,2024-02-14,60,one_time,medium,True,True,False,True,3
2432,2024-08-21,19,super_active,low,True,True,False,False,0
2433,2025-01-17,46,active,high,True,True,False,True,0
2434,2024-09-29,20,medium,low,True,False,True,False,0
2435,2025-07-11,55,medium,medium,False,False,True,False,0
2436,2025-09-12,63,medium,medium,True,True,False,True,1
2437,2025-09-28,58,one_time,low,False,False,False,False,1
2438,2025-02-25,35,medium,high,True,True,True,True,3
2439,2025-09-24,53,one_time,medium,False,False,True,False,2
2440,2024-03-01,31,super_active,low,True,False,False,True,0
2441,2024-01-19,55,medium,medium,False,False,False,False,2
2442,2024-12-02,36,super_active,high,False,True,True,True,0
2443,2025-04-29,30,low,high,True,False,True,True,3
2444,2024-11-25,28,active,high,True,False,True,False,3
2445,2025-06-16,23,super_active,low,False,True,False,True,2
2446,2024-12-13,22,active,medium,False,True,True,True,2
2447,2024-08-06,46,medium,low,True,False,False,False,1
2448,2024-02-29,22,super_active,medium,True,False,True,False,1
2449,2025-12-24,25,medium,low,True,False,True,True,3
2450,2025-11-28,46,super_active,medium,True,True,True,False,1
2451,2025-08-07,27,super_active,high,True,True,True,False,0
2452,2025-12-12,60,active,medium,True,True,True,True,0
2453,2025-12-03,40,medium,medium,True,False,False,False,2
2454,2024-02-13,56,medium,medium,False,False,False,False,0
2455,2025-02-14,49,medium,medium,False,False,True,False,0
2456,2024-04-27,24,medium,low,True,True,False,True,1
2457,2025-12-01,39,low,high,True,True,True,True,0
2458,2025-04-27,60,medium,medium,False,False,True,False,3
2459,2024-12-18,19,medium,medium,False,True,False,False,0
2460,2025-10-19,37,medium,high,True,False,True,True,1
2461,2024-11-04,39,medium,medium,True,False,True,True,2
2462,2024-05-14,41,active,medium,False,False,True,True,3
2463,2025-08-06,50,active,high,True,False,True,True,0
2464,2025-08-31,48,medium,high,True,False,True,True,1
2465,2024-01-05,38,active,low,True,False,True,True,1
2466,2024-01-08,21,active,low,False,False,True,True,1
2467,2024-06-10,29,super_active,low,False,True,True,True,0
2468,2025-03-21,60,medium,medium,True,False,False,False,0
2469,2024-07-21,60,super_active,low,False,False,False,False,0
2470,2024-08-16,57,super_active,high,False,True,True,True,0
2471,2025-07-12,54,one_time,medium,False,True,True,False,2
2472,2025-03-31,27,low,medium,True,False,True,True,1
2473,2024-05-30,19,active,high,True,False,True,True,2
2474,2025-03-22,62,super_active,medium,True,False,True,True,0
2475,2024-01-12,54,low,high,True,True,True,False,0
2476,2025-10-03,20,medium,low,True,True,False,True,1
2477,2024-04-04,23,active,medium,False,True,False,False,2
2478,2025-10-14,45,super_active,high,False,False,True,False,0
2479,2025-01-29,40,medium,low,True,True,True,True,2
2480,2024-02-25,42,medium,medium,False,False,True,True,1
2481,2024-10-02,54,super_active,low,True,False,True,True,0
2482,2025-10-17,61,active,high,False,False,True,False,3
2483,2024-08-01,22,one_time,medium,False,False,True,False,0
2484,2025-11-28,48,one_time,low,True,False,True,False,2
2485,2025-06-11,27,super_active,medium,False,False,False,True,0
2486,2024-11-02,28,medium,medium,False,False,False,True,1
2487,2025-01-25,54,active,low,True,True,True,True,3
2488,2025-05-22,65,low,high,False,True,True,True,0
2489,2024-02-13,50,medium,medium,False,True,True,True,1
2490,2025-10-16,29,active,medium,False,True,False,False,0
2491,2024-07-04,53,low,high,False,False,False,False,0
2492,2025-09-10,37,medium,medium,False,True,True,False,1
2493,2024-06-21,37,super_active,medium,True,False,True,True,0
2494,2025-04-10,61,super_active,high,False,False,True,False,3
2495,2025-03-11,31,super_active,medium,False,False,True,True,1
2496,2024-06-04,18,active,high,True,False,False,False,0
2497,2024-06-14,20,active,low,True,False,True,False,0
2498,2025-03-15,58,active,medium,False,False,True,True,1
2499,2025-11-14,18,active,high,False,False,True,True,2
2500,2024-05-04,49,medium,high,False,False,False,False,3
2501,2024-05-14,33,low,low,True,False,True,True,1
2502,2024-07-01,57,active,medium,True,False,True,True,1
2503,2024-06-17,21,active,low,True,False,True,False,3
2504,2024-03-16,31,low,low,True,False,True,True,0
2505,2025-10-10,22,medium,low,False,True,True,False,0
2506,2025-05-23,45,active,high,False,False,False,True,0
2507,2024-09-20,21,active,low,False,True,False,True,2
2508,2025-06-06,49,active,medium,True,True,True,False,1
2509,2024-05-02,61,medium,high,True,False,True,False,2
2510,2024-09-26,32,medium,high,True,True,True,True,0
2511,2024-01-29,42,active,low,True,False,True,False,1
2512,2025-02-26,59,active,medium,True,False,False,False,2
2513,2025-09-18,25,medium,low,True,False,True,True,0
2514,2025-09-30,29,super_active,medium,True,False,True,True,1
2515,2025-08-17,39,medium,medium,False,False,False,False,0
2516,2024-12-01,18,active,high,False,False,True,True,1
2517,2024-04-30,27,active,low,True,False,True,True,0
2518,2024-08-17,61,super_active,low,True,True,True,False,1
2519,2025-10-25,31,medium,medium,True,False,True,False,1
2520,2024-02-12,39,medium,low,False,False,False,True,1
2521,2024-09-22,62,medium,medium,False,True,False,False,2
2522,2025-11-05,34,one_time,medium,False,True,False,False,3
2523,2024-11-24,65,medium,low,True,False,True,True,1
2524,2024-06-28,34,medium,medium,False,True,True,True,1
2525,2025-02-08,18,active,high,False,False,False,False,2
2526,2025-05-24,53,super_active,low,False,True,True,False,1
2527,2024-04-05,40,medium,medium,True,False,True,True,0
2528,2024-03-19,53,medium,medium,False,True,True,True,0
2529,2025-03-26,43,active,medium,True,True,False,True,0
2530,2024-05-18,50,one_time,medium,True,False,False,False,2
2531,2025-01-13,28,active,high,True,False,True,True,1
2532,2024-05-18,54,medium,low,False,False,True,True,1
2533,2024-06-05,44,super_active,high,False,False,True,True,0
2534,2025-07-19,29,super_active,low,True,False,True,True,0
2535,2025-10-18,28,active,low,True,False,True,True,1
2536,2024-09-16,41,super_active,low,True,False,True,False,1
2537,2025-02-25,27,low,low,False,False,False,True,0
2538,2024-08-27,63,active,high,True,True,True,True,2
2539,2025-08-10,39,low,high,False,False,True,True,2
2540,2024-07-25,31,medium,low,False,False,False,False,1
2541,2025-02-01,32,low,high,True,False,True,True,1
2542,2024-11-28,41,low,low,True,False,True,True,0
2543,2024-12-11,23,medium,low,False,False,True,False,1
2544,2025-06-08,40,super_active,medium,False,False,True,True,1
2545,2024-09-15,61,active,medium,True,True,True,True,0
2546,2024-05-02,21,medium,medium,False,False,True,False,3
2547,2024-12-14,36,super_active,medium,True,True,True,True,1
2548,2025-05-21,18,active,low,False,False,True,True,1
2549,2025-06-24,58,active,medium,True,True,False,True,0
2550,2024-11-19,29,active,high,False,False,False,False,1
2551,2024-08-14,44,medium,high,False,False,True,True,1
2552,2025-01-21,31,medium,high,True,False,True,False,0
2553,2025-02-23,28,active,low,False,True,True,False,1
2554,2025-05-18,64,super_active,low,False,False,False,True,1
2555,2025-07-11,32,medium,medium,False,True,True,True,3
2556,2025-03-31,55,active,medium,False,True,False,False,0
2557,2024-07-05,23,low,high,True,True,True,True,2
2558,2025-04-21,31,medium,medium,False,False,False,False,3
2559,2025-05-17,28,active,medium,True,False,True,True,2
2560,2025-01-29,46,medium,low,False,False,True,True,1
2561,2024-05-03,63,medium,low,True,True,True,True,1
2562,2025-11-02,49,active,medium,False,False,False,True,0
2563,2025-06-03,41,active,low,False,False,False,True,0
2564,2025-09-26,56,active,high,True,False,False,True,0
2565,2024-08-23,33,super_active,medium,True,True,False,True,0
2566,2024-05-30,19,active,medium,False,False,True,False,1
2567,2025-05-30,49,super_active,low,True,True,True,False,2
2568,2025-09-11,56,medium,medium,True,False,True,False,2
2569,2025-04-11,52,active,medium,True,True,True,True,1
2570,2024-11-10,37,low,medium,False,True,True,False,0
2571,2025-01-15,33,super_active,high,False,False,True,False,0
2572,2024-11-11,65,super_active,low,False,False,True,False,0
2573,2025-04-05,51,low,low,False,True,True,True,0
2574,2024-12-05,50,medium,medium,False,False,True,True,0
2575,2024-06-19,45,active,medium,True,False,True,True,2
2576,2025-07-05,43,super_active,low,True,False,True,True,1
2577,2024-06-11,58,medium,low,True,True,False,True,1
2578,2024-08-20,47,low,high,True,False,False,True,1
2579,2024-04-06,50,active,medium,False,True,True,False,2
2580,2025-09-13,42,active,high,False,False,True,False,1
2581,2025-08-29,21,active,medium,True,True,False,False,1
2582,2024-02-14,37,active,high,True,False,True,True,1
2583,2024-11-24,26,low,high,True,False,True,True,1
2584,2025-03-08,28,active,high,False,False,True,True,2
2585,2024-11-05,46,low,medium,False,True,True,False,3
2586,2024-06-22,54,active,low,False,False,False,False,2
2587,2025-07-06,38,medium,medium,False,False,False,False,1
2588,2024-03-27,19,active,low,False,False,True,False,1
2589,2024-03-31,46,medium,medium,False,False,False,True,0
2590,2024-11-08,42,low,medium,True,False,True,True,2
2591,2025-03-27,35,active,high,False,True,True,True,0
2592,2025-11-17,60,super_active,high,True,False,True,False,3
2593,2025-01-18,52,one_time,low,False,False,True,False,1
2594,2025-11-06,32,active,medium,True,False,False,True,1
2595,2025-07-18,20,super_active,low,False,True,True,True,0
2596,2024-04-05,46,medium,medium,True,False,True,True,1
2597,2024-02-11,26,medium,high,True,False,True,False,2
2598,2025-04-30,27,active,low,True,False,False,True,0
2599,2024-07-08,18,active,low,True,False,True,True,1
2600,2024-05-26,42,medium,medium,True,True,False,True,2
2601,2024-07-15,46,medium,high,True,False,False,False,1
2602,2025-05-02,48,medium,high,True,True,True,True,0
2603,2025-01-03,29,super_active,high,True,False,False,True,3
2604,2025-04-27,48,super_active,medium,True,False,True,False,3
2605,2025-03-04,28,medium,medium,False,False,True,True,0
2606,2024-05-24,39,medium,medium,False,False,True,False,2
2607,2025-10-30,56,active,low,True,True,False,False,1
2608,2025-10-02,42,active,high,True,False,False,True,0
2609,2024-09-18,56,active,low,True,False,True,False,1
2610,2025-09-08,56,low,high,True,True,True,True,0
2611,2025-10-07,46,active,high,True,False,False,False,0
2612,2024-02-28,53,active,low,False,False,True,True,1
2613,2025-08-03,43,active,high,False,False,True,True,3
2614,2024-08-15,28,medium,high,False,True,True,True,1
2615,2025-05-18,19,super_active,high,False,False,True,False,2
2616,2025-02-19,47,low,low,True,True,True,True,0
2617,2024-03-12,18,low,medium,False,False,True,True,1
2618,2025-03-19,60,low,high,False,False,True,True,2
2619,2024-08-07,65,low,medium,True,False,True,True,1
2620,2025-06-22,33,medium,low,True,True,False,True,1
2621,2025-10-17,60,medium,low,False,True,True,True,1
2622,2025-07-23,58,medium,low,True,True,False,False,2
2623,2025-12-10,33,super_active,high,False,False,True,True,1
2624,2024-01-31,56,low,high,True,False,False,True,2
2625,2025-11-12,60,low,low,True,True,True,False,0
2626,2024-09-23,54,active,high,True,True,True,True,0
2627,2025-10-08,58,medium,medium,False,False,True,True,1
2628,2025-07-07,61,super_active,high,True,False,True,False,1
2629,2025-08-20,49,active,medium,True,True,True,True,1
2630,2025-08-22,21,active,medium,False,False,False,False,0
2631,2024-11-03,43,active,medium,True,False,True,True,2
2632,2024-08-04,30,medium,high,True,False,True,True,1
2633,2024-03-17,45,medium,medium,True,False,True,False,2
2634,2024-08-01,21,active,low,False,False,False,False,1
2635,2024-12-10,54,low,low,False,False,True,True,1
2636,2025-08-13,40,low,medium,False,False,True,False,3
2637,2024-03-24,34,medium,high,True,True,False,True,0
2638,2024-03-26,21,active,medium,False,False,True,False,1
2639,2024-06-10,40,one_time,medium,True,False,True,False,1
2640,2025-10-01,43,active,low,True,False,True,False,3
2641,2024-07-25,60,active,medium,True,True,False,False,1
2642,2025-03-13,39,super_active,medium,True,True,False,True,1
2643,2025-11-28,39,active,medium,True,False,True,True,0
2644,2025-08-31,45,active,medium,True,True,True,False,3
2645,2025-10-30,45,medium,low,True,False,True,False,0
2646,2025-10-11,51,active,low,False,True,False,False,1
2647,2025-07-22,21,medium,high,False,False,True,False,0
2648,2024-06-01,53,active,high,False,False,True,False,2
2649,2025-02-24,55,active,high,True,False,False,False,2
2650,2025-07-04,36,active,medium,False,False,True,False,0
2651,2024-07-29,57,super_active,low,False,False,True,True,1
2652,2025-06-09,64,active,low,False,False,False,True,0
2653,2024-12-14,39,active,low,True,True,True,True,1
2654,2024-06-06,48,medium,medium,False,True,True,False,0
2655,2025-12-12,27,one_time,medium,True,False,True,True,1
2656,2025-11-03,44,active,low,False,False,False,True,1
2657,2024-10-25,58,active,low,False,True,False,False,1
2658,2024-04-22,30,active,low,True,False,False,False,0
2659,2025-07-12,53,super_active,low,False,False,False,False,0
2660,2025-02-09,22,low,medium,False,False,True,True,1
2661,2024-12-13,61,medium,high,True,False,True,True,1
2662,2025-11-08,52,medium,low,True,False,False,True,3
2663,2024-07-13,24,super_active,medium,True,True,True,False,3
2664,2024-10-08,48,active,high,True,False,True,False,1
2665,2024-02-18,24,active,high,True,False,True,True,0
2666,2025-07-17,21,active,medium,False,False,False,True,1
2667,2025-05-20,48,super_active,medium,True,False,True,True,2
2668,2024-02-28,37,medium,medium,True,False,True,True,1
2669,2024-03-08,27,super_active,medium,False,False,True,True,1
2670,2024-04-22,47,active,low,False,False,True,False,0
2671,2025-02-20,39,super_active,medium,True,False,True,True,1
2672,2024-02-28,34,medium,high,True,False,False,True,2
2673,2025-01-26,55,active,low,True,True,False,True,0
2674,2025-04-13,60,super_active,medium,True,False,True,True,2
2675,2024-03-27,45,super_active,medium,False,False,True,False,2
2676,2025-12-12,61,medium,low,True,True,True,True,1
2677,2025-05-14,42,low,low,False,False,True,False,2
2678,2025-04-04,37,medium,medium,True,False,True,False,0
2679,2024-12-22,54,medium,medium,True,False,True,False,0
2680,2024-11-12,44,active,high,False,True,True,True,2
2681,2024-03-21,56,low,low,False,True,True,True,3
2682,2025-06-26,21,medium,medium,True,False,True,True,0
2683,2024-04-01,34,medium,medium,False,False,True,True,3
2684,2025-02-19,41,low,low,True,True,True,False,0
2685,2025-08-20,55,active,medium,False,True,True,False,2
2686,2025-04-04,61,active,medium,False,False,True,False,1
2687,2025-10-09,18,active,high,False,True,True,False,0
2688,2024-09-23,25,medium,high,True,False,True,True,2
2689,2024-06-20,36,low,high,True,True,False,True,0
2690,2025-10-17,30,active,medium,False,False,True,True,0
2691,2025-09-01,27,medium,low,False,False,True,True,0
2692,2024-03-15,41,low,medium,True,False,False,False,0
2693,2025-07-13,20,low,medium,False,False,False,True,1
2694,2025-03-29,45,low,low,True,False,True,False,0
2695,2024-12-25,20,active,medium,False,True,True,False,2
2696,2025-12-12,55,super_active,high,True,False,False,True,0
2697,2025-10-13,32,super_active,low,True,False,False,False,2
2698,2025-02-19,57,medium,high,True,True,True,True,0
2699,2025-11-27,61,super_active,medium,True,False,True,True,3
2700,2025-06-10,63,active,high,True,False,False,True,0
2701,2025-09-25,52,super_active,medium,False,False,True,False,1
2702,2025-07-15,22,low,medium,True,False,True,False,1
2703,2024-03-26,27,medium,medium,True,False,False,False,1
2704,2024-12-29,62,medium,high,False,False,True,True,1
2705,2024-03-13,41,super_active,medium,False,False,False,True,1
2706,2025-07-25,54,medium,medium,True,False,False,False,0
2707,2024-04-05,35,low,high,False,False,True,False,1
2708,2024-10-01,47,medium,low,False,True,True,True,2
2709,2024-08-31,37,one_time,medium,True,False,False,False,3
2710,2025-06-24,42,medium,medium,True,True,True,True,2
2711,2024-08-13,21,active,high,False,True,True,False,2
2712,2025-09-09,61,medium,low,True,False,False,False,1
2713,2025-11-12,20,low,medium,False,False,False,True,2
2714,2024-08-12,53,medium,low,False,False,True,False,2
2715,2024-09-26,52,medium,low,False,False,False,True,2
2716,2024-03-09,65,active,low,True,False,True,True,2
2717,2024-08-08,35,active,high,True,True,True,True,1
2718,2025-12-02,43,one_time,low,True,False,True,False,0
2719,2025-12-05,43,active,high,False,True,False,True,0
2720,2024-07-14,23,active,low,True,False,True,False,2
2721,2025-07-03,20,super_active,medium,True,False,True,True,1
2722,2024-03-17,32,active,high,False,False,True,True,2
2723,2025-09-04,36,active,high,True,True,True,True,0
2724,2025-11-06,52,medium,low,True,False,True,False,1
2725,2025-05-08,38,super_active,high,True,True,True,True,0
2726,2025-08-25,56,medium,low,False,False,True,False,0
2727,2025-08-22,56,medium,high,True,False,False,True,0
2728,2024-08-12,41,active,medium,True,True,False,False,1
2729,2024-11-12,64,medium,medium,True,True,True,True,0
2730,2025-06-03,37,active,medium,True,False,True,False,3
2731,2024-02-01,23,active,medium,False,False,True,False,2
2732,2025-06-21,46,low,low,False,True,True,True,0
2733,2025-02-20,46,active,low,True,False,True,True,3
2734,2025-04-04,51,medium,high,False,False,False,False,2
2735,2025-04-18,22,super_active,low,True,True,False,True,2
2736,2025-10-23,63,low,medium,False,False,True,True,0
2737,2025-01-30,42,super_active,low,True,False,False,True,2
2738,2024-09-03,26,medium,low,True,True,True,True,1
2739,2024-08-26,43,low,medium,True,False,True,True,1
2740,2024-02-07,42,active,low,False,True,True,True,0
2741,2024-08-25,62,active,high,True,False,True,True,3
2742,2025-06-13,58,active,medium,True,False,True,True,1
2743,2025-02-04,34,active,high,True,False,True,False,2
2744,2024-01-01,52,medium,medium,True,False,True,False,0
2745,2025-09-27,60,medium,high,True,True,True,True,1
2746,2025-03-28,61,medium,high,False,True,True,False,2
2747,2025-01-13,38,active,medium,True,False,False,False,1
2748,2024-01-21,20,active,low,False,False,True,False,0
2749,2024-01-03,51,super_active,medium,True,False,True,True,3
2750,2024-09-01,26,super_active,medium,False,False,True,True,1
2751,2024-06-22,31,super_active,medium,False,False,True,True,1
2752,2025-03-27,52,super_active,low,True,False,False,True,3
2753,2025-04-07,42,super_active,medium,True,False,False,True,3
2754,2024-10-18,44,active,medium,False,False,True,False,2
2755,2024-10-24,49,medium,medium,False,False,False,False,0
2756,2024-06-06,45,super_active,low,True,False,False,False,3
2757,2024-05-03,59,active,medium,False,True,False,False,1
2758,2025-02-28,55,active,medium,False,True,True,True,2
2759,2024-01-31,55,medium,medium,False,True,True,True,1
2760,2024-09-17,49,medium,medium,False,False,False,True,0
2761,2024-09-11,65,medium,medium,True,False,True,True,2
2762,2024-05-01,48,active,low,False,False,False,False,2
2763,2024-01-22,34,medium,medium,True,True,False,False,2
2764,2024-09-10,20,active,medium,False,False,True,False,2
2765,2025-09-19,28,active,low,True,False,True,True,2
2766,2025-02-27,45,medium,medium,True,False,False,True,0
2767,2024-11-14,31,low,medium,False,False,True,True,0
2768,2025-12-11,21,low,high,False,False,True,True,3
2769,2025-02-12,37,active,medium,True,False,True,True,0
2770,2024-07-29,55,active,low,True,False,True,False,0
2771,2024-09-01,22,active,medium,True,True,True,False,0
2772,2025-05-09,23,active,medium,False,True,False,True,0
2773,2024-06-02,27,medium,high,True,False,True,True,2
2774,2025-05-26,20,active,medium,True,True,False,True,2
2775,2024-04-30,63,medium,low,True,False,True,False,1
2776,2024-06-13,56,low,high,True,False,True,True,1
2777,2025-09-21,50,medium,high,True,False,True,False,1
2778,2024-04-12,31,medium,medium,False,False,True,True,2
2779,2025-12-18,43,low,low,True,True,True,True,1
2780,2024-12-30,36,active,high,True,False,True,True,1
2781,2025-01-09,36,low,high,False,False,True,False,1
2782,2025-04-29,49,medium,high,True,False,True,False,2
2783,2025-08-22,32,active,medium,True,False,True,True,1
2784,2025-02-21,19,active,medium,True,False,True,True,1
2785,2025-08-28,39,super_active,medium,False,False,False,True,1
2786,2024-11-18,36,active,medium,True,False,True,False,1
2787,2024-06-20,24,low,high,True,False,True,False,0
2788,2024-02-15,43,medium,low,True,True,True,True,3
2789,2025-06-01,41,super_active,high,False,False,False,False,0
2790,2025-01-24,25,active,medium,False,False,True,False,0
2791,2025-01-14,64,super_active,medium,True,True,False,False,1
2792,2025-06-14,52,super_active,medium,False,False,True,True,1
2793,2025-12-30,65,medium,medium,True,True,True,False,0
2794,2024-07-23,22,low,medium,False,False,True,False,3
2795,2025-05-24,41,one_time,medium,True,True,False,True,3
2796,2025-05-20,33,medium,low,False,False,False,True,1
2797,2025-02-12,19,active,medium,False,False,False,True,2
2798,2024-11-07,65,medium,low,False,False,True,True,2
2799,2025-09-27,25,medium,high,True,False,True,True,1
2800,2024-09-19,59,medium,low,True,True,False,True,2
2801,2025-08-27,27,low,high,True,False,True,True,3
2802,2025-05-07,22,medium,medium,False,False,True,True,0
2803,2024-02-09,31,low,medium,True,False,True,True,0
2804,2024-03-20,43,active,low,True,False,True,True,1
2805,2024-03-28,41,active,medium,True,False,True,False,0
2806,2025-06-27,54,active,low,False,False,True,False,0
2807,2025-09-08,47,medium,high,False,True,False,True,2
2808,2025-10-24,51,active,medium,True,True,True,True,3
2809,2025-02-03,28,low,low,False,False,True,False,0
2810,2025-10-16,19,medium,medium,True,False,True,False,2
2811,2024-05-10,43,medium,high,True,False,True,False,1
2812,2025-12-21,46,medium,medium,True,False,False,False,0
2813,2025-03-30,26,super_active,medium,False,False,True,True,1
2814,2025-01-14,43,low,medium,True,False,False,True,3
2815,2025-04-10,44,low,medium,False,True,True,False,2
2816,2025-04-14,28,active,medium,True,True,True,False,0
2817,2025-06-25,30,active,low,False,True,True,True,0
2818,2025-07-01,41,low,medium,True,False,True,True,1
2819,2024-03-23,24,medium,high,False,False,True,False,2
2820,2024-04-19,53,active,high,False,False,False,False,2
2821,2024-11-22,53,one_time,low,False,True,True,False,1
2822,2025-08-12,20,medium,high,True,False,False,True,1
2823,2024-04-28,44,low,low,True,False,True,True,0
2824,2024-05-14,58,active,medium,False,False,False,True,1
2825,2025-02-20,33,super_active,medium,False,True,False,True,0
2826,2024-12-15,41,super_active,low,True,False,False,False,1
2827,2024-05-22,23,medium,medium,True,True,False,True,1
2828,2024-03-02,65,medium,low,False,True,True,True,2
2829,2025-10-07,19,active,medium,True,False,True,True,0
2830,2025-02-25,43,low,medium,True,False,False,True,1
2831,2024-04-24,24,medium,medium,False,False,True,True,1
2832,2025-02-03,22,medium,medium,True,True,True,True,0
2833,2025-11-24,30,super_active,high,True,True,True,True,3
2834,2025-08-05,49,medium,medium,False,False,False,True,1
2835,2024-03-11,38,active,high,False,False,True,True,2
2836,2025-10-10,51,medium,high,False,False,True,True,2
2837,2024-11-10,26,active,low,False,False,False,True,3
2838,2025-09-09,40,super_active,low,True,False,True,True,0
2839,2024-07-22,21,one_time,high,False,True,False,True,1
2840,2024-10-21,62,active,medium,True,True,True,True,1
2841,2025-11-16,20,active,medium,False,True,True,True,1
2842,2025-12-12,22,active,low,False,True,False,False,3
2843,2025-09-16,18,active,low,True,False,True,False,2
2844,2024-02-17,59,medium,high,True,False,True,False,2
2845,2024-08-25,64,active,high,False,False,True,True,0
2846,2025-10-13,23,super_active,medium,False,False,False,True,3
2847,2025-01-28,26,active,medium,False,True,True,False,3
2848,2025-07-11,39,low,low,True,False,True,False,2
2849,2025-12-17,52,super_active,high,True,False,True,False,2
2850,2025-01-16,34,active,low,False,False,True,True,3
2851,2025-10-20,55,active,low,True,False,True,False,1
2852,2025-08-17,20,super_active,low,True,False,True,True,2
2853,2025-10-11,45,active,high,False,False,True,True,0
2854,2024-10-21,55,active,high,True,True,True,True,1
2855,2025-12-22,21,active,medium,True,False,False,True,2
2856,2025-03-19,56,medium,medium,False,False,True,True,2
2857,2025-07-17,42,medium,medium,False,False,True,True,1
2858,2024-10-05,46,super_active,low,True,False,True,True,1
2859,2024-04-08,62,low,low,True,True,False,True,1
2860,2024-01-30,54,low,medium,True,True,True,True,0
2861,2025-02-21,30,low,low,True,False,False,True,1
2862,2024-04-06,35,medium,medium,True,False,False,False,0
2863,2024-09-24,31,active,low,True,False,True,False,0
2864,2025-05-17,48,active,medium,True,False,True,True,2
2865,2025-03-26,18,active,medium,True,False,False,True,2
2866,2025-05-01,35,active,high,False,False,True,True,1
2867,2025-12-19,42,active,high,False,True,False,True,2
2868,2025-11-12,59,super_active,high,True,False,True,True,1
2869,2025-08-04,18,medium,low,False,True,True,True,1
2870,2025-07-31,64,low,low,False,False,True,False,3
2871,2025-03-04,58,super_active,medium,True,True,True,False,0
2872,2024-04-09,62,low,medium,False,False,True,True,0
2873,2024-10-02,29,low,low,True,False,False,True,0
2874,2024-05-20,23,medium,medium,True,False,False,False,1
2875,2024-09-22,19,medium,low,True,False,False,True,0
2876,2025-09-12,40,low,high,True,False,True,False,2
2877,2024-03-26,20,medium,medium,True,True,True,True,1
2878,2024-01-10,48,active,medium,True,True,True,True,2
2879,2024-11-02,65,active,low,True,False,True,True,1
2880,2024-10-29,52,super_active,medium,True,False,False,False,2
2881,2025-10-17,58,active,medium,False,False,False,False,2
2882,2024-04-29,26,active,medium,True,True,True,False,1
2883,2024-02-28,27,medium,medium,True,False,True,False,1
2884,2025-01-03,46,medium,medium,False,True,True,False,1
2885,2025-08-04,44,super_active,medium,False,False,True,True,3
2886,2024-07-02,45,active,medium,False,False,False,True,3
2887,2025-09-03,39,active,low,True,False,False,True,0
2888,2024-07-03,29,low,medium,True,True,True,False,1
2889,2024-09-11,46,super_active,high,False,False,False,True,1
2890,2025-08-14,53,medium,medium,True,False,True,False,1
2891,2024-02-14,61,medium,medium,False,True,True,True,3
2892,2025-03-20,21,super_active,low,False,False,True,False,1
2893,2024-07-12,37,one_time,medium,True,False,True,True,0
2894,2024-03-08,36,active,medium,False,False,True,True,3
2895,2025-02-11,46,one_time,medium,True,False,False,False,0
2896,2024-08-23,59,medium,low,True,True,False,True,2
2897,2025-11-12,39,active,low,False,False,False,False,0
2898,2024-01-01,35,low,low,True,True,False,True,1
2899,2025-12-25,45,medium,low,True,True,True,False,0
2900,2025-05-01,19,medium,medium,True,True,False,False,3
2901,2025-08-29,44,one_time,medium,True,True,False,True,1
2902,2024-01-11,44,medium,low,False,True,True,True,0
2903,2025-07-13,41,low,high,True,True,False,True,3
2904,2025-12-12,22,active,low,False,False,True,False,1
2905,2025-03-19,33,medium,high,False,False,True,True,1
2906,2025-01-26,43,medium,medium,True,True,False,False,1
2907,2024-05-15,23,active,medium,False,True,False,False,3
2908,2025-11-25,36,medium,low,False,False,True,True,1
2909,2024-01-30,49,active,medium,True,False,True,True,2
2910,2024-02-25,19,active,medium,False,False,True,True,2
2911,2025-09-12,38,active,medium,False,False,True,True,1
2912,2024-09-09,57,medium,low,True,True,True,True,2
2913,2024-10-24,30,active,high,True,True,False,False,1
2914,2024-10-24,61,low,medium,True,False,True,True,0
2915,2025-08-14,21,active,medium,True,True,True,True,1
2916,2025-05-07,25,active,low,True,False,True,True,1
2917,2025-08-27,49,active,medium,False,True,True,True,2
2918,2025-11-07,19,active,medium,False,False,False,True,1
2919,2025-12-20,37,active,high,True,True,True,True,0
2920,2025-09-11,32,medium,medium,False,False,True,False,1
2921,2025-05-07,31,medium,high,True,True,True,False,0
2922,2025-05-17,22,low,low,True,False,False,True,1
2923,2025-06-08,45,active,high,True,False,True,True,0
2924,2024-01-08,37,low,high,True,True,False,True,3
2925,2024-05-17,57,super_active,low,True,False,True,True,0
2926,2024-10-02,57,active,low,False,False,True,True,1
2927,2025-04-07,65,active,low,False,True,False,True,1
2928,2024-05-31,45,active,low,False,False,True,False,3
2929,2025-12-01,26,super_active,low,True,False,True,False,1
2930,2024-08-19,25,medium,medium,True,True,False,False,0
2931,2025-08-07,52,active,medium,False,False,True,True,2
2932,2024-08-31,46,active,low,False,False,True,True,0
2933,2024-04-24,46,active,high,True,False,True,True,0
2934,2024-11-27,27,active,low,False,False,False,True,0
2935,2025-01-07,40,active,high,True,False,True,True,3
2936,2024-01-10,36,super_active,medium,False,True,True,True,1
2937,2025-02-16,45,low,low,True,False,True,True,0
2938,2025-02-25,56,medium,medium,False,True,True,False,1
2939,2025-09-17,47,medium,medium,False,True,False,True,1
2940,2025-04-26,57,active,high,True,False,True,True,1
2941,2025-11-14,36,active,medium,True,False,False,False,2
2942,2024-05-24,28,medium,low,False,False,True,False,0
2943,2024-07-24,19,one_time,low,True,True,True,True,3
2944,2025-01-10,19,medium,high,False,False,False,False,0
2945,2024-07-05,53,medium,medium,False,False,True,True,2
2946,2025-06-20,38,active,medium,True,False,False,False,1
2947,2025-02-18,52,low,low,True,False,True,True,1
2948,2025-11-29,28,low,medium,False,True,True,True,0
2949,2024-03-04,50,active,low,False,False,True,False,1
2950,2024-06-24,61,super_active,low,True,False,True,True,2
2951,2024-06-25,57,medium,high,True,False,False,True,1
2952,2024-01-19,29,medium,low,True,True,True,True,1
2953,2025-01-21,58,medium,high,False,False,False,False,1
2954,2025-09-19,29,medium,medium,False,True,True,True,0
2955,2024-04-19,35,medium,low,True,True,True,True,1
2956,2024-07-03,47,low,high,True,False,True,False,0
2957,2024-04-07,33,medium,high,True,False,False,True,2
2958,2024-02-17,52,medium,medium,False,True,True,True,2
2959,2025-06-25,27,active,high,False,False,True,False,0
2960,2024-08-28,22,medium,medium,True,True,True,True,1
2961,2024-11-04,40,low,high,True,False,True,False,1
2962,2025-06-02,55,medium,high,True,True,True,True,1
2963,2025-04-02,61,active,low,True,False,True,False,3
2964,2024-03-21,20,super_active,high,True,False,True,True,1
2965,2024-11-07,55,active,high,False,False,True,True,1
2966,2024-10-16,61,active,high,True,False,True,False,1
2967,2025-01-10,23,medium,medium,True,False,True,False,3
2968,2024-09-27,42,super_active,low,False,True,True,True,0
2969,2025-08-08,65,medium,high,True,False,True,False,0
2970,2024-03-05,25,medium,high,True,False,True,False,1
2971,2024-11-20,24,super_active,high,True,False,True,True,2
2972,2025-02-14,21,medium,low,True,True,True,True,2
2973,2025-10-05,21,medium,low,True,False,True,False,0
2974,2024-09-30,55,super_active,medium,False,False,True,True,1
2975,2024-03-21,21,medium,high,True,False,False,True,2
2976,2025-09-23,40,super_active,low,True,True,False,False,1
2977,2025-10-08,36,one_time,low,False,False,True,False,0
2978,2024-07-28,58,active,low,True,True,True,False,2
2979,2025-08-13,30,active,low,True,True,False,False,1
2980,2024-06-13,19,medium,high,True,True,False,True,1
2981,2024-05-01,53,low,high,True,True,True,True,2
2982,2024-12-23,28,active,medium,True,False,True,True,1
2983,2025-11-30,53,medium,low,True,False,True,True,0
2984,2025-07-07,40,active,low,True,False,False,True,0
2985,2024-08-22,51,medium,high,True,False,True,True,0
2986,2025-04-11,39,super_active,high,False,True,True,True,1
2987,2024-08-29,61,super_active,medium,True,True,False,True,3
2988,2024-11-21,49,medium,medium,False,False,False,False,0
2989,2025-06-10,23,active,medium,True,False,False,False,0
2990,2024-11-09,37,active,low,False,False,True,True,1
2991,2024-07-02,34,active,medium,False,True,False,True,2
2992,2024-11-01,31,active,medium,True,False,False,True,1
2993,2024-04-22,39,medium,high,True,False,True,True,1
2994,2025-08-03,59,active,low,True,False,False,True,2
2995,2025-05-25,51,active,medium,False,False,True,True,1
2996,2024-11-09,42,medium,low,False,False,True,False,0
2997,2025-04-07,35,medium,medium,True,True,False,True,0
2998,2025-04-13,21,low,medium,False,False,False,True,1
2999,2024-01-25,49,one_time,medium,True,True,True,False,1
3000,2024-07-24,41,active,high,False,False,False,False,1
3001,2024-09-30,44,super_active,high,True,True,False,False,0
3002,2024-05-23,40,super_active,high,True,True,False,True,2
3003,2025-07-20,55,low,medium,True,True,True,False,0
3004,2025-06-02,61,medium,medium,False,True,False,False,1
3005,2024-09-22,22,medium,high,False,False,True,False,0
3006,2024-04-06,20,active,low,False,False,True,False,1
3007,2025-06-03,33,active,medium,False,False,True,True,0
3008,2024-01-15,40,low,high,False,True,True,True,2
3009,2025-11-16,30,medium,low,True,False,True,False,0
3010,2024-03-11,26,medium,high,False,True,True,True,1
3011,2025-09-03,41,medium,low,False,False,True,True,0
3012,2025-11-05,18,active,high,True,False,True,False,2
3013,2025-07-18,57,super_active,medium,False,False,True,True,0
3014,2025-11-14,19,super_active,high,True,True,False,True,0
3015,2024-02-19,23,medium,low,True,False,True,True,1
3016,2024-04-07,52,active,medium,False,True,False,True,2
3017,2025-11-09,38,medium,high,False,False,True,False,1
3018,2025-08-22,65,low,medium,False,True,False,True,0
3019,2025-05-23,49,low,medium,False,True,False,True,0
3020,2025-10-26,59,medium,medium,True,False,False,False,0
3021,2024-09-21,31,active,low,False,False,True,False,1
3022,2025-07-10,24,active,low,True,False,True,False,0
3023,2024-06-10,40,active,medium,True,False,False,False,0
3024,2024-07-23,29,medium,low,False,False,True,False,0
3025,2025-05-31,46,active,high,True,False,True,True,0
3026,2024-11-02,31,low,low,True,False,True,False,2
3027,2024-05-09,20,one_time,low,True,False,True,True,3
3028,2025-08-26,26,medium,high,False,False,False,False,1
3029,2025-11-21,60,medium,medium,True,False,False,True,1
3030,2024-04-13,34,super_active,high,False,False,True,True,1
3031,2025-12-07,58,active,medium,True,False,True,True,0
3032,2024-10-03,60,medium,medium,True,False,False,False,0
3033,2025-03-04,24,medium,medium,False,True,True,True,0
3034,2025-06-26,59,medium,medium,True,True,True,True,2
3035,2024-11-26,22,low,low,True,True,True,True,1
3036,2025-11-06,45,medium,high,True,False,True,True,2
3037,2024-01-24,50,medium,low,False,True,True,False,1
3038,2025-12-04,36,low,medium,True,False,True,False,0
3039,2025-05-08,20,low,high,True,True,False,True,1
3040,2024-06-24,31,medium,medium,False,False,True,False,1
3041,2025-05-30,37,medium,low,False,False,True,True,2
3042,2024-07-13,26,active,high,True,False,True,False,3
3043,2025-04-30,29,super_active,high,True,False,True,True,0
3044,2024-09-02,45,medium,high,True,False,True,True,2
3045,2024-03-18,54,low,high,True,True,False,False,1
3046,2025-11-25,56,active,medium,True,True,True,True,0
3047,2024-07-04,65,active,low,True,False,False,True,0
3048,2025-06-20,36,medium,low,False,True,False,False,0
3049,2024-05-24,18,low,medium,False,False,True,True,1
3050,2024-11-27,60,active,medium,True,False,True,False,0
3051,2024-06-29,20,active,medium,True,False,False,False,1
3052,2024-01-08,32,super_active,high,False,False,True,False,3
3053,2025-06-20,35,medium,medium,True,True,True,True,1
3054,2025-11-26,34,super_active,low,False,False,True,True,0
3055,2025-11-30,46,medium,high,True,False,True,True,2
3056,2024-12-27,61,super_active,medium,True,True,False,True,1
3057,2025-05-02,63,medium,medium,True,True,False,True,1
3058,2025-12-16,31,active,medium,True,False,False,True,2
3059,2025-05-18,26,active,high,True,False,True,False,2
3060,2024-07-26,43,active,medium,True,True,False,False,0
3061,2024-09-05,23,low,high,True,False,True,True,0
3062,2024-08-21,65,one_time,low,False,False,True,True,3
3063,2024-03-12,63,super_active,high,True,False,False,False,0
3064,2024-06-07,28,medium,medium,True,False,True,False,1
3065,2025-05-19,63,active,low,False,False,True,True,2
3066,2025-03-02,52,active,high,False,False,True,False,1
3067,2025-03-21,20,super_active,low,False,True,True,False,0
3068,2024-06-23,19,one_time,low,True,False,False,True,2
3069,2025-10-03,57,low,medium,False,False,True,False,1
3070,2025-06-09,64,medium,low,True,True,True,True,2
3071,2025-12-13,55,active,medium,False,True,True,True,3
3072,2025-12-20,36,medium,medium,True,True,True,True,0
3073,2025-01-09,45,active,high,True,False,True,False,1
3074,2024-08-14,29,one_time,medium,False,False,False,False,1
3075,2025-12-05,43,active,high,True,False,True,False,1
3076,2025-06-10,53,super_active,medium,False,True,False,True,0
3077,2025-12-16,34,low,high,False,True,True,True,1
3078,2025-03-26,33,medium,medium,True,True,True,True,0
3079,2024-10-08,24,medium,low,True,False,True,False,1
3080,2024-03-01,55,super_active,medium,True,False,True,True,1
3081,2025-02-05,34,active,high,True,False,False,True,1
3082,2024-07-07,56,low,low,True,False,True,False,2
3083,2025-01-17,44,medium,high,True,False,True,True,1
3084,2025-05-29,47,active,high,True,True,True,True,1
3085,2025-02-24,18,active,low,False,False,True,True,2
3086,2024-09-25,43,medium,high,True,False,True,True,0
3087,2024-06-24,63,medium,low,True,False,True,False,0
3088,2025-08-06,21,active,medium,True,True,True,True,0
3089,2025-08-13,30,super_active,low,True,True,True,True,0
3090,2025-07-13,24,active,low,False,False,True,False,1
3091,2024-08-29,55,active,medium,True,False,True,True,1
3092,2025-02-15,20,medium,low,False,True,False,True,1
3093,2024-11-03,61,active,high,False,False,False,False,1
3094,2024-10-05,33,medium,high,True,True,False,False,1
3095,2025-07-10,56,low,medium,False,False,True,True,2
3096,2024-10-28,48,medium,medium,True,False,True,True,0
3097,2024-06-28,42,active,high,True,False,True,False,0
3098,2024-08-06,50,active,high,True,True,False,True,0
3099,2024-04-23,39,low,high,True,False,False,True,0
3100,2024-06-21,33,super_active,high,False,True,True,True,0
3101,2025-07-01,55,medium,low,True,False,False,True,1
3102,2024-03-24,22,medium,low,False,False,True,True,3
3103,2024-04-05,30,one_time,high,True,True,True,True,0
3104,2025-04-10,31,one_time,medium,True,False,True,False,2
3105,2025-04-13,62,medium,high,True,False,False,False,0
3106,2025-08-11,30,low,medium,True,True,True,True,1
3107,2024-11-20,24,one_time,medium,True,False,True,True,0
3108,2024-08-19,33,low,low,False,False,True,True,3
3109,2024-03-27,37,active,low,False,False,True,False,0
3110,2025-06-18,62,low,medium,False,False,True,True,1
3111,2025-04-08,44,one_time,high,False,False,True,True,2
3112,2024-01-28,25,active,medium,True,False,True,False,0
3113,2025-01-20,18,active,medium,True,True,True,True,2
3114,2024-05-17,55,super_active,high,False,False,False,True,1
3115,2025-02-11,63,low,low,True,False,True,True,0
3116,2024-09-13,31,medium,low,True,False,True,False,1
3117,2025-03-15,47,medium,medium,True,False,True,True,0
3118,2024-07-05,45,active,high,True,False,False,True,0
3119,2024-01-18,46,low,high,False,False,True,True,1
3120,2024-04-14,37,active,medium,True,True,True,False,1
3121,2024-09-16,62,medium,low,False,True,True,True,1
3122,2024-12-09,25,medium,low,True,False,True,False,1
3123,2024-08-04,41,active,medium,True,False,True,False,1
3124,2024-07-21,44,low,low,True,True,True,False,0
3125,2025-09-18,60,medium,high,True,True,True,False,1
3126,2025-12-10,19,medium,medium,False,False,True,False,2
3127,2024-11-03,49,active,medium,True,True,True,True,3
3128,2025-11-08,19,medium,medium,True,False,True,True,3
3129,2025-10-03,58,active,low,False,False,True,False,1
3130,2025-05-10,50,super_active,high,True,True,True,True,1
3131,2025-09-02,58,active,low,False,False,True,True,1
3132,2025-11-15,20,low,low,True,False,True,True,1
3133,2025-01-31,28,low,high,True,False,False,True,2
3134,2025-02-07,24,super_active,low,False,False,False,False,0
3135,2024-05-13,30,super_active,low,True,False,True,True,1
3136,2024-03-27,61,active,low,True,False,True,True,1
3137,2024-01-07,51,medium,low,True,False,True,True,2
3138,2025-05-19,44,medium,medium,False,True,True,True,2
3139,2024-10-25,43,active,medium,False,True,True,True,0
3140,2024-08-07,54,active,high,True,False,False,True,1
3141,2025-11-24,45,active,high,True,False,False,True,1
3142,2024-09-20,29,super_active,medium,True,False,True,True,0
3143,2025-06-17,18,one_time,medium,True,False,True,True,1
3144,2025-09-28,31,super_active,low,False,False,True,False,0
3145,2024-04-01,36,medium,medium,False,False,False,False,1
3146,2024-03-15,25,medium,high,True,True,True,True,0
3147,2025-02-17,57,active,low,True,False,True,True,1
3148,2025-05-11,49,active,medium,True,False,False,False,1
3149,2024-03-19,32,super_active,low,False,False,True,True,2
3150,2025-11-10,23,super_active,medium,True,False,True,True,1
3151,2025-10-23,41,medium,medium,False,False,False,False,0
3152,2024-10-14,31,active,high,True,True,True,True,0
3153,2025-05-26,49,active,low,False,False,True,True,0
3154,2024-03-06,29,super_active,high,True,False,True,True,1
3155,2024-05-16,22,active,low,True,False,False,True,1
3156,2025-02-15,37,super_active,medium,True,False,True,True,2
3157,2024-06-06,27,super_active,low,False,False,False,False,2
3158,2025-02-24,19,low,low,True,False,False,True,1
3159,2025-05-29,19,active,high,True,False,True,False,2
3160,2024-02-02,31,low,low,True,False,True,True,3
3161,2024-06-24,62,active,high,True,False,False,False,1
3162,2025-08-10,40,super_active,medium,False,False,True,True,2
3163,2024-01-19,28,medium,high,True,True,False,True,1
3164,2025-07-18,49,medium,medium,True,False,True,True,2
3165,2024-08-07,29,medium,high,False,False,False,True,1
3166,2024-09-29,52,low,high,False,False,True,False,1
3167,2025-03-24,37,medium,low,False,True,False,False,1
3168,2024-01-17,45,medium,low,True,False,True,True,1
3169,2024-01-09,34,medium,low,False,False,True,True,0
3170,2024-08-05,44,super_active,high,True,False,True,True,0
3171,2025-09-16,35,active,low,True,False,True,True,1
3172,2024-03-12,61,active,medium,False,False,True,False,0
3173,2024-12-24,39,super_active,high,True,False,False,True,2
3174,2025-02-03,52,medium,low,True,True,True,True,1
3175,2024-10-22,61,super_active,low,True,False,True,True,2
3176,2025-06-22,21,one_time,high,True,False,True,True,0
3177,2025-07-21,27,super_active,high,True,False,True,False,0
3178,2024-03-27,63,active,medium,False,True,True,True,2
3179,2024-09-16,49,super_active,medium,True,False,True,True,1
3180,2024-10-25,43,low,low,False,True,True,False,1
3181,2024-01-25,48,super_active,low,False,True,True,False,1
3182,2024-01-12,65,active,high,True,False,True,True,2
3183,2024-08-03,26,super_active,high,False,False,True,False,2
3184,2025-11-21,64,low,low,False,True,True,True,0
3185,2025-11-25,50,active,high,False,True,False,True,2
3186,2025-11-06,23,low,low,True,False,True,True,1
3187,2024-05-04,19,low,medium,True,False,True,True,2
3188,2024-06-21,35,low,medium,True,False,False,False,1
3189,2025-07-09,31,low,medium,True,False,True,True,3
3190,2024-05-15,65,one_time,medium,True,True,True,False,2
3191,2024-12-20,25,one_time,high,False,False,True,False,1
3192,2024-01-25,21,active,medium,True,False,True,True,3
3193,2025-12-25,58,active,high,True,False,False,True,2
3194,2025-07-03,60,active,low,True,False,True,True,1
3195,2024-01-13,33,super_active,low,True,True,True,True,2
3196,2025-05-14,29,medium,high,True,False,True,True,3
3197,2024-10-27,45,low,high,False,False,True,True,1
3198,2025-08-01,20,low,low,False,False,True,False,0
3199,2025-04-24,52,active,high,False,True,False,False,3
3200,2024-09-11,56,low,medium,False,False,True,True,1
3201,2025-12-19,25,active,high,True,False,False,True,0
3202,2025-08-24,46,active,low,False,False,False,True,3
3203,2025-08-26,34,medium,low,False,False,True,True,2
3204,2025-08-28,57,super_active,low,False,False,True,True,0
3205,2025-10-04,22,active,high,True,True,True,False,1
3206,2025-06-21,38,super_active,low,False,False,True,True,3
3207,2024-12-17,52,active,low,False,False,True,True,0
3208,2025-04-01,24,one_time,high,False,True,True,True,1
3209,2025-02-28,29,super_active,high,True,True,False,False,1
3210,2024-02-01,27,medium,high,False,False,True,True,0
3211,2024-07-29,52,super_active,low,False,False,True,True,2
3212,2025-03-30,38,super_active,low,True,False,True,True,1
3213,2025-10-05,48,super_active,low,False,False,False,True,1
3214,2024-01-09,38,active,medium,False,False,False,True,3
3215,2025-01-23,60,active,medium,True,False,True,True,1
3216,2024-12-17,38,medium,low,True,False,True,False,1
3217,2025-12-30,49,super_active,medium,True,False,True,False,2
3218,2025-03-07,32,medium,low,True,False,True,False,1
3219,2024-06-09,65,low,medium,True,False,True,False,1
3220,2025-09-13,36,medium,high,False,True,True,True,0
3221,2024-05-21,24,one_time,low,True,False,False,False,0
3222,2024-08-31,31,active,high,True,False,True,True,0
3223,2024-04-06,61,medium,medium,True,False,True,True,3
3224,2024-10-08,58,one_time,medium,True,False,True,True,0
3225,2025-06-16,54,active,medium,False,False,False,True,0
3226,2024-02-08,30,active,medium,True,False,True,False,1
3227,2024-09-12,37,active,low,True,True,False,False,1
3228,2024-06-27,53,low,medium,False,False,False,True,2
3229,2025-04-02,60,super_active,low,False,False,True,False,0
3230,2025-11-05,28,medium,medium,True,True,True,True,1
3231,2025-03-28,36,low,high,False,False,False,True,0
3232,2025-07-14,30,super_active,high,False,False,True,False,2
3233,2025-05-15,30,medium,high,True,True,True,False,0
3234,2024-04-23,33,low,high,False,True,True,True,1
3235,2024-01-06,21,medium,high,False,False,False,True,1
3236,2025-06-16,42,medium,medium,True,False,True,True,0
3237,2024-03-06,25,low,medium,False,True,True,True,1
3238,2024-07-19,38,active,low,True,False,False,True,1
3239,2025-09-30,38,medium,low,False,True,True,True,1
3240,2025-06-23,46,active,medium,True,False,False,False,1
3241,2025-06-02,52,super_active,high,True,False,True,True,1
3242,2024-11-04,62,low,low,False,False,True,True,0
3243,2025-03-03,41,low,low,False,False,True,True,1
3244,2024-03-18,54,active,medium,False,False,True,True,1
3245,2025-09-02,50,medium,medium,True,True,True,True,1
3246,2024-07-20,34,low,high,False,True,True,True,1
3247,2024-05-06,44,low,medium,True,False,True,False,0
3248,2024-06-07,33,medium,low,False,False,False,False,0
3249,2025-08-16,24,medium,medium,True,True,False,True,2
3250,2024-03-10,41,low,low,True,False,True,True,0
3251,2024-02-28,57,one_time,low,False,False,True,True,0
3252,2024-08-08,36,low,high,False,False,True,True,0
3253,2025-10-23,28,super_active,low,True,True,True,False,1
3254,2025-06-03,65,medium,medium,True,True,False,False,0
3255,2025-03-03,55,active,low,True,True,True,False,1
3256,2025-12-03,22,active,medium,False,True,False,False,2
3257,2025-03-16,61,active,medium,True,False,True,True,2
3258,2025-02-26,44,medium,low,False,False,False,True,1
3259,2024-02-28,29,medium,medium,False,True,True,True,0
3260,2024-08-13,53,low,low,False,False,True,True,3
3261,2024-09-13,38,low,high,True,True,True,True,2
3262,2024-10-31,47,medium,medium,False,False,False,True,2
3263,2025-05-10,28,active,low,True,False,True,False,2
3264,2025-12-11,40,low,medium,True,True,True,True,3
3265,2025-04-08,62,active,low,True,False,True,True,1
3266,2024-11-22,18,low,medium,True,False,False,False,3
3267,2025-11-05,61,active,high,True,False,True,True,3
3268,2024-07-10,55,one_time,low,False,False,True,False,1
3269,2025-06-20,20,active,medium,True,False,False,True,1
3270,2024-11-05,40,super_active,low,True,False,False,False,1
3271,2025-01-30,30,medium,low,True,False,True,True,1
3272,2024-04-17,53,active,medium,True,True,True,False,0
3273,2025-08-31,63,super_active,medium,True,False,True,True,1
3274,2024-04-17,59,super_active,low,False,False,True,True,1
3275,2025-09-17,51,medium,low,True,False,False,True,1
3276,2025-06-07,60,active,high,False,False,True,True,2
3277,2024-05-23,41,medium,high,True,True,True,False,1
3278,2025-11-16,18,medium,high,False,False,False,False,0
3279,2025-11-18,27,active,low,False,False,True,True,0
3280,2025-06-12,30,active,medium,False,False,True,True,0
3281,2025-11-18,25,medium,medium,False,False,True,True,1
3282,2024-02-12,38,active,medium,True,False,True,False,0
3283,2024-12-29,31,medium,medium,True,False,True,False,3
3284,2025-02-04,29,medium,high,False,False,True,True,1
3285,2024-04-19,51,active,high,True,True,True,False,2
3286,2024-10-06,37,low,medium,False,False,False,True,1
3287,2025-06-21,28,active,medium,False,False,False,False,1
3288,2024-09-09,28,low,low,True,False,False,True,0
3289,2025-10-07,35,active,medium,False,False,True,True,1
3290,2025-10-01,30,super_active,low,False,True,True,True,0
3291,2024-04-02,20,low,medium,True,True,True,False,3
3292,2024-02-28,42,low,medium,False,True,True,True,0
3293,2024-09-30,39,super_active,low,False,False,True,True,2
3294,2024-12-21,35,super_active,high,False,True,True,True,0
3295,2024-04-10,21,low,medium,True,True,False,True,1
3296,2024-09-05,36,low,high,True,True,False,True,1
3297,2024-05-08,58,super_active,medium,False,False,True,True,1
3298,2024-02-28,41,active,medium,True,True,False,True,0
3299,2024-11-21,54,medium,low,True,True,False,True,2
3300,2024-04-14,63,active,low,True,False,False,False,1
3301,2025-09-06,18,active,high,False,False,False,True,2
3302,2024-08-15,27,one_time,high,False,True,True,True,1
3303,2024-09-10,50,active,medium,True,True,True,True,0
3304,2025-05-07,26,active,high,True,True,False,True,1
3305,2024-11-05,29,active,medium,True,False,False,True,2
3306,2024-09-25,58,super_active,high,False,False,True,False,3
3307,2025-03-21,65,super_active,high,True,False,True,True,1
3308,2025-04-30,47,active,medium,True,True,True,False,0
3309,2025-08-04,39,active,medium,True,True,True,True,0
3310,2025-05-22,51,super_active,medium,True,False,True,True,1
3311,2024-01-19,18,super_active,medium,True,False,True,True,0
3312,2024-09-23,63,low,low,True,True,True,False,0
3313,2025-01-15,23,low,medium,True,False,True,False,0
3314,2025-04-25,44,medium,medium,True,True,False,True,0
3315,2025-07-13,63,medium,medium,True,False,True,False,1
3316,2024-02-12,26,active,medium,False,False,False,True,1
3317,2025-11-05,60,medium,medium,False,False,True,True,1
3318,2024-05-26,62,low,high,True,True,False,False,0
3319,2025-07-01,22,active,low,True,False,True,True,1
3320,2025-11-07,36,medium,high,True,True,False,True,3
3321,2024-02-05,51,low,low,True,True,True,True,1
3322,2025-04-16,56,active,medium,False,False,True,False,0
3323,2024-09-07,56,active,medium,False,False,False,False,3
3324,2025-10-16,56,low,low,False,False,True,True,1
3325,2024-04-13,63,active,medium,False,False,True,True,0
3326,2025-06-02,55,medium,medium,True,False,False,True,1
3327,2025-09-20,46,active,medium,True,False,True,False,2
3328,2025-09-13,45,low,high,False,True,False,False,1
3329,2024-09-25,46,low,high,False,False,True,False,1
3330,2024-02-25,55,active,high,True,False,True,False,0
3331,2025-04-03,46,active,high,True,False,True,False,1
3332,2025-06-21,48,medium,high,False,False,True,True,1
3333,2025-03-21,32,active,medium,True,False,True,True,1
3334,2025-01-17,34,one_time,medium,False,True,False,False,3
3335,2024-02-18,60,medium,medium,False,False,True,True,1
3336,2024-04-12,31,medium,medium,False,False,True,True,0
3337,2024-09-24,62,medium,medium,True,False,True,True,1
3338,2025-07-07,26,active,medium,True,True,True,False,1
3339,2025-05-08,41,active,low,True,False,True,True,1
3340,2024-06-29,29,active,high,True,True,True,False,0
3341,2025-02-28,44,medium,low,True,True,False,True,0
3342,2025-02-11,61,active,low,True,False,False,True,1
3343,2024-08-02,53,active,low,False,False,True,True,2
3344,2025-03-15,54,medium,medium,True,False,True,True,1
3345,2025-01-09,63,low,high,True,False,True,True,0
3346,2025-03-02,57,medium,low,False,False,False,True,2
3347,2025-12-18,54,super_active,medium,False,True,True,True,2
3348,2024-04-16,37,active,medium,False,True,True,True,1
3349,2024-10-10,39,medium,medium,False,False,True,False,2
3350,2025-06-26,21,low,low,True,False,True,True,0
3351,2024-12-28,20,active,medium,True,False,False,True,3
3352,2025-08-29,51,active,medium,True,True,True,True,3
3353,2024-12-01,25,active,high,True,False,False,True,2
3354,2025-02-12,65,active,low,True,True,True,True,1
3355,2024-12-08,59,active,high,True,False,True,False,0
3356,2024-03-08,54,medium,medium,True,False,False,False,3
3357,2024-02-20,42,one_time,low,True,False,True,True,1
3358,2025-11-04,49,low,high,False,False,True,True,2
3359,2024-11-19,35,active,medium,False,False,False,True,0
3360,2024-10-23,64,medium,medium,False,False,True,False,1
3361,2025-12-17,23,medium,high,True,False,True,False,2
3362,2025-08-15,42,medium,high,True,True,True,True,2
3363,2025-03-29,43,active,high,False,False,False,True,1
3364,2024-01-27,46,one_time,medium,True,False,True,True,1
3365,2024-03-01,34,super_active,low,False,False,True,True,1
3366,2024-01-22,54,medium,high,False,False,True,True,1
3367,2025-06-30,56,super_active,medium,True,False,True,True,0
3368,2024-08-07,59,medium,high,True,True,False,True,0
3369,2025-05-23,63,medium,high,False,False,True,True,0
3370,2024-12-23,50,medium,medium,True,False,False,True,0
3371,2025-04-08,46,medium,high,True,True,True,True,1
3372,2024-08-21,40,medium,low,True,False,True,True,2
3373,2025-07-29,53,low,medium,False,False,True,True,1
3374,2025-08-14,41,medium,medium,True,True,False,True,3
3375,2025-01-07,54,medium,low,False,False,True,False,2
3376,2025-06-29,31,super_active,high,True,False,True,False,0
3377,2024-07-04,48,active,high,True,False,True,True,2
3378,2025-02-02,52,active,high,False,True,False,False,1
3379,2024-02-05,52,active,medium,True,False,True,True,1
3380,2025-06-08,29,medium,low,True,False,True,True,0
3381,2025-10-29,51,super_active,medium,True,True,True,True,1
3382,2024-03-03,53,medium,medium,False,True,True,True,0
3383,2024-09-19,45,medium,low,False,False,True,True,0
3384,2024-05-12,51,medium,high,True,False,False,False,3
3385,2024-01-21,34,super_active,medium,True,False,True,True,1
3386,2024-04-04,43,active,medium,True,True,False,True,1
3387,2024-03-19,18,medium,medium,True,True,False,True,1
3388,2025-04-21,28,medium,low,False,False,True,True,1
3389,2024-08-09,26,active,medium,True,False,False,False,1
3390,2025-12-07,45,medium,medium,False,True,True,False,3
3391,2024-04-12,62,super_active,medium,True,False,True,False,0
3392,2024-12-21,51,super_active,low,True,False,True,True,2
3393,2024-01-19,41,medium,low,False,False,True,False,2
3394,2025-08-05,42,super_active,low,True,True,True,False,3
3395,2024-06-21,45,super_active,low,True,False,True,True,3
3396,2024-05-13,30,low,medium,True,False,False,False,2
3397,2024-06-15,20,low,high,False,False,True,True,1
3398,2025-06-28,35,medium,medium,False,False,False,False,1
3399,2024-10-16,49,active,medium,True,True,False,False,1
3400,2024-11-07,55,medium,medium,True,True,True,True,2
3401,2025-10-30,46,active,medium,True,False,False,False,1
3402,2025-06-02,22,medium,high,False,False,True,True,1
3403,2024-08-25,24,medium,low,False,True,True,False,1
3404,2025-09-27,41,low,low,True,True,False,True,3
3405,2025-01-29,56,active,medium,True,False,True,True,3
3406,2024-02-20,62,medium,low,True,True,True,False,2
3407,2025-05-03,65,one_time,medium,True,False,True,False,1
3408,2024-12-31,19,active,low,True,False,False,False,0
3409,2024-05-24,19,active,high,False,False,True,True,2
3410,2024-10-27,28,active,low,True,False,True,False,1
3411,2025-01-12,19,active,high,True,True,True,False,0
3412,2025-07-06,22,medium,medium,False,False,True,True,1
3413,2024-08-06,42,super_active,high,False,False,True,False,0
3414,2024-05-19,58,low,low,True,False,True,False,0
3415,2024-12-07,49,super_active,medium,True,False,True,True,3
3416,2025-02-14,42,medium,medium,True,True,False,True,1
3417,2024-03-24,31,super_active,high,True,False,True,False,0
3418,2025-05-27,42,low,medium,True,True,True,True,1
3419,2024-10-09,61,active,high,True,True,True,True,1
3420,2025-11-05,59,medium,medium,True,True,False,True,2
3421,2025-10-26,41,active,medium,True,True,True,True,0
3422,2025-05-22,26,low,medium,False,True,True,True,1
3423,2025-12-02,33,active,medium,False,False,True,True,1
3424,2024-06-06,39,super_active,medium,False,True,True,True,1
3425,2024-03-23,30,low,low,True,True,False,True,1
3426,2025-12-26,58,medium,low,False,False,False,True,2
3427,2025-01-10,63,medium,low,False,True,True,True,0
3428,2025-05-09,49,low,high,True,False,True,False,1
3429,2025-01-04,63,low,medium,True,True,False,False,1
3430,2025-08-05,60,active,high,True,False,True,False,1
3431,2025-10-10,49,active,low,False,False,True,False,2
3432,2024-04-03,48,medium,low,True,True,True,True,1
3433,2025-03-05,40,one_time,medium,True,False,True,False,0
3434,2025-12-06,33,medium,high,False,True,True,True,0
3435,2025-05-15,57,active,medium,True,False,True,False,1
3436,2025-11-07,39,super_active,high,False,False,True,False,0
3437,2025-12-24,25,medium,high,True,False,False,False,0
3438,2024-09-24,31,medium,medium,False,False,True,False,1
3439,2025-11-17,28,active,high,True,False,True,False,2
3440,2025-10-13,38,active,low,True,True,True,True,1
3441,2024-09-30,20,medium,medium,False,False,True,False,2
3442,2025-07-23,24,medium,high,False,False,True,False,0
3443,2025-12-30,28,active,high,True,False,False,True,2
3444,2025-11-12,52,low,medium,False,False,False,True,0
3445,2024-10-16,45,low,low,True,False,True,False,3
3446,2024-11-11,23,medium,medium,True,True,True,True,3
3447,2024-06-14,19,medium,high,False,False,True,True,0
3448,2025-09-19,46,one_time,medium,True,False,False,True,0
3449,2024-09-23,41,medium,high,False,True,True,True,1
3450,2025-04-20,46,active,medium,True,True,True,True,2
3451,2025-08-19,44,super_active,high,True,True,False,False,1
3452,2024-02-16,56,medium,high,False,True,False,False,1
3453,2024-07-28,59,medium,medium,True,False,True,True,3
3454,2024-05-05,55,medium,low,False,False,True,False,1
3455,2024-05-24,28,medium,high,False,False,True,False,2
3456,2024-07-16,18,active,medium,True,False,True,False,0
3457,2025-01-02,50,super_active,low,True,False,True,False,1
3458,2024-07-20,49,medium,low,False,False,True,True,0
3459,2024-12-23,40,low,low,True,True,True,True,0
3460,2025-03-28,52,medium,low,False,False,True,False,1
3461,2025-04-23,57,active,low,False,False,True,True,2
3462,2025-05-13,22,active,high,False,False,True,True,0
3463,2025-04-11,43,active,low,True,False,True,True,1
3464,2024-11-13,27,medium,low,False,False,True,False,2
3465,2025-04-30,55,medium,medium,False,False,True,True,0
3466,2024-02-04,25,medium,high,False,False,True,True,1
3467,2025-02-20,59,super_active,high,True,False,True,True,2
3468,2024-10-16,39,super_active,high,False,False,True,True,1
3469,2024-09-21,51,active,low,True,False,False,True,1
3470,2024-03-07,18,active,medium,False,False,True,False,1
3471,2025-06-22,42,low,medium,False,True,True,False,0
3472,2024-01-31,35,active,medium,True,False,True,True,1
3473,2025-11-15,48,active,low,True,False,True,False,2
3474,2025-03-31,18,medium,medium,True,True,True,False,1
3475,2024-02-01,23,active,low,False,False,False,True,3
3476,2024-11-03,44,active,medium,True,False,True,False,0
3477,2024-08-03,49,active,low,False,True,False,True,2
3478,2024-12-05,56,low,medium,True,False,True,True,3
3479,2024-06-15,62,medium,low,False,False,True,False,0
3480,2025-05-04,36,medium,high,True,False,False,True,1
3481,2024-07-07,40,active,low,False,False,False,True,1
3482,2024-10-10,46,medium,low,True,False,True,True,1
3483,2024-01-13,25,active,high,True,False,False,True,0
3484,2025-02-17,25,low,low,True,True,True,False,0
3485,2025-10-28,24,active,medium,True,True,True,True,1
3486,2024-05-11,58,medium,medium,True,False,True,True,0
3487,2025-02-16,37,super_active,high,False,False,True,False,2
3488,2025-04-11,36,super_active,medium,True,True,True,True,1
3489,2025-03-29,37,medium,high,False,False,True,False,2
3490,2024-02-14,25,active,medium,False,False,False,False,0
3491,2024-08-10,47,active,medium,True,False,True,True,0
3492,2024-03-13,60,active,high,True,True,True,False,0
3493,2024-04-08,63,medium,medium,False,True,False,True,1
3494,2025-12-17,49,super_active,low,True,False,True,False,0
3495,2025-12-03,56,active,high,True,False,True,True,1
3496,2024-07-21,34,medium,high,False,False,True,True,0
3497,2024-12-04,48,low,medium,False,True,True,False,0
3498,2025-01-25,32,super_active,high,False,False,False,True,1
3499,2025-12-17,57,super_active,low,True,True,True,True,2
3500,2024-07-16,25,low,low,False,False,True,True,3
3501,2025-05-23,32,super_active,medium,True,False,True,False,1
3502,2025-12-02,34,low,medium,True,True,True,True,1
3503,2024-06-07,21,low,medium,True,False,False,True,3
3504,2024-11-22,38,low,medium,True,True,True,False,1
3505,2025-03-21,27,medium,medium,True,False,False,True,1
3506,2024-10-31,47,medium,high,False,True,True,True,0
3507,2025-02-25,48,one_time,high,True,True,False,True,3
3508,2025-07-21,21,active,medium,True,False,True,True,1
3509,2025-12-21,39,medium,low,True,False,True,False,3
3510,2024-12-14,32,low,high,False,True,False,False,0
3511,2024-06-20,58,low,medium,True,False,False,True,0
3512,2025-10-08,38,medium,low,False,False,False,True,3
3513,2024-06-20,51,active,high,False,True,True,False,2
3514,2025-09-16,61,active,high,True,True,True,True,2
3515,2025-07-05,41,medium,high,True,False,True,False,3
3516,2025-10-24,38,one_time,high,True,False,True,False,3
3517,2025-05-19,59,low,low,True,True,True,True,0
3518,2024-10-10,43,super_active,high,True,True,True,False,2
3519,2025-05-20,43,active,low,True,True,True,True,2
3520,2024-12-08,43,active,medium,False,True,True,False,1
3521,2024-02-19,61,super_active,medium,False,False,True,False,2
3522,2025-05-17,23,active,high,True,False,True,True,1
3523,2024-10-22,58,medium,high,False,False,True,False,0
3524,2024-11-04,20,medium,medium,False,True,True,False,1
3525,2024-04-01,64,medium,high,True,False,True,False,0
3526,2025-04-25,49,active,high,False,True,True,True,3
3527,2024-06-23,27,active,low,True,True,True,True,1
3528,2024-05-03,56,low,high,True,False,True,True,0
3529,2024-02-07,48,medium,medium,True,True,False,True,1
3530,2024-06-19,46,active,medium,True,False,False,True,0
3531,2025-10-08,62,super_active,low,True,False,True,True,0
3532,2024-09-07,65,active,low,True,False,True,False,3
3533,2025-04-23,44,super_active,high,True,True,False,False,1
3534,2024-06-07,43,active,medium,True,False,False,True,1
3535,2024-01-02,49,active,high,True,True,False,True,0
3536,2024-03-27,34,low,low,False,False,True,False,0
3537,2024-04-29,36,low,medium,False,True,True,True,0
3538,2024-11-14,42,low,low,True,False,False,True,3
3539,2024-02-05,48,active,medium,True,False,True,False,0
3540,2024-02-29,60,medium,medium,False,False,True,True,2
3541,2024-03-13,53,active,low,False,True,True,True,1
3542,2024-11-14,55,medium,low,True,True,True,False,1
3543,2025-06-06,47,medium,high,True,False,False,True,0
3544,2025-10-28,24,medium,medium,True,True,False,True,1
3545,2025-09-19,36,super_active,high,True,True,True,True,3
3546,2025-08-03,64,medium,medium,True,True,True,False,0
3547,2024-10-05,42,low,medium,True,False,True,False,1
3548,2024-01-19,24,super_active,low,True,False,True,False,2
3549,2024-10-26,34,super_active,medium,True,True,True,True,2
3550,2024-12-13,26,medium,medium,True,True,False,False,2
3551,2024-04-21,41,super_active,low,False,True,True,True,3
3552,2025-05-08,39,super_active,medium,False,False,False,True,0
3553,2025-09-08,28,low,low,True,False,True,True,0
3554,2024-02-15,51,medium,low,True,False,True,True,0
3555,2024-12-21,35,medium,medium,True,False,False,False,3
3556,2025-12-05,53,active,medium,False,False,True,False,0
3557,2025-05-22,19,medium,medium,True,True,True,True,2
3558,2025-10-29,40,medium,high,True,False,True,False,1
3559,2024-03-18,65,active,low,False,False,True,False,1
3560,2024-12-19,65,super_active,medium,False,False,True,True,1
3561,2025-11-03,26,super_active,high,True,True,True,False,0
3562,2025-02-01,26,active,medium,True,True,False,True,0
3563,2025-01-04,36,medium,medium,False,True,True,False,3
3564,2025-12-21,50,super_active,medium,True,False,True,False,1
3565,2025-09-24,42,low,low,True,False,True,False,1
3566,2024-07-27,21,one_time,medium,False,False,True,False,3
3567,2025-09-12,61,active,low,True,True,True,False,2
3568,2024-10-04,57,medium,high,False,False,True,True,2
3569,2024-05-25,42,super_active,low,False,True,True,False,0
3570,2025-08-06,24,low,high,False,False,True,False,1
3571,2024-05-30,45,active,medium,True,False,True,False,1
3572,2024-04-19,22,medium,medium,False,False,True,True,2
3573,2024-07-19,24,medium,low,False,False,True,True,1
3574,2024-11-23,35,one_time,high,True,False,False,True,1
3575,2024-04-03,31,active,low,False,True,True,True,3
3576,2025-11-03,24,low,high,True,False,False,False,0
3577,2024-12-12,51,active,medium,False,False,False,True,1
3578,2024-04-17,27,super_active,low,False,False,True,True,1
3579,2025-11-27,43,medium,low,True,False,True,False,2
3580,2024-07-28,21,active,high,True,False,False,False,0
3581,2024-01-29,35,low,medium,True,False,False,False,1
3582,2024-07-05,22,medium,low,True,True,True,True,0
3583,2024-05-18,62,medium,low,True,True,False,True,2
3584,2024-01-29,24,low,high,False,True,True,True,1
3585,2024-06-23,28,low,low,False,False,True,True,0
3586,2025-11-09,52,active,medium,True,False,True,False,0
3587,2024-01-14,52,low,high,False,False,True,False,2
3588,2025-06-05,33,low,medium,True,False,True,True,1
3589,2025-01-20,45,medium,medium,False,False,True,False,1
3590,2024-11-27,57,medium,low,False,True,False,True,3
3591,2024-03-18,43,active,low,True,True,True,True,2
3592,2024-09-29,34,active,high,True,False,True,True,2
3593,2025-07-19,56,one_time,medium,True,False,False,True,1
3594,2024-04-17,32,active,medium,True,False,True,False,2
3595,2024-04-07,63,one_time,low,True,True,True,True,1
3596,2024-11-27,38,active,low,False,False,False,False,0
3597,2024-12-13,58,medium,medium,True,True,True,False,2
3598,2025-08-09,26,medium,high,False,True,True,True,0
3599,2025-03-21,28,active,low,False,False,False,True,1
3600,2025-03-11,23,low,low,False,False,True,False,1
3601,2025-03-21,43,one_time,high,True,False,True,True,0
3602,2025-05-08,24,low,low,True,False,True,True,1
3603,2025-08-21,28,low,high,False,False,True,False,3
3604,2025-04-19,27,low,medium,False,False,True,True,1
3605,2025-06-25,45,active,low,False,False,False,False,1
3606,2024-05-10,44,medium,medium,True,True,True,False,1
3607,2024-07-12,30,one_time,high,False,True,True,True,1
3608,2025-08-28,48,active,low,True,True,True,True,1
3609,2025-06-25,19,active,medium,True,False,False,True,2
3610,2024-12-18,33,active,low,True,False,True,True,1
3611,2025-11-20,64,medium,low,False,True,False,True,2
3612,2025-08-12,28,active,high,True,True,True,True,1
3613,2024-10-20,49,active,medium,True,False,False,False,0
3614,2024-03-30,39,low,low,False,True,True,False,1
3615,2024-01-01,54,active,high,False,False,True,True,1
3616,2024-03-09,64,low,high,True,False,True,True,0
3617,2024-04-23,38,super_active,high,True,False,True,True,0
3618,2024-08-21,39,active,medium,True,True,True,True,0
3619,2025-12-06,61,super_active,high,True,False,True,False,0
3620,2025-06-28,36,active,medium,True,False,True,False,0
3621,2025-12-30,47,active,medium,True,False,True,True,1
3622,2025-04-18,18,active,medium,False,False,False,True,1
3623,2024-05-29,56,active,high,True,True,True,False,2
3624,2024-09-08,57,medium,medium,True,True,True,True,1
3625,2024-03-31,25,active,medium,True,False,True,True,1
3626,2024-08-20,43,active,medium,False,False,True,True,0
3627,2025-03-04,59,medium,high,False,False,False,False,1
3628,2024-01-30,61,low,medium,True,False,True,True,0
3629,2024-10-13,36,active,low,True,False,False,False,0
3630,2024-04-29,46,active,high,False,False,True,True,1
3631,2024-07-17,24,super_active,low,False,False,False,True,3
3632,2025-08-01,53,medium,high,True,False,True,False,1
3633,2025-12-10,22,active,medium,False,False,True,True,0
3634,2025-02-07,31,medium,low,True,False,False,True,1
3635,2024-06-23,22,active,low,True,False,True,True,0
3636,2025-04-23,35,super_active,low,True,False,True,True,0
3637,2025-09-21,59,active,high,False,True,True,True,0
3638,2025-10-17,63,medium,medium,False,False,True,True,1
3639,2025-10-13,44,active,low,True,False,True,True,1
3640,2024-05-04,53,medium,medium,True,False,True,True,2
3641,2025-03-05,60,active,high,True,False,False,True,0
3642,2025-07-19,23,medium,medium,True,True,True,False,1
3643,2025-10-18,60,active,medium,True,False,False,False,1
3644,2025-08-24,57,low,low,False,False,True,False,2
3645,2025-11-23,22,low,high,False,False,True,False,2
3646,2024-08-13,54,medium,low,True,False,True,True,1
3647,2025-06-29,31,low,low,True,False,True,True,0
3648,2024-09-06,60,super_active,medium,True,True,True,True,1
3649,2024-10-27,18,active,low,True,False,True,True,0
3650,2025-08-18,49,low,high,True,False,False,True,1
3651,2024-02-20,21,medium,high,True,False,True,True,1
3652,2025-05-03,47,active,medium,True,True,False,True,0
3653,2025-12-16,50,active,high,True,False,True,True,1
3654,2025-04-26,18,medium,high,True,True,False,True,2
3655,2024-07-19,53,medium,medium,True,False,False,False,1
3656,2024-06-08,21,low,medium,True,False,False,True,1
3657,2024-12-30,52,super_active,high,True,False,True,True,0
3658,2025-10-28,29,low,medium,False,False,True,True,2
3659,2024-10-04,20,super_active,low,False,False,False,True,1
3660,2024-02-24,31,active,high,True,False,True,False,0
3661,2024-04-13,48,low,low,False,False,False,True,0
3662,2024-06-24,27,medium,high,True,False,True,False,2
3663,2025-09-01,63,medium,low,True,True,True,True,0
3664,2025-06-27,47,medium,medium,True,True,True,False,1
3665,2024-07-13,45,low,medium,True,False,True,False,1
3666,2024-09-13,61,medium,medium,False,True,True,False,0
3667,2024-07-22,44,medium,medium,True,False,False,True,1
3668,2024-06-19,32,medium,medium,True,False,True,True,3
3669,2025-06-18,22,active,high,True,False,True,True,1
3670,2024-06-18,51,medium,low,True,False,True,True,1
3671,2024-06-28,47,medium,medium,True,False,False,True,0
3672,2024-05-06,55,low,high,True,False,True,True,0
3673,2024-12-28,35,super_active,medium,True,False,True,True,1
3674,2025-02-19,30,active,high,False,True,True,True,3
3675,2024-03-29,57,active,low,False,False,True,False,2
3676,2024-06-06,21,low,low,True,False,False,True,0
3677,2025-06-06,30,medium,low,False,False,False,True,0
3678,2025-04-24,52,medium,high,False,False,False,True,2
3679,2025-07-09,39,one_time,medium,True,False,True,True,3
3680,2025-12-15,64,medium,medium,False,False,True,True,1
3681,2024-08-19,22,medium,low,False,True,False,False,0
3682,2024-06-03,48,low,high,False,False,True,False,1
3683,2024-01-22,56,super_active,low,False,False,True,False,2
3684,2025-01-16,38,active,medium,True,False,True,True,2
3685,2024-07-27,55,active,high,True,False,True,False,0
3686,2024-03-17,39,active,medium,True,False,False,False,1
3687,2024-08-21,39,medium,low,False,False,False,False,1
3688,2025-02-26,36,low,medium,False,False,True,True,3
3689,2024-09-21,41,active,high,False,False,True,True,0
3690,2024-10-17,28,low,medium,False,False,False,False,3
3691,2024-05-01,40,super_active,low,False,False,False,True,0
3692,2025-11-08,36,medium,high,True,False,False,False,2
3693,2025-05-11,60,super_active,high,True,True,True,True,2
3694,2025-09-15,37,active,high,True,False,True,True,0
3695,2024-06-11,34,active,medium,True,False,True,True,3
3696,2025-04-22,20,low,low,True,True,False,True,0
3697,2025-07-16,53,low,medium,True,True,False,True,2
3698,2024-11-08,50,super_active,medium,True,False,True,True,0
3699,2024-07-17,39,active,low,True,False,True,True,1
3700,2024-07-08,56,medium,low,True,False,True,False,2
3701,2025-09-13,31,active,high,True,True,False,False,0
3702,2025-04-04,46,medium,low,True,True,False,False,2
3703,2025-04-02,40,medium,medium,True,False,True,True,0
3704,2025-05-02,23,low,medium,False,True,False,True,0
3705,2025-11-08,30,super_active,low,False,True,True,True,2
3706,2025-05-01,35,active,medium,True,False,True,True,0
3707,2024-01-11,46,active,medium,False,True,False,True,0
3708,2025-06-18,31,active,medium,True,False,True,False,2
3709,2024-01-18,60,medium,medium,False,False,True,False,1
3710,2024-03-07,62,medium,high,False,False,True,True,1
3711,2024-03-05,58,active,medium,False,False,False,False,2
3712,2025-04-07,18,medium,low,False,False,True,True,0
3713,2025-09-13,31,super_active,low,True,False,False,True,0
3714,2024-03-25,28,super_active,low,True,True,True,True,0
3715,2025-03-21,63,super_active,medium,False,True,False,True,3
3716,2024-09-20,45,one_time,medium,True,True,False,True,0
3717,2025-03-29,62,active,high,False,True,True,True,1
3718,2025-05-31,20,super_active,medium,True,False,True,True,2
3719,2024-09-11,18,low,medium,True,True,True,True,0
3720,2025-03-27,38,active,medium,True,False,True,False,2
3721,2024-05-13,23,medium,high,False,False,False,False,1
3722,2024-01-20,43,active,high,True,True,False,True,1
3723,2025-12-16,47,active,medium,True,True,False,True,2
3724,2025-10-18,35,medium,high,True,True,True,True,0
3725,2025-07-27,54,low,medium,True,True,True,True,3
3726,2024-12-22,37,medium,medium,True,False,False,False,1
3727,2025-03-12,25,active,low,True,False,True,False,1
3728,2024-04-16,32,super_active,medium,False,False,True,True,2
3729,2024-11-08,29,active,medium,False,False,True,True,3
3730,2025-08-04,26,active,high,False,True,False,False,1
3731,2025-10-27,22,active,medium,True,True,True,True,0
3732,2025-11-26,59,super_active,medium,False,False,True,True,2
3733,2024-09-08,29,one_time,medium,False,False,True,False,1
3734,2024-04-06,29,one_time,medium,False,True,True,True,1
3735,2025-02-19,63,low,high,True,True,True,True,1
3736,2025-06-05,37,low,high,False,True,False,False,0
3737,2024-12-12,65,active,medium,True,False,True,True,2
3738,2024-08-24,18,medium,high,True,True,False,True,1
3739,2024-02-23,27,super_active,medium,True,False,True,False,0
3740,2024-11-13,18,medium,low,True,False,False,True,1
3741,2025-01-21,61,active,low,False,False,True,False,1
3742,2024-11-05,21,one_time,low,True,True,True,False,0
3743,2025-12-31,60,low,medium,True,True,False,True,0
3744,2024-04-02,21,medium,high,False,True,True,False,0
3745,2025-04-25,32,super_active,low,True,False,False,True,1
3746,2025-09-02,18,medium,medium,True,False,False,True,1
3747,2025-12-07,51,low,low,True,True,True,True,3
3748,2025-08-29,34,medium,medium,False,False,False,True,0
3749,2025-04-08,32,medium,high,True,True,False,True,0
3750,2024-10-21,37,low,low,True,True,True,True,2
3751,2025-10-27,51,medium,medium,True,False,True,False,0
3752,2025-06-15,20,medium,medium,False,True,False,True,1
3753,2025-05-19,42,medium,medium,False,False,False,False,1
3754,2024-08-30,42,active,low,True,False,True,False,2
3755,2024-09-29,64,medium,medium,False,False,True,True,2
3756,2025-03-24,45,low,low,False,False,True,True,1
3757,2025-10-16,36,active,medium,True,False,True,True,2
3758,2025-11-07,25,low,high,False,False,True,True,2
3759,2025-04-04,40,active,high,False,False,False,False,0
3760,2024-08-07,42,medium,medium,True,True,False,False,1
3761,2024-11-04,40,active,medium,True,False,True,False,1
3762,2024-06-29,46,medium,low,False,False,True,False,1
3763,2024-06-25,37,super_active,low,False,True,True,True,2
3764,2025-04-13,61,super_active,high,True,False,True,True,2
3765,2025-04-25,46,active,low,True,True,True,False,1
3766,2024-08-31,37,medium,high,True,True,False,True,0
3767,2024-03-18,31,super_active,high,False,False,True,True,3
3768,2025-04-16,41,one_time,low,True,False,True,True,2
3769,2024-06-09,23,active,low,True,False,True,False,0
3770,2025-12-04,24,active,medium,True,False,True,True,1
3771,2025-11-27,50,active,high,False,True,False,True,0
3772,2025-10-06,37,super_active,low,True,False,True,True,1
3773,2024-07-03,33,medium,medium,True,False,False,True,0
3774,2025-05-02,57,low,low,True,False,True,True,0
3775,2024-01-08,40,low,low,True,False,False,False,3
3776,2025-02-12,40,low,medium,True,False,False,False,1
3777,2025-04-24,28,super_active,low,True,True,True,True,1
3778,2025-05-05,60,low,high,True,False,True,True,2
3779,2025-03-20,30,medium,medium,True,True,True,True,3
3780,2025-03-05,65,medium,medium,False,False,True,True,0
3781,2024-08-15,48,medium,high,True,False,True,True,0
3782,2024-08-07,48,medium,high,False,False,True,True,0
3783,2024-01-09,23,medium,low,False,False,True,True,1
3784,2024-08-25,36,active,high,True,True,True,True,3
3785,2025-11-02,43,low,high,True,True,True,True,1
3786,2024-11-07,39,active,low,False,True,True,True,1
3787,2025-03-27,35,medium,low,True,True,True,True,1
3788,2025-05-01,50,medium,medium,True,False,True,True,0
3789,2024-06-12,59,medium,high,False,False,True,False,2
3790,2025-01-11,35,active,medium,False,True,True,True,1
3791,2024-05-14,39,medium,high,True,False,True,True,0
3792,2024-07-15,50,super_active,high,True,False,True,False,0
3793,2024-11-13,20,medium,medium,False,True,False,False,0
3794,2024-06-22,45,active,medium,True,False,False,False,1
3795,2025-06-15,31,one_time,medium,False,False,True,True,3
3796,2024-11-29,33,low,low,True,False,False,False,1
3797,2024-01-17,21,medium,high,True,False,True,False,1
3798,2024-05-08,49,active,low,True,True,True,False,2
3799,2025-01-17,52,super_active,high,True,False,True,False,1
3800,2025-12-19,38,medium,high,True,True,True,True,1
3801,2024-10-03,30,super_active,low,True,False,True,True,2
3802,2024-12-17,43,medium,low,True,True,True,True,1
3803,2025-02-02,29,medium,medium,True,False,True,True,1
3804,2024-02-01,50,low,high,True,False,True,True,1
3805,2024-05-08,54,medium,high,False,True,True,False,0
3806,2024-03-21,61,low,low,False,True,False,False,0
3807,2024-07-24,49,active,medium,True,False,True,True,1
3808,2025-06-01,20,medium,high,True,False,True,True,2
3809,2024-10-08,45,medium,medium,True,True,False,False,0
3810,2025-09-13,21,medium,medium,False,False,True,False,2
3811,2024-04-24,36,active,high,False,False,True,False,1
3812,2025-06-28,58,super_active,high,False,False,False,False,1
3813,2024-02-08,19,low,high,True,True,True,True,3
3814,2025-04-24,34,medium,low,False,True,True,False,1
3815,2025-12-13,21,super_active,high,True,False,True,True,1
3816,2025-02-05,41,active,medium,True,False,True,False,0
3817,2024-11-16,48,active,high,False,True,True,False,1
3818,2024-09-05,56,super_active,medium,True,False,True,False,0
3819,2025-10-06,26,active,medium,False,False,True,True,3
3820,2024-11-19,60,medium,medium,True,True,True,True,1
3821,2025-08-01,42,active,high,False,False,True,True,1
3822,2024-10-31,65,active,medium,True,False,True,False,0
3823,2025-06-07,54,active,high,False,True,True,False,2
3824,2025-11-19,57,medium,medium,True,False,True,False,1
3825,2025-08-12,45,medium,high,True,False,True,True,0
3826,2024-12-16,32,low,medium,True,False,True,True,2
3827,2025-11-14,38,medium,medium,False,False,True,True,1
3828,2024-05-01,26,medium,high,False,False,False,True,1
3829,2025-12-14,60,super_active,medium,True,False,True,True,0
3830,2024-12-14,35,low,medium,False,False,True,True,2
3831,2025-09-06,60,one_time,high,True,True,False,True,0
3832,2025-05-21,35,super_active,medium,False,False,True,False,1
3833,2025-10-29,57,low,low,True,False,True,True,2
3834,2024-03-11,20,active,medium,True,False,True,False,3
3835,2025-06-20,64,active,high,False,True,True,True,0
3836,2025-01-31,38,active,medium,True,False,True,True,0
3837,2024-06-16,55,active,medium,True,False,True,True,1
3838,2025-01-28,28,active,high,True,False,True,True,1
3839,2025-12-01,64,medium,high,True,False,True,True,1
3840,2025-09-16,22,medium,high,False,False,True,True,1
3841,2025-05-23,65,active,high,True,False,True,False,0
3842,2024-01-24,44,super_active,low,True,True,False,False,0
3843,2024-02-12,43,super_active,medium,False,False,False,False,1
3844,2024-08-05,33,low,high,True,False,False,True,1
3845,2025-03-17,51,low,medium,False,False,False,True,0
3846,2024-07-07,50,medium,low,False,False,True,True,0
3847,2025-04-04,60,medium,medium,True,False,True,True,0
3848,2024-06-11,62,active,medium,True,False,False,False,1
3849,2024-02-12,65,medium,medium,True,False,True,True,2
3850,2025-09-21,31,one_time,high,False,False,False,False,0
3851,2024-09-22,22,super_active,medium,False,True,False,True,1
3852,2025-04-16,21,active,medium,True,False,False,False,1
3853,2025-11-26,38,low,medium,False,False,True,False,1
3854,2025-01-20,26,medium,medium,True,False,True,True,0
3855,2025-02-27,52,low,medium,True,True,True,True,2
3856,2024-10-20,29,active,high,False,False,True,False,1
3857,2025-01-04,37,medium,low,True,True,True,False,1
3858,2025-02-02,63,medium,low,False,False,True,False,0
3859,2025-10-21,35,super_active,high,False,False,True,True,1
3860,2025-06-10,58,low,medium,True,False,True,True,1
3861,2024-03-27,53,low,medium,False,False,False,True,3
3862,2025-11-05,44,medium,low,True,False,False,False,2
3863,2025-05-26,64,active,medium,True,True,True,False,2
3864,2025-12-06,55,super_active,low,True,False,True,True,1
3865,2025-04-17,51,active,medium,False,False,True,False,0
3866,2024-10-24,31,active,low,True,False,True,False,0
3867,2025-04-09,32,medium,low,True,False,True,True,1
3868,2025-06-27,33,super_active,high,False,False,True,False,0
3869,2024-10-11,49,super_active,medium,True,False,False,True,1
3870,2025-12-09,43,active,low,True,True,True,True,0
3871,2025-12-27,56,active,medium,False,False,True,True,2
3872,2024-11-29,61,medium,low,True,True,True,True,2
3873,2025-04-06,45,low,medium,True,False,True,True,1
3874,2024-09-14,62,active,medium,True,False,True,True,1
3875,2024-11-15,33,medium,medium,False,False,True,False,1
3876,2025-04-04,27,super_active,medium,True,False,True,False,0
3877,2024-08-31,59,active,low,False,False,False,True,1
3878,2024-01-01,46,medium,high,False,False,False,True,2
3879,2024-12-19,43,low,high,True,False,True,False,0
3880,2024-06-25,62,one_time,medium,True,True,False,False,0
3881,2025-09-21,33,medium,high,False,True,True,True,1
3882,2024-07-17,62,active,low,True,False,False,False,1
3883,2025-08-16,40,medium,high,False,False,True,False,1
3884,2024-08-03,19,one_time,medium,True,False,False,True,0
3885,2024-02-15,51,super_active,low,True,True,False,True,1
3886,2024-01-21,54,one_time,low,False,False,False,False,3
3887,2024-10-04,32,active,high,True,False,True,True,3
3888,2024-12-28,63,medium,medium,True,True,True,True,1
3889,2024-12-28,53,active,medium,False,False,True,False,0
3890,2024-09-16,43,low,medium,True,False,False,True,1
3891,2024-03-13,29,medium,high,True,False,True,True,2
3892,2025-03-29,59,low,medium,False,True,True,True,2
3893,2024-01-09,60,low,low,True,True,False,True,1
3894,2025-11-14,49,active,low,True,False,False,True,0
3895,2024-12-07,49,super_active,medium,True,False,True,False,0
3896,2025-10-22,27,low,high,False,True,False,False,0
3897,2024-10-11,27,low,low,False,True,True,False,1
3898,2025-08-19,62,active,high,True,False,True,True,1
3899,2025-06-28,24,super_active,medium,True,False,True,True,2
3900,2024-01-10,44,active,low,True,True,True,True,3
3901,2025-03-01,31,medium,medium,True,True,True,True,0
3902,2024-02-12,45,super_active,medium,True,True,False,True,1
3903,2024-12-01,34,super_active,medium,False,False,True,False,2
3904,2025-08-31,41,low,low,True,False,True,True,2
3905,2024-08-28,18,low,high,False,False,True,True,1
3906,2025-12-26,54,medium,low,True,False,False,True,1
3907,2024-06-30,61,active,low,False,False,True,True,1
3908,2024-11-20,43,low,medium,True,False,False,False,0
3909,2025-09-23,62,active,medium,True,True,True,False,1
3910,2025-07-08,24,active,high,True,False,False,False,0
3911,2024-06-05,65,super_active,medium,True,False,True,False,1
3912,2025-06-05,50,low,medium,False,False,True,True,0
3913,2024-07-06,30,super_active,low,False,True,True,False,1
3914,2024-05-13,38,medium,low,False,True,True,True,1
3915,2025-07-28,40,low,low,False,True,True,False,3
3916,2025-09-17,54,active,low,True,True,True,False,1
3917,2025-06-13,55,low,high,False,False,True,False,0
3918,2025-12-21,27,active,high,True,True,True,True,1
3919,2025-02-18,59,super_active,high,True,False,False,True,3
3920,2025-07-03,25,active,low,False,False,True,True,0
3921,2024-01-03,60,active,low,False,False,True,False,1
3922,2025-09-15,59,medium,high,False,True,True,False,1
3923,2025-02-19,21,medium,medium,True,True,True,False,0
3924,2025-06-08,61,low,high,False,False,False,True,0
3925,2024-11-13,49,medium,medium,False,True,True,True,3
3926,2024-06-27,58,low,medium,True,True,True,True,2
3927,2025-08-08,22,medium,high,True,True,True,True,1
3928,2024-10-02,19,active,high,False,False,True,True,1
3929,2024-02-11,54,low,low,False,False,False,False,1
3930,2024-02-06,21,low,medium,True,True,True,True,0
3931,2024-07-15,47,active,medium,False,False,True,True,1
3932,2025-01-13,32,super_active,low,True,True,True,False,1
3933,2025-09-12,43,active,medium,True,False,False,True,2
3934,2025-11-25,31,active,medium,False,True,True,False,1
3935,2025-06-19,61,active,high,False,False,True,False,0
3936,2024-08-19,64,medium,medium,False,False,True,True,1
3937,2025-12-31,63,medium,medium,False,False,False,False,1
3938,2025-04-08,62,super_active,high,True,False,True,True,2
3939,2025-06-29,23,medium,medium,False,False,True,True,1
3940,2024-04-22,46,active,high,True,False,False,True,0
3941,2025-03-27,20,low,high,False,True,True,True,1
3942,2024-07-31,42,low,medium,False,False,True,True,1
3943,2024-02-23,34,medium,low,True,False,True,True,2
3944,2024-12-03,49,low,medium,False,True,False,True,0
3945,2025-05-09,33,active,low,True,False,True,False,2
3946,2025-08-09,42,medium,medium,True,False,False,True,1
3947,2025-02-19,37,active,medium,True,True,False,False,1
3948,2025-11-04,61,medium,medium,True,True,True,False,0
3949,2025-06-10,29,medium,medium,True,True,True,False,0
3950,2024-10-19,53,active,medium,True,False,False,True,0
3951,2024-07-19,65,active,low,False,False,True,True,2
3952,2024-01-27,54,active,medium,False,False,True,False,0
3953,2025-01-11,52,medium,high,True,False,True,False,1
3954,2024-10-31,56,low,medium,True,False,True,True,0
3955,2025-08-22,59,active,medium,False,False,False,False,1
3956,2024-06-10,54,medium,medium,False,False,True,False,2
3957,2025-03-03,39,super_active,medium,True,False,True,True,2
3958,2024-08-16,37,super_active,low,True,False,True,True,0
3959,2025-08-11,37,active,medium,True,False,False,True,0
3960,2024-02-08,28,low,medium,True,False,True,False,1
3961,2024-03-12,63,active,medium,True,False,True,False,0
3962,2024-08-06,26,active,high,True,False,True,True,2
3963,2025-12-01,56,active,medium,True,False,True,True,0
3964,2024-03-29,37,active,low,False,False,True,False,2
3965,2024-03-23,40,super_active,medium,True,False,True,True,1
3966,2024-07-16,51,low,medium,True,True,True,False,1
3967,2024-05-23,26,medium,medium,True,False,True,True,1
3968,2025-01-30,37,active,low,True,False,True,True,1
3969,2025-05-26,30,active,low,True,False,False,True,1
3970,2025-01-29,46,active,low,False,True,True,True,1
3971,2025-08-02,32,active,high,True,False,True,True,0
3972,2024-09-25,55,medium,low,False,False,True,False,2
3973,2025-03-25,19,active,high,False,False,True,False,1
3974,2024-03-28,58,active,medium,True,False,True,True,2
3975,2025-01-30,52,medium,low,False,True,True,True,2
3976,2024-05-02,56,medium,low,False,False,True,False,2
3977,2024-11-05,52,low,medium,True,False,True,False,0
3978,2025-11-04,24,active,medium,True,False,True,False,1
3979,2025-12-27,35,active,high,False,False,True,False,1
3980,2024-01-07,43,super_active,medium,True,False,False,True,3
3981,2025-02-28,18,medium,high,False,False,True,True,1
3982,2024-07-10,54,super_active,medium,False,False,False,False,1
3983,2025-04-29,58,active,medium,False,False,True,True,1
3984,2025-04-03,28,medium,low,False,True,True,True,1
3985,2024-02-03,19,low,low,False,False,True,False,2
3986,2024-01-13,20,medium,medium,True,False,True,False,2
3987,2025-08-23,30,one_time,low,False,False,True,True,1
3988,2025-09-22,64,medium,medium,True,True,True,False,2
3989,2025-05-29,44,active,medium,True,False,True,False,1
3990,2024-05-06,40,active,high,False,False,False,True,1
3991,2025-07-22,28,low,low,False,False,True,False,1
3992,2024-10-26,44,active,medium,False,False,False,True,1
3993,2025-05-02,64,super_active,medium,False,True,True,True,0
3994,2024-09-20,65,super_active,low,False,False,True,True,0
3995,2024-12-06,54,active,medium,True,False,True,True,3
3996,2025-05-09,65,super_active,high,True,True,True,True,0
3997,2024-02-13,21,active,high,True,True,False,True,0
3998,2025-12-27,48,low,medium,True,True,True,True,1
3999,2025-08-13,59,medium,low,False,False,False,False,2
4000,2025-07-28,41,low,low,False,True,False,True,0
4001,2025-07-28,36,one_time,low,False,True,True,True,0
4002,2025-07-27,62,medium,high,False,False,True,True,1
4003,2025-04-23,64,medium,medium,False,True,True,False,0
4004,2025-02-27,53,super_active,low,True,False,True,True,1
4005,2024-07-22,44,super_active,high,True,False,True,True,1
4006,2024-05-19,25,super_active,medium,True,False,True,True,0
4007,2025-04-20,49,low,medium,True,True,True,True,3
4008,2024-03-05,58,medium,medium,True,False,True,True,2
4009,2025-04-06,22,medium,medium,False,True,True,True,0
4010,2025-02-18,58,active,high,True,False,True,True,3
4011,2025-12-08,19,medium,medium,True,True,False,False,2
4012,2024-07-26,59,super_active,medium,True,False,True,False,1
4013,2025-02-26,45,super_active,medium,True,False,True,False,1
4014,2025-04-10,33,medium,high,True,False,True,True,0
4015,2024-08-20,37,active,medium,True,False,True,True,1
4016,2025-06-01,62,active,medium,False,True,True,False,0
4017,2025-11-13,32,medium,high,False,True,False,True,0
4018,2025-09-07,49,medium,medium,True,False,True,True,0
4019,2024-08-21,23,active,high,True,True,True,False,1
4020,2025-10-23,47,medium,low,False,False,False,True,2
4021,2024-07-27,27,active,medium,False,True,False,True,1
4022,2024-01-17,64,super_active,medium,False,False,True,False,0
4023,2025-05-17,35,low,high,False,False,True,True,0
4024,2024-04-05,18,medium,medium,False,False,False,True,1
4025,2025-06-26,42,active,low,True,False,True,True,1
4026,2024-06-18,43,low,medium,True,False,True,True,0
4027,2025-01-31,65,medium,low,True,True,False,False,0
4028,2025-01-26,34,active,low,False,False,True,False,1
4029,2025-10-10,54,active,high,False,True,False,True,2
4030,2025-06-18,44,medium,low,True,True,True,False,0
4031,2025-04-25,50,medium,medium,True,True,False,True,1
4032,2024-05-25,63,active,low,True,True,False,False,1
4033,2025-10-16,63,medium,low,False,False,True,False,2
4034,2024-09-28,24,low,low,True,True,True,False,1
4035,2024-01-27,22,low,medium,False,False,True,True,1
4036,2024-02-22,30,super_active,low,False,True,False,False,0
4037,2024-09-05,45,medium,medium,True,False,True,False,1
4038,2024-02-29,60,active,high,True,True,True,True,1
4039,2025-01-10,65,low,high,False,True,True,True,1
4040,2024-12-30,36,active,high,True,False,False,False,0
4041,2025-11-04,48,medium,low,True,True,False,False,0
4042,2024-06-14,31,medium,high,True,True,True,True,1
4043,2025-04-25,31,medium,medium,False,True,True,True,1
4044,2024-02-20,31,super_active,medium,True,False,True,True,3
4045,2025-04-04,31,super_active,high,False,True,False,False,0
4046,2025-09-21,59,active,medium,False,False,True,True,3
4047,2025-09-02,45,low,high,True,False,True,True,0
4048,2025-09-02,60,medium,low,True,True,True,True,1
4049,2025-02-16,33,medium,medium,True,True,True,True,0
4050,2025-01-14,58,super_active,low,True,False,True,True,3
4051,2025-04-08,38,one_time,low,True,True,True,True,0
4052,2024-08-10,28,medium,medium,True,False,True,False,2
4053,2024-10-26,39,super_active,high,True,True,True,False,1
4054,2024-04-20,64,low,medium,False,False,False,False,2
4055,2024-03-10,21,active,medium,False,False,True,True,2
4056,2024-01-16,26,active,medium,True,True,False,True,0
4057,2025-04-20,37,medium,high,True,True,False,False,0
4058,2024-01-01,61,active,low,True,False,True,True,2
4059,2024-04-20,35,super_active,high,True,False,True,True,2
4060,2024-05-17,24,active,medium,False,False,False,True,3
4061,2025-08-24,18,low,low,True,True,False,True,2
4062,2025-06-25,43,low,medium,False,False,True,False,1
4063,2024-04-06,24,low,high,True,True,True,True,2
4064,2024-03-11,35,active,low,False,True,False,False,2
4065,2024-01-27,64,active,low,False,False,True,False,2
4066,2025-03-06,36,low,medium,False,True,True,True,0
4067,2024-02-02,38,low,low,False,False,False,True,2
4068,2025-04-12,50,medium,high,True,False,False,False,0
4069,2025-12-12,26,low,low,True,True,True,True,0
4070,2025-07-12,51,medium,low,False,False,True,True,1
4071,2024-08-09,39,medium,medium,True,False,True,False,3
4072,2025-08-23,39,low,low,True,True,True,True,1
4073,2025-09-09,19,active,high,True,False,True,False,2
4074,2024-12-27,60,medium,medium,True,True,True,False,1
4075,2025-06-27,42,low,high,True,True,True,True,1
4076,2025-10-11,31,low,high,True,True,True,True,0
4077,2025-12-09,45,super_active,low,True,False,True,False,1
4078,2025-07-01,53,low,high,False,True,False,True,1
4079,2024-05-12,46,active,high,True,False,True,False,1
4080,2024-05-16,45,low,low,False,True,True,True,3
4081,2024-06-17,25,active,high,True,False,False,True,2
4082,2024-12-31,40,super_active,low,False,True,True,False,0
4083,2024-07-06,44,super_active,high,False,False,False,True,3
4084,2024-07-01,65,low,medium,False,False,False,False,0
4085,2024-12-20,36,low,high,False,True,True,False,1
4086,2024-07-19,49,active,medium,True,False,True,False,0
4087,2024-04-21,38,medium,high,True,True,True,False,1
4088,2025-12-17,51,low,high,True,True,True,True,1
4089,2024-12-10,52,low,high,True,False,True,True,1
4090,2025-01-07,20,active,low,True,True,True,True,1
4091,2025-03-30,29,super_active,low,True,False,True,False,1
4092,2024-11-20,21,super_active,low,False,True,False,False,1
4093,2024-08-30,63,active,high,True,True,False,True,2
4094,2025-01-16,39,medium,medium,False,False,False,False,1
4095,2024-09-13,49,medium,high,True,False,False,True,2
4096,2025-04-02,65,low,medium,False,False,False,True,0
4097,2025-08-24,26,medium,medium,False,False,True,True,0
4098,2025-10-07,26,active,high,True,False,True,False,1
4099,2024-11-08,34,active,medium,True,False,True,True,1
4100,2024-08-27,55,super_active,high,False,False,True,False,0
4101,2025-09-15,62,super_active,low,False,False,False,True,1
4102,2024-01-04,22,medium,medium,True,False,True,True,1
4103,2025-06-19,43,active,medium,True,False,True,True,2
4104,2025-11-10,59,active,high,False,False,True,True,0
4105,2024-12-25,52,super_active,medium,True,False,False,False,2
4106,2024-05-05,55,active,medium,True,True,True,True,1
4107,2024-06-03,49,super_active,high,False,False,False,False,0
4108,2024-05-24,51,medium,low,False,False,True,True,0
4109,2024-05-27,55,medium,medium,False,True,True,False,1
4110,2025-01-09,23,active,medium,True,False,True,False,1
4111,2024-02-10,46,medium,high,True,False,True,True,0
4112,2024-03-23,32,medium,low,False,False,True,True,1
4113,2024-05-26,49,active,low,False,False,True,False,3
4114,2025-03-14,38,active,medium,True,True,False,False,1
4115,2024-04-06,46,active,low,True,True,True,False,0
4116,2024-02-12,50,medium,high,True,False,True,True,3
4117,2025-06-16,44,active,medium,False,False,True,True,2
4118,2025-06-28,33,one_time,low,True,False,True,True,0
4119,2025-01-12,64,medium,low,False,False,True,False,1
4120,2025-05-10,55,medium,medium,False,True,True,True,1
4121,2025-03-11,55,medium,medium,False,False,True,False,0
4122,2024-04-21,50,active,high,False,False,True,True,2
4123,2025-04-13,40,low,low,True,False,True,True,1
4124,2025-11-10,37,medium,high,True,False,True,True,2
4125,2025-11-17,46,active,low,True,False,False,True,0
4126,2024-03-25,52,medium,high,False,False,True,False,0
4127,2024-03-03,37,low,high,True,True,True,True,1
4128,2025-04-18,51,super_active,low,False,False,True,True,1
4129,2025-08-23,55,low,low,True,False,False,True,1
4130,2024-09-12,20,active,high,True,False,False,False,3
4131,2025-06-15,32,medium,high,False,False,False,True,0
4132,2024-03-19,62,medium,low,False,False,True,True,0
4133,2024-02-08,59,medium,low,False,False,False,False,0
4134,2024-03-07,33,active,low,True,False,True,True,1
4135,2025-09-05,33,medium,high,True,True,True,False,1
4136,2024-04-08,20,medium,low,True,True,True,True,3
4137,2025-11-17,41,active,medium,False,False,False,False,2
4138,2024-12-30,19,one_time,medium,False,False,True,False,1
4139,2024-04-03,50,medium,high,True,True,False,False,0
4140,2024-02-01,28,medium,medium,True,False,True,False,0
4141,2024-03-13,26,active,medium,True,False,False,False,1
4142,2025-01-15,34,active,low,True,False,False,False,0
4143,2025-10-22,20,medium,low,False,False,True,False,1
4144,2025-04-10,60,low,high,True,False,True,True,1
4145,2025-03-25,36,medium,medium,False,True,True,True,3
4146,2024-11-16,53,active,medium,False,False,True,True,1
4147,2025-07-18,60,active,low,True,True,False,True,3
4148,2024-02-05,21,active,medium,True,False,True,False,2
4149,2025-10-19,24,low,high,True,False,True,True,1
4150,2024-10-17,24,one_time,high,False,False,True,False,0
4151,2025-08-08,20,medium,low,True,False,True,False,0
4152,2024-08-11,43,medium,high,False,False,True,True,2
4153,2024-09-30,51,medium,low,True,False,True,True,3
4154,2025-03-08,36,active,medium,True,False,True,False,1
4155,2025-11-20,38,low,low,True,False,True,True,0
4156,2025-04-06,38,medium,low,False,False,True,False,2
4157,2024-07-24,37,active,medium,False,False,True,False,0
4158,2025-06-27,60,medium,high,False,True,False,True,0
4159,2024-06-29,62,super_active,high,False,False,False,False,0
4160,2024-05-03,20,active,medium,False,False,True,False,1
4161,2025-10-15,42,medium,medium,False,False,True,False,0
4162,2025-11-29,34,medium,low,True,True,False,False,1
4163,2025-09-28,26,active,low,False,False,True,True,3
4164,2025-04-17,20,active,low,True,True,True,True,1
4165,2025-07-15,23,active,medium,False,True,True,True,0
4166,2025-03-06,55,low,medium,True,False,False,False,1
4167,2024-03-31,46,active,high,True,False,True,True,3
4168,2025-03-06,60,active,high,True,False,True,False,3
4169,2025-11-08,22,active,high,False,False,True,False,1
4170,2024-08-06,62,active,low,False,True,True,False,1
4171,2024-01-09,64,super_active,low,True,True,True,False,2
4172,2025-12-27,30,medium,low,False,True,True,False,3
4173,2024-12-15,60,medium,high,True,False,True,False,1
4174,2025-06-07,55,active,high,True,False,False,True,1
4175,2024-09-03,48,active,medium,False,False,True,False,3
4176,2025-02-03,26,low,high,True,True,False,True,1
4177,2025-12-03,40,low,high,False,False,False,True,1
4178,2025-12-04,58,super_active,high,True,False,True,False,0
4179,2025-11-02,56,low,low,False,False,True,True,1
4180,2025-04-07,41,low,medium,True,False,False,False,2
4181,2024-06-08,29,medium,high,True,False,True,True,1
4182,2025-11-17,21,one_time,medium,True,True,False,False,0
4183,2024-12-28,27,active,high,True,True,True,False,0
4184,2025-01-25,56,medium,low,True,False,True,False,0
4185,2025-07-25,27,active,medium,True,False,True,False,0
4186,2025-01-04,18,active,medium,True,False,True,False,1
4187,2024-06-04,53,medium,medium,False,False,True,True,2
4188,2025-04-06,58,super_active,high,True,True,True,True,1
4189,2025-04-22,59,medium,medium,False,False,True,True,1
4190,2025-03-07,55,active,high,True,False,True,True,0
4191,2025-07-28,64,medium,low,True,False,True,False,1
4192,2025-04-29,18,active,low,True,True,True,True,0
4193,2024-06-05,19,medium,low,True,True,True,True,3
4194,2024-05-16,23,low,medium,True,False,True,False,1
4195,2025-02-17,31,one_time,high,True,False,True,True,1
4196,2025-11-22,36,super_active,high,False,True,True,False,0
4197,2024-11-04,63,super_active,medium,True,True,True,False,0
4198,2025-07-26,48,active,medium,False,True,True,False,2
4199,2024-03-29,36,medium,low,False,True,False,True,1
4200,2025-04-29,37,low,medium,False,False,True,True,0
4201,2025-08-18,58,low,high,False,True,False,False,0
4202,2025-02-23,21,medium,medium,True,False,True,False,2
4203,2024-04-06,33,medium,medium,False,False,True,False,1
4204,2025-07-10,46,medium,high,False,True,True,True,1
4205,2024-05-23,48,active,low,True,False,True,True,0
4206,2025-05-15,59,super_active,medium,True,False,True,True,1
4207,2024-03-08,36,active,low,True,False,False,True,0
4208,2025-05-09,31,active,high,False,False,True,True,2
4209,2024-03-19,52,active,high,True,False,True,True,0
4210,2024-05-11,46,active,medium,True,False,True,True,1
4211,2025-10-24,55,low,low,True,False,True,False,1
4212,2024-05-31,18,medium,medium,False,False,True,False,3
4213,2024-01-15,62,low,medium,False,False,True,True,0
4214,2025-01-02,20,super_active,high,False,False,True,True,0
4215,2025-08-22,26,medium,low,True,False,True,True,2
4216,2025-07-23,20,active,medium,True,False,True,True,0
4217,2025-04-16,35,super_active,medium,True,True,False,False,3
4218,2025-03-20,21,super_active,high,False,True,True,False,2
4219,2024-02-11,41,medium,medium,True,False,True,True,0
4220,2025-06-30,26,one_time,high,True,False,True,False,2
4221,2024-04-25,64,low,high,True,False,True,True,1
4222,2024-11-05,46,one_time,high,False,True,True,True,1
4223,2025-08-19,60,low,low,False,True,True,False,3
4224,2024-01-12,52,medium,low,False,True,True,True,1
4225,2024-06-24,53,low,high,True,False,False,True,2
4226,2025-09-25,64,medium,low,True,True,True,True,1
4227,2025-05-29,65,medium,high,True,False,True,True,2
4228,2025-01-13,22,medium,low,True,True,False,True,0
4229,2025-04-28,27,medium,low,True,False,True,True,0
4230,2025-03-28,51,low,low,True,False,True,True,0
4231,2024-12-29,62,active,high,False,False,True,True,3
4232,2025-06-27,64,one_time,low,True,False,True,True,0
4233,2024-02-01,28,super_active,high,True,False,True,True,3
4234,2025-04-18,64,low,medium,True,False,True,True,3
4235,2025-06-28,23,medium,low,False,True,True,True,0
4236,2024-12-02,44,medium,high,False,True,True,False,1
4237,2024-05-27,65,medium,high,True,False,True,False,1
4238,2024-01-07,30,one_time,medium,False,True,False,True,1
4239,2024-01-23,33,active,high,True,False,False,True,0
4240,2025-03-08,65,low,high,False,True,True,False,3
4241,2024-04-01,29,low,medium,True,False,True,True,1
4242,2024-06-24,63,active,high,True,False,False,True,3
4243,2025-12-02,64,medium,medium,True,True,True,False,2
4244,2024-06-14,52,medium,medium,True,False,False,False,0
4245,2025-12-08,26,medium,medium,False,False,True,True,0
4246,2025-09-27,25,medium,medium,True,True,True,True,2
4247,2025-11-02,22,super_active,medium,False,True,False,False,0
4248,2025-07-31,59,active,high,True,True,True,True,1
4249,2025-07-08,63,active,high,True,True,False,False,1
4250,2024-05-27,49,medium,low,False,True,True,False,1
4251,2025-09-13,18,medium,medium,True,False,False,True,1
4252,2024-05-10,56,active,low,False,False,False,False,0
4253,2025-12-26,63,low,medium,True,True,False,False,1
4254,2025-06-21,65,active,low,False,False,True,True,1
4255,2024-10-29,43,low,high,False,False,False,True,1
4256,2024-11-26,53,active,medium,True,False,True,True,0
4257,2025-05-28,47,active,medium,True,True,False,True,2
4258,2024-12-17,65,super_active,medium,False,False,False,False,0
4259,2024-11-25,32,active,medium,True,False,True,True,1
4260,2024-12-28,58,super_active,medium,True,False,True,True,0
4261,2024-01-31,38,active,high,True,False,False,False,1
4262,2025-04-17,20,low,medium,False,False,True,True,0
4263,2025-04-15,26,one_time,high,False,True,True,True,0
4264,2024-10-08,63,active,low,True,True,True,False,0
4265,2024-12-12,32,medium,low,True,True,True,True,2
4266,2025-06-30,48,active,medium,False,True,True,False,1
4267,2025-11-13,41,low,high,True,False,False,True,1
4268,2024-08-30,28,active,medium,True,False,False,True,1
4269,2024-03-22,53,active,high,True,True,False,False,3
4270,2024-02-01,62,active,medium,False,False,False,True,3
4271,2024-07-30,23,low,high,False,True,True,False,0
4272,2025-12-10,33,medium,medium,False,False,True,True,0
4273,2025-03-19,54,medium,medium,True,True,True,False,1
4274,2024-11-12,53,low,high,True,False,False,False,2
4275,2024-06-08,25,active,low,False,True,False,False,0
4276,2024-12-22,38,super_active,medium,False,False,False,True,1
4277,2024-02-29,60,medium,high,False,False,True,True,1
4278,2025-07-13,29,medium,low,True,True,False,True,1
4279,2024-08-25,55,one_time,low,False,True,True,True,3
4280,2024-07-25,40,medium,low,True,False,True,False,3
4281,2024-06-02,48,active,low,False,False,False,True,0
4282,2025-01-26,49,active,high,True,False,False,True,0
4283,2025-03-18,47,medium,low,False,False,False,False,2
4284,2024-04-06,32,medium,low,True,True,False,False,1
4285,2025-08-04,54,low,low,True,False,False,False,0
4286,2025-02-01,28,super_active,medium,True,False,True,False,1
4287,2025-10-28,45,medium,high,True,False,True,True,1
4288,2024-11-19,40,super_active,medium,True,False,True,False,2
4289,2024-04-24,18,active,high,True,True,True,True,2
4290,2025-10-24,30,super_active,high,True,False,False,True,0
4291,2025-03-21,52,low,high,False,True,True,True,1
4292,2025-08-03,61,active,medium,True,False,True,True,0
4293,2025-12-30,64,active,high,False,True,True,True,1
4294,2025-08-09,34,medium,low,True,True,True,False,0
4295,2025-12-27,60,active,low,True,False,True,False,1
4296,2025-06-20,34,active,low,True,True,False,True,1
4297,2025-03-07,57,medium,low,True,True,True,True,1
4298,2024-12-20,41,active,high,True,False,False,True,0
4299,2024-05-18,32,super_active,high,True,False,True,False,0
4300,2025-08-26,44,medium,high,True,True,True,True,1
4301,2025-09-30,24,super_active,low,True,True,True,False,1
4302,2024-10-26,30,low,low,True,False,False,True,0
4303,2024-08-14,39,medium,medium,False,False,False,True,1
4304,2025-10-03,65,one_time,medium,True,False,True,True,2
4305,2024-03-23,43,low,high,False,False,True,False,1
4306,2025-12-02,59,medium,high,True,False,True,False,0
4307,2024-04-03,52,medium,high,True,False,True,True,0
4308,2024-05-24,51,low,medium,True,False,True,True,1
4309,2024-05-14,40,low,medium,True,False,False,True,1
4310,2025-01-02,42,medium,medium,True,False,False,True,1
4311,2025-07-06,65,medium,high,True,True,True,False,0
4312,2025-02-15,48,medium,high,False,False,True,False,0
4313,2024-12-06,58,active,high,False,False,False,False,1
4314,2025-07-12,20,active,low,False,True,True,False,2
4315,2024-11-20,20,medium,high,False,True,False,False,0
4316,2025-11-11,52,active,low,True,False,True,True,0
4317,2025-11-26,36,medium,low,True,False,False,True,2
4318,2025-01-21,63,low,high,True,True,True,False,3
4319,2025-07-28,19,medium,high,True,True,False,False,2
4320,2024-06-18,51,super_active,low,True,True,False,True,2
4321,2024-12-04,59,medium,low,True,False,False,False,1
4322,2025-04-21,53,low,low,False,False,False,False,1
4323,2025-05-19,58,low,low,True,False,True,True,1
4324,2025-12-24,19,medium,low,False,False,True,True,1
4325,2025-07-25,50,active,medium,False,False,True,True,0
4326,2024-01-08,62,active,medium,True,False,True,True,3
4327,2024-08-16,18,low,medium,False,False,True,True,1
4328,2025-02-15,52,active,high,False,False,True,False,3
4329,2024-12-02,41,active,low,True,False,True,False,1
4330,2024-02-04,42,low,medium,False,False,False,False,2
4331,2025-11-29,18,medium,low,True,False,True,True,2
4332,2024-06-03,45,medium,medium,True,False,False,True,1
4333,2025-04-19,40,medium,medium,True,False,True,True,1
4334,2025-12-09,55,active,medium,True,True,False,True,1
4335,2025-01-29,54,active,medium,False,False,True,False,0
4336,2024-08-20,42,super_active,medium,False,False,True,False,0
4337,2024-06-17,60,medium,low,True,False,True,True,3
4338,2024-08-05,40,low,high,True,False,True,False,0
4339,2025-04-16,59,medium,high,True,False,True,True,2
4340,2025-11-23,36,super_active,medium,False,False,True,True,2
4341,2025-04-24,48,active,high,False,False,False,True,3
4342,2025-02-24,18,medium,low,False,False,True,True,0
4343,2025-05-09,39,active,medium,True,True,True,False,1
4344,2024-03-09,24,medium,medium,False,False,False,True,2
4345,2024-07-17,25,super_active,low,False,False,True,False,1
4346,2024-02-09,63,active,low,True,False,True,False,2
4347,2024-04-23,29,medium,medium,True,False,True,True,1
4348,2025-04-06,60,one_time,medium,True,False,False,False,0
4349,2024-02-24,20,medium,low,True,True,True,False,2
4350,2024-04-30,49,active,medium,True,True,False,True,0
4351,2025-04-17,55,active,high,True,False,True,False,1
4352,2025-12-10,30,active,medium,True,False,True,False,0
4353,2025-12-14,62,medium,low,True,False,False,False,0
4354,2024-03-10,57,super_active,medium,True,False,True,True,3
4355,2025-08-17,62,medium,high,True,False,True,False,1
4356,2025-05-18,26,super_active,medium,True,False,False,False,1
4357,2025-07-13,29,active,medium,True,False,True,True,1
4358,2025-12-12,36,medium,low,True,False,True,True,1
4359,2025-11-05,33,active,medium,True,False,True,True,1
4360,2025-11-12,44,medium,high,True,False,False,False,0
4361,2025-12-26,64,low,medium,True,True,False,True,0
4362,2024-05-07,45,active,low,True,False,True,True,3
4363,2025-02-03,36,active,low,True,True,True,False,2
4364,2025-07-25,49,active,low,False,True,True,True,1
4365,2024-10-14,27,active,high,True,False,False,True,0
4366,2024-11-29,21,super_active,high,True,True,True,True,0
4367,2025-12-31,28,active,medium,False,False,True,False,3
4368,2025-04-11,44,active,low,True,False,True,False,0
4369,2024-11-16,62,active,high,True,True,True,True,2
4370,2025-02-26,31,medium,medium,False,False,True,True,0
4371,2025-07-21,55,medium,medium,True,True,True,True,0
4372,2024-09-05,38,active,medium,False,False,True,True,0
4373,2025-06-02,53,active,low,True,False,False,True,1
4374,2024-07-24,38,active,medium,True,True,True,True,2
4375,2025-07-14,50,active,medium,True,False,True,False,3
4376,2024-08-13,37,active,medium,True,False,True,True,3
4377,2024-03-13,23,medium,low,True,True,False,False,2
4378,2024-04-07,27,medium,medium,True,True,True,False,1
4379,2024-02-22,18,low,medium,False,False,True,False,0
4380,2025-07-24,23,medium,medium,True,False,True,False,1
4381,2025-08-23,32,low,high,True,False,True,False,1
4382,2025-07-26,43,active,low,False,True,True,True,2
4383,2024-11-12,18,active,low,True,True,False,False,0
4384,2025-12-27,19,low,low,True,False,False,False,0
4385,2024-08-01,24,active,high,True,False,False,True,3
4386,2024-09-05,25,active,high,True,False,True,False,1
4387,2024-08-03,27,low,medium,True,False,False,True,0
4388,2024-11-23,43,super_active,medium,True,False,False,False,1
4389,2025-11-07,62,medium,medium,False,False,True,True,1
4390,2024-07-14,29,medium,low,False,True,True,True,1
4391,2025-07-12,26,active,low,True,False,False,True,3
4392,2025-05-28,53,super_active,low,False,True,False,False,1
4393,2024-10-06,54,low,low,True,False,True,False,1
4394,2025-05-18,22,active,medium,False,False,True,True,0
4395,2025-03-02,42,low,high,False,False,False,True,0
4396,2024-07-24,51,low,low,True,False,True,True,1
4397,2025-08-23,38,one_time,medium,False,False,True,True,0
4398,2024-05-29,25,medium,high,False,False,True,True,0
4399,2025-04-13,19,low,medium,False,False,False,False,0
4400,2025-01-25,29,active,medium,True,False,True,True,0
4401,2025-09-15,51,medium,low,True,True,False,True,3
4402,2024-01-30,59,medium,medium,True,False,False,False,2
4403,2025-07-16,50,medium,high,True,False,True,True,0
4404,2025-02-12,53,one_time,medium,True,True,True,True,1
4405,2024-08-30,50,active,high,True,True,True,True,1
4406,2025-07-30,54,medium,high,False,False,True,True,1
4407,2024-02-11,42,super_active,low,True,False,False,True,1
4408,2024-10-04,25,active,medium,True,False,True,False,1
4409,2024-11-05,48,active,medium,True,False,True,True,3
4410,2025-07-18,42,active,high,True,True,True,True,0
4411,2025-10-10,52,super_active,high,False,True,True,False,3
4412,2025-06-08,47,super_active,medium,True,True,True,False,2
4413,2025-02-18,56,active,high,True,False,True,True,2
4414,2025-11-11,33,medium,medium,True,True,False,True,0
4415,2025-10-23,32,active,medium,True,True,True,True,2
4416,2025-11-17,40,active,low,False,False,True,False,3
4417,2025-03-07,41,medium,medium,False,False,False,True,1
4418,2025-11-20,40,active,high,True,True,True,True,3
4419,2025-07-16,61,low,low,True,False,True,False,1
4420,2025-06-06,42,active,medium,False,True,True,False,0
4421,2025-05-11,29,super_active,medium,False,False,True,True,3
4422,2024-11-25,54,super_active,low,True,False,False,False,0
4423,2025-10-26,39,super_active,low,False,False,True,True,1
4424,2024-01-23,41,low,medium,False,True,True,False,0
4425,2024-06-12,41,super_active,low,True,False,False,True,1
4426,2024-12-09,52,active,medium,False,True,True,False,1
4427,2024-06-03,64,one_time,low,True,False,True,True,0
4428,2025-12-01,31,active,high,True,True,True,True,2
4429,2024-01-19,60,medium,high,False,False,True,True,0
4430,2025-03-27,38,medium,medium,True,True,True,True,0
4431,2024-09-15,28,low,low,False,False,True,False,0
4432,2025-11-02,33,medium,low,True,True,True,True,2
4433,2024-10-19,53,active,medium,True,False,True,True,1
4434,2025-10-13,46,medium,low,True,True,True,False,1
4435,2024-12-05,63,active,medium,True,False,True,False,0
4436,2024-07-09,25,low,medium,True,True,False,False,2
4437,2025-09-11,22,active,medium,False,False,True,True,0
4438,2025-11-27,58,medium,low,True,True,True,False,1
4439,2025-11-11,42,medium,low,True,False,False,True,1
4440,2024-12-13,37,active,low,False,False,False,False,0
4441,2025-01-25,19,low,low,True,False,False,False,0
4442,2025-05-18,52,medium,medium,True,False,False,True,1
4443,2024-01-09,28,low,high,False,False,False,False,0
4444,2025-04-23,42,medium,low,True,False,True,True,0
4445,2024-12-13,61,super_active,high,False,True,True,True,3
4446,2024-01-30,20,active,low,False,True,True,False,0
4447,2024-07-15,51,active,high,True,False,True,False,0
4448,2025-10-07,58,active,high,True,True,False,False,1
4449,2025-03-30,50,active,high,False,False,False,True,2
4450,2025-09-29,55,active,high,False,True,False,True,1
4451,2024-09-01,50,medium,medium,True,False,False,True,0
4452,2025-01-20,40,medium,low,True,True,False,False,1
4453,2024-02-18,51,medium,medium,True,True,False,False,0
4454,2024-10-30,58,medium,high,True,False,True,True,1
4455,2024-03-12,60,super_active,low,True,False,True,True,1
4456,2024-06-10,44,low,low,False,False,False,True,1
4457,2024-07-24,32,medium,low,False,True,True,False,2
4458,2025-05-07,62,active,high,False,False,True,False,2
4459,2024-03-26,24,medium,low,True,False,True,False,0
4460,2024-09-01,34,active,low,True,False,True,True,0
4461,2025-05-31,49,medium,high,True,False,False,True,1
4462,2024-02-01,64,medium,low,False,True,True,True,1
4463,2025-09-01,37,low,low,True,False,True,False,1
4464,2024-12-15,39,active,high,True,True,True,True,1
4465,2025-03-24,21,medium,high,False,False,True,False,1
4466,2025-02-10,35,active,medium,True,False,True,True,0
4467,2025-05-13,42,active,high,False,False,True,False,1
4468,2025-04-17,39,active,high,False,False,True,True,0
4469,2024-11-10,36,medium,high,False,False,True,False,1
4470,2025-10-08,30,active,medium,True,True,True,False,1
4471,2024-01-19,53,medium,medium,False,True,True,True,0
4472,2025-08-22,55,active,low,True,False,True,False,2
4473,2025-12-07,58,active,high,False,False,True,True,1
4474,2024-12-08,39,super_active,medium,True,False,True,False,2
4475,2024-12-24,26,active,medium,True,True,False,True,0
4476,2024-05-20,43,medium,medium,False,True,False,True,0
4477,2025-07-26,47,medium,low,False,True,True,True,2
4478,2024-02-16,58,active,medium,False,False,True,False,2
4479,2025-08-27,28,active,medium,False,False,True,True,3
4480,2024-08-15,51,medium,medium,False,True,True,False,1
4481,2024-12-12,58,medium,medium,False,False,True,False,2
4482,2025-07-30,39,low,high,False,False,True,True,1
4483,2024-03-28,60,medium,high,False,False,False,True,0
4484,2025-11-09,21,medium,high,False,False,True,False,1
4485,2024-12-03,52,super_active,high,True,False,True,True,1
4486,2024-03-06,37,super_active,medium,True,False,True,False,1
4487,2024-12-05,60,active,low,True,False,True,False,0
4488,2024-10-29,43,medium,high,True,True,True,False,2
4489,2025-09-12,23,medium,medium,True,True,True,True,0
4490,2025-05-22,42,medium,medium,True,True,True,True,1
4491,2024-11-07,35,active,high,True,False,True,True,1
4492,2024-05-25,19,active,medium,True,False,True,True,3
4493,2024-09-04,59,super_active,medium,True,False,True,True,2
4494,2024-01-10,60,active,medium,False,True,True,True,2
4495,2025-09-06,57,medium,medium,True,False,True,True,1
4496,2025-07-13,62,medium,high,True,False,False,False,3
4497,2025-08-23,32,super_active,high,True,True,True,True,0
4498,2024-04-07,28,active,medium,False,True,True,False,1
4499,2024-10-06,28,low,medium,True,False,True,True,1
4500,2025-04-20,34,active,medium,True,True,False,False,2
4501,2025-07-30,22,medium,low,True,False,False,True,0
4502,2024-10-03,49,low,high,True,True,False,False,2
4503,2024-12-29,34,super_active,high,False,False,True,True,0
4504,2024-02-14,34,medium,low,True,True,False,True,0
4505,2024-11-28,26,super_active,low,True,True,True,True,0
4506,2025-11-30,38,low,high,False,False,True,True,0
4507,2025-11-28,52,low,low,False,False,True,True,0
4508,2024-03-02,50,medium,medium,True,True,False,True,1
4509,2024-10-14,55,active,low,True,False,True,False,1
4510,2024-01-31,25,medium,medium,False,True,False,False,2
4511,2025-03-12,56,active,high,False,False,True,False,1
4512,2024-12-28,22,low,medium,True,False,True,True,2
4513,2024-11-20,64,active,high,False,True,False,True,1
4514,2024-12-12,38,medium,high,False,False,True,False,0
4515,2024-07-18,33,active,high,True,True,True,True,2
4516,2025-02-02,32,low,medium,True,False,False,False,3
4517,2025-10-05,32,active,low,False,False,True,True,2
4518,2025-03-02,35,active,medium,False,False,True,True,2
4519,2024-03-31,65,active,high,False,False,True,False,3
4520,2024-09-21,45,super_active,low,True,False,True,True,1
4521,2024-06-13,61,active,low,True,True,True,True,1
4522,2025-05-05,37,super_active,medium,False,False,False,True,3
4523,2024-12-31,21,active,low,True,True,True,True,2
4524,2024-06-12,39,super_active,low,True,False,True,False,1
4525,2025-01-21,29,medium,medium,True,False,True,False,0
4526,2025-01-03,62,active,medium,True,True,False,True,1
4527,2025-08-03,40,active,medium,True,True,True,True,0
4528,2025-04-13,59,super_active,low,True,False,False,False,1
4529,2024-01-23,36,medium,medium,False,False,False,False,0
4530,2024-03-19,36,low,low,True,False,True,False,1
4531,2024-03-07,55,medium,high,False,False,True,True,0
4532,2025-11-02,56,medium,high,True,False,True,False,1
4533,2025-08-08,58,active,low,True,False,False,False,1
4534,2025-12-23,61,active,high,True,False,True,True,0
4535,2025-08-22,23,active,medium,True,False,True,True,2
4536,2025-09-23,28,medium,medium,False,False,True,True,1
4537,2025-01-27,29,active,low,True,False,True,True,1
4538,2025-02-25,62,one_time,high,False,False,True,True,0
4539,2024-07-21,58,active,high,False,False,False,False,1
4540,2024-04-15,24,medium,high,True,False,False,False,0
4541,2024-10-10,36,active,low,False,True,False,True,2
4542,2025-06-30,28,medium,low,False,False,False,False,1
4543,2024-11-26,41,active,low,True,False,True,False,1
4544,2024-02-03,50,medium,medium,False,False,True,False,1
4545,2024-04-11,36,medium,medium,False,False,True,False,0
4546,2025-06-11,60,medium,medium,True,False,False,True,2
4547,2025-05-08,22,active,low,False,False,True,True,1
4548,2025-02-06,40,low,low,True,False,True,True,2
4549,2024-06-24,45,active,medium,False,False,False,False,3
4550,2024-03-10,29,active,medium,True,True,True,False,2
4551,2024-08-03,42,active,low,False,False,True,True,1
4552,2025-07-25,35,medium,medium,True,False,False,False,1
4553,2025-01-26,58,medium,high,True,False,True,False,0
4554,2024-09-29,21,super_active,low,False,False,True,False,0
4555,2025-07-05,28,active,high,True,False,True,True,2
4556,2025-03-05,53,one_time,medium,True,False,True,False,1
4557,2024-12-08,44,active,medium,True,False,True,True,0
4558,2025-12-04,62,active,high,False,False,True,False,0
4559,2024-03-23,50,low,high,True,False,False,True,0
4560,2024-01-15,52,medium,high,True,False,True,True,1
4561,2025-12-05,63,active,medium,True,False,False,False,1
4562,2025-11-24,23,active,medium,False,True,True,False,0
4563,2024-03-17,22,active,low,True,False,False,True,2
4564,2024-07-21,53,medium,high,False,False,False,True,0
4565,2025-02-27,43,active,low,True,False,True,True,1
4566,2025-06-25,44,active,medium,True,False,False,False,1
4567,2025-06-23,50,medium,medium,True,True,True,False,1
4568,2024-06-12,18,medium,medium,True,False,False,False,3
4569,2024-07-24,44,one_time,low,True,True,False,True,0
4570,2024-05-09,32,medium,high,False,False,True,True,0
4571,2024-07-27,34,active,high,True,False,True,True,1
4572,2025-09-27,56,active,medium,False,False,False,True,1
4573,2025-02-07,62,active,medium,True,False,True,True,1
4574,2024-07-22,25,medium,high,True,False,True,True,0
4575,2024-03-01,58,super_active,high,False,False,True,True,1
4576,2025-03-02,49,active,medium,False,True,False,True,2
4577,2024-03-11,34,super_active,medium,True,False,True,True,0
4578,2025-07-24,44,low,medium,False,False,True,False,1
4579,2025-01-17,61,medium,medium,True,False,False,False,0
4580,2025-08-11,49,low,medium,False,False,True,True,0
4581,2024-11-26,51,super_active,low,False,True,True,False,0
4582,2025-11-21,33,low,high,False,False,True,True,1
4583,2025-09-04,64,active,medium,True,False,True,False,1
4584,2025-06-18,21,active,high,True,False,True,True,2
4585,2024-10-08,22,active,medium,True,False,False,True,0
4586,2025-04-30,33,medium,high,True,True,True,True,2
4587,2024-07-13,52,super_active,high,True,False,False,True,3
4588,2025-06-29,40,low,high,True,False,True,True,2
4589,2024-10-27,24,one_time,high,True,False,False,False,1
4590,2024-04-04,34,medium,medium,False,False,False,False,0
4591,2024-12-22,38,medium,medium,False,False,True,True,0
4592,2025-11-07,65,low,medium,True,False,False,True,1
4593,2025-01-31,44,low,medium,False,False,True,True,0
4594,2025-06-10,41,active,high,False,True,True,False,0
4595,2025-12-07,42,super_active,low,False,True,False,True,1
4596,2025-08-17,19,active,low,True,True,True,False,2
4597,2024-01-21,31,one_time,low,True,False,False,True,0
4598,2024-10-21,64,medium,low,True,False,True,True,2
4599,2025-04-16,27,low,medium,False,False,False,False,0
4600,2025-01-03,53,active,high,True,True,True,False,0
4601,2024-03-19,62,medium,low,False,True,True,True,1
4602,2025-06-09,22,active,medium,False,False,True,False,1
4603,2024-06-12,25,super_active,low,False,False,False,True,2
4604,2024-08-31,59,active,high,False,True,True,True,2
4605,2025-05-09,36,active,low,True,False,True,True,0
4606,2025-03-17,24,medium,medium,False,False,True,False,0
4607,2025-06-26,46,active,medium,False,True,False,True,2
4608,2024-03-03,49,super_active,low,True,True,True,True,1
4609,2025-05-06,30,active,high,False,True,False,False,0
4610,2024-06-22,51,active,low,False,True,True,True,1
4611,2025-11-19,46,medium,medium,False,False,True,False,0
4612,2024-02-06,54,active,low,True,True,True,True,0
4613,2025-06-17,20,active,medium,True,True,True,True,1
4614,2025-06-09,24,active,low,True,True,True,False,1
4615,2024-08-01,61,medium,medium,True,False,True,True,3
4616,2024-02-27,54,super_active,low,False,False,True,True,2
4617,2025-12-29,38,active,low,True,True,True,True,0
4618,2024-03-22,23,medium,medium,False,False,True,False,1
4619,2025-05-23,25,super_active,medium,True,True,True,False,1
4620,2025-04-03,35,medium,low,True,False,False,True,0
4621,2024-02-03,52,active,low,True,False,True,True,1
4622,2025-05-16,51,low,medium,False,False,True,True,1
4623,2025-12-29,28,medium,low,True,False,True,False,2
4624,2024-04-01,24,active,low,True,False,True,True,2
4625,2025-08-25,43,super_active,high,True,False,True,True,2
4626,2024-05-03,60,medium,medium,True,False,True,True,0
4627,2025-01-26,43,low,medium,True,False,False,True,3
4628,2025-05-31,30,medium,medium,True,True,True,True,0
4629,2024-07-24,33,active,high,True,False,True,False,2
4630,2024-03-31,29,active,high,True,False,True,True,1
4631,2024-07-25,35,medium,medium,False,True,True,False,1
4632,2024-10-04,54,active,low,True,False,True,True,2
4633,2025-07-22,61,active,medium,True,False,True,False,0
4634,2024-03-30,36,active,medium,False,False,True,False,1
4635,2025-04-26,36,medium,medium,True,True,True,True,1
4636,2024-12-05,24,active,medium,True,False,False,False,2
4637,2025-08-08,53,active,high,False,False,True,False,2
4638,2024-12-09,31,medium,high,True,False,False,True,2
4639,2025-11-18,38,medium,low,True,False,True,False,0
4640,2024-03-19,30,one_time,medium,False,False,True,True,1
4641,2025-09-29,19,medium,medium,True,False,True,True,3
4642,2024-10-27,27,low,high,False,True,False,True,1
4643,2025-03-14,37,super_active,high,True,False,True,False,1
4644,2025-08-27,48,medium,high,True,True,True,True,1
4645,2024-04-20,32,medium,high,False,False,True,True,1
4646,2024-10-17,43,active,medium,True,False,True,False,0
4647,2025-12-29,40,medium,medium,False,False,True,False,1
4648,2025-10-27,46,super_active,medium,True,False,True,True,0
4649,2025-11-13,42,active,high,False,False,False,False,1
4650,2025-09-14,65,medium,high,False,False,True,False,0
4651,2025-11-19,20,low,low,True,False,True,True,3
4652,2025-01-07,34,active,low,False,True,True,True,1
4653,2025-05-20,58,super_active,low,True,False,True,False,3
4654,2024-04-13,27,active,high,True,False,False,False,0
4655,2024-04-17,23,active,low,True,False,True,False,0
4656,2024-08-02,57,medium,high,True,False,False,True,2
4657,2024-07-09,41,medium,medium,True,False,True,False,0
4658,2024-09-27,37,medium,medium,False,True,True,True,1
4659,2024-08-12,55,medium,low,True,False,True,True,1
4660,2024-05-25,24,active,medium,True,False,True,False,2
4661,2024-03-07,43,medium,medium,True,True,True,True,1
4662,2024-01-28,25,super_active,high,False,True,True,True,1
4663,2024-05-04,18,medium,high,True,False,False,False,1
4664,2025-10-16,58,low,high,False,True,True,True,3
4665,2024-02-21,36,medium,low,True,False,True,True,1
4666,2024-04-21,25,low,high,False,False,False,True,2
4667,2024-09-14,54,medium,medium,False,False,True,True,2
4668,2024-03-18,51,low,medium,True,False,True,False,0
4669,2024-05-28,48,super_active,high,True,True,True,False,2
4670,2024-01-28,39,active,high,False,False,True,True,1
4671,2025-11-06,27,super_active,high,False,False,False,True,1
4672,2025-01-23,48,super_active,medium,True,True,True,True,3
4673,2024-01-29,34,active,low,True,False,False,False,1
4674,2024-03-01,30,medium,low,False,True,True,False,3
4675,2025-06-11,59,active,high,False,False,True,True,1
4676,2025-04-25,50,medium,low,False,True,True,True,1
4677,2025-08-23,64,super_active,medium,False,False,True,True,2
4678,2024-07-26,24,super_active,medium,False,False,True,True,0
4679,2025-10-16,34,active,low,True,False,True,True,2
4680,2025-03-08,33,medium,medium,True,False,True,False,1
4681,2025-05-18,49,active,medium,True,False,True,True,0
4682,2025-06-19,25,medium,low,True,False,True,True,3
4683,2025-07-28,24,medium,low,True,True,True,True,2
4684,2025-12-16,64,medium,medium,True,False,True,False,1
4685,2025-07-18,26,low,medium,True,True,True,False,0
4686,2025-02-24,26,medium,high,False,False,True,False,2
4687,2024-04-14,48,active,high,True,True,True,True,2
4688,2024-02-10,41,medium,medium,True,False,True,True,0
4689,2024-12-18,50,active,high,True,False,False,False,0
4690,2024-03-19,32,active,low,False,True,False,False,1
4691,2024-02-19,40,super_active,low,False,True,False,True,3
4692,2025-04-13,49,active,medium,True,True,False,True,1
4693,2025-11-28,65,low,medium,True,True,True,True,3
4694,2024-11-24,49,active,high,False,False,True,True,1
4695,2024-05-28,21,active,low,True,True,True,True,2
4696,2025-06-28,44,active,low,True,True,False,True,2
4697,2024-01-05,55,low,medium,False,False,True,True,0
4698,2024-05-23,37,active,medium,False,False,False,True,0
4699,2025-06-01,38,super_active,high,False,False,False,False,0
4700,2025-09-03,24,active,low,False,True,True,True,1
4701,2025-11-04,35,medium,medium,False,True,True,False,0
4702,2024-11-05,55,medium,medium,False,False,True,True,3
4703,2025-02-19,22,active,high,True,True,True,False,1
4704,2024-10-06,25,medium,low,False,True,True,False,1
4705,2024-04-15,38,super_active,low,True,False,False,True,0
4706,2024-02-20,51,super_active,medium,True,False,True,False,1
4707,2025-02-07,42,active,medium,True,True,True,False,0
4708,2024-11-25,55,active,low,True,False,True,True,0
4709,2025-04-27,32,super_active,low,True,False,False,True,3
4710,2024-12-20,34,low,high,False,False,True,True,2
4711,2024-11-01,61,active,high,False,False,True,False,0
4712,2025-02-07,20,active,medium,True,True,True,True,0
4713,2025-07-29,35,active,medium,True,False,False,True,1
4714,2025-07-20,19,medium,high,True,False,False,True,1
4715,2024-07-29,56,low,medium,False,True,False,True,2
4716,2024-08-16,61,medium,high,True,True,True,True,3
4717,2024-05-13,29,super_active,medium,True,False,True,True,1
4718,2024-09-24,42,super_active,medium,True,True,False,True,2
4719,2025-04-20,31,low,medium,True,False,True,True,1
4720,2025-06-30,46,super_active,medium,False,True,False,True,0
4721,2024-12-10,27,active,high,True,True,False,False,0
4722,2024-08-11,37,medium,medium,True,False,False,True,1
4723,2024-05-19,18,medium,medium,False,True,False,False,1
4724,2025-10-09,38,medium,low,False,False,True,False,1
4725,2025-04-30,58,medium,high,True,False,True,True,2
4726,2024-07-21,41,super_active,low,False,False,True,True,0
4727,2025-12-12,24,active,medium,True,True,True,False,1
4728,2025-01-05,38,low,low,True,False,True,False,0
4729,2024-11-24,64,active,high,True,False,True,True,0
4730,2025-02-10,25,medium,low,False,False,True,True,1
4731,2024-11-21,57,medium,low,False,False,True,False,2
4732,2024-03-18,25,low,medium,True,False,True,False,0
4733,2024-08-06,25,active,low,True,False,True,False,2
4734,2024-02-13,53,medium,medium,True,False,False,False,1
4735,2024-08-25,63,active,high,True,False,True,True,1
4736,2024-06-27,19,active,low,False,True,False,False,1
4737,2024-11-08,40,active,medium,True,True,True,True,2
4738,2024-06-12,50,medium,medium,False,False,False,True,1
4739,2025-01-11,31,low,low,True,False,True,True,1
4740,2025-06-03,40,medium,high,False,False,True,True,2
4741,2024-09-20,18,medium,low,True,False,True,False,2
4742,2025-06-19,47,medium,medium,True,False,True,True,1
4743,2024-10-06,56,active,high,True,False,True,False,1
4744,2024-01-24,45,medium,medium,True,True,True,False,3
4745,2025-06-16,26,active,low,False,False,True,False,1
4746,2025-08-03,40,low,medium,False,False,True,False,1
4747,2025-01-29,49,active,high,True,False,False,True,1
4748,2025-11-05,58,medium,medium,False,True,True,True,3
4749,2024-12-23,61,medium,medium,True,False,True,False,0
4750,2024-11-07,47,medium,medium,True,True,True,False,2
4751,2025-06-20,60,low,low,False,False,True,False,1
4752,2024-07-26,35,low,low,True,False,False,False,0
4753,2025-03-27,31,low,low,True,True,False,True,1
4754,2024-02-21,64,medium,high,True,False,False,True,0
4755,2025-04-03,19,medium,high,False,True,True,True,1
4756,2024-03-14,53,super_active,high,True,False,True,False,3
4757,2025-06-28,18,low,high,False,False,True,True,2
4758,2025-10-13,52,medium,medium,False,False,True,True,2
4759,2025-07-20,42,low,medium,False,True,False,False,1
4760,2025-02-03,28,low,high,False,False,False,False,0
4761,2024-01-18,51,active,low,False,False,True,True,3
4762,2025-01-06,41,one_time,high,True,True,False,False,0
4763,2025-04-18,28,super_active,low,False,False,True,True,1
4764,2025-10-23,36,medium,medium,True,False,True,False,0
4765,2024-06-20,28,low,high,True,True,False,True,0
4766,2024-05-19,36,super_active,medium,False,False,True,True,0
4767,2024-02-04,43,low,medium,True,False,True,True,2
4768,2024-02-08,38,super_active,high,True,True,True,True,1
4769,2024-08-15,25,active,medium,True,True,False,True,0
4770,2025-12-07,63,active,low,True,False,False,False,1
4771,2024-05-02,28,active,high,True,False,True,True,1
4772,2025-11-30,55,super_active,low,True,False,True,True,1
4773,2025-11-09,20,active,high,True,True,True,True,1
4774,2024-07-01,40,low,high,False,False,True,True,1
4775,2024-07-03,53,active,medium,False,False,True,True,1
4776,2024-10-11,61,medium,low,True,False,True,True,3
4777,2024-10-30,40,medium,medium,True,False,False,False,1
4778,2024-07-11,24,super_active,medium,True,False,True,False,2
4779,2025-04-16,48,active,medium,False,False,True,True,3
4780,2025-03-01,27,active,medium,True,True,True,True,0
4781,2024-10-09,18,low,low,True,False,True,True,2
4782,2025-11-18,43,medium,low,True,False,True,True,0
4783,2025-02-20,38,low,high,True,True,True,True,0
4784,2025-10-28,38,medium,low,True,False,True,False,0
4785,2025-01-10,32,active,medium,True,False,False,True,2
4786,2025-08-25,44,active,medium,True,False,True,True,0
4787,2025-07-15,45,super_active,low,False,False,True,True,2
4788,2025-04-30,60,super_active,medium,False,False,True,True,1
4789,2024-03-18,37,active,high,True,False,True,False,1
4790,2025-10-14,27,medium,medium,True,False,True,False,1
4791,2025-05-24,43,one_time,low,False,False,False,True,2
4792,2024-06-08,47,super_active,medium,True,False,True,True,0
4793,2025-11-06,55,super_active,low,True,False,True,True,2
4794,2024-05-17,39,active,low,True,True,True,False,0
4795,2025-10-08,58,medium,medium,False,False,True,True,0
4796,2024-09-20,42,low,low,False,False,False,True,2
4797,2024-10-20,19,active,low,False,True,True,True,1
4798,2024-12-15,40,low,medium,True,False,True,True,3
4799,2024-12-05,43,medium,high,True,True,True,True,1
4800,2024-05-29,23,active,medium,True,False,True,True,0
4801,2025-12-16,29,low,medium,True,False,False,True,1
4802,2024-07-26,53,active,high,True,True,True,True,0
4803,2024-10-07,29,active,low,False,False,True,False,0
4804,2025-02-25,52,active,high,False,True,True,True,0
4805,2025-10-20,64,low,medium,False,True,True,True,1
4806,2024-02-19,49,active,medium,False,False,True,False,0
4807,2025-09-30,44,low,high,False,False,True,False,1
4808,2025-01-16,53,active,medium,False,True,True,True,0
4809,2024-02-29,41,active,low,False,True,False,True,3
4810,2025-09-25,65,low,high,True,False,True,False,2
4811,2024-11-13,21,super_active,medium,False,False,False,False,1
4812,2024-11-02,19,medium,high,True,False,False,True,3
4813,2025-09-12,27,super_active,low,True,False,True,False,2
4814,2024-06-10,26,medium,low,True,False,False,True,1
4815,2025-08-20,39,active,medium,True,True,True,False,1
4816,2025-04-23,57,medium,medium,True,False,True,False,1
4817,2025-08-03,65,one_time,medium,True,False,False,True,0
4818,2025-08-10,60,active,low,False,True,True,True,1
4819,2025-06-03,47,low,high,True,True,True,False,3
4820,2024-04-09,30,super_active,medium,True,False,True,True,1
4821,2025-06-29,63,medium,medium,True,False,False,False,3
4822,2025-08-22,41,medium,low,True,False,True,False,0
4823,2024-11-13,46,medium,high,False,False,False,False,1
4824,2024-01-14,42,medium,low,False,True,False,False,2
4825,2024-07-20,34,super_active,high,True,False,True,True,1
4826,2025-06-15,40,super_active,medium,True,True,True,True,1
4827,2024-02-24,34,active,low,False,True,True,True,1
4828,2024-06-21,29,super_active,high,True,False,False,False,3
4829,2024-08-21,50,medium,low,True,True,False,True,1
4830,2024-09-12,57,active,low,True,False,False,True,2
4831,2024-12-22,23,active,high,True,False,True,True,0
4832,2025-11-09,33,medium,medium,True,True,False,True,0
4833,2024-08-30,29,medium,medium,False,True,False,False,1
4834,2025-01-27,26,active,medium,True,False,True,True,1
4835,2025-07-12,25,one_time,high,True,False,True,True,2
4836,2025-11-26,20,super_active,low,False,False,True,False,0
4837,2024-11-02,18,medium,low,False,False,True,False,1
4838,2025-07-15,33,active,medium,True,True,True,False,0
4839,2025-09-21,48,medium,high,True,False,False,True,1
4840,2025-08-23,47,active,low,False,False,True,True,1
4841,2024-09-07,31,active,medium,True,False,True,True,2
4842,2024-10-24,65,active,low,True,False,True,False,0
4843,2025-05-05,23,active,low,True,False,False,False,1
4844,2024-05-15,20,active,medium,True,True,True,False,3
4845,2025-02-22,46,medium,medium,False,True,False,True,1
4846,2025-06-03,60,medium,low,False,True,True,True,0
4847,2025-04-23,35,medium,medium,True,False,True,True,3
4848,2025-08-30,27,low,low,False,False,True,False,2
4849,2024-11-06,29,medium,low,True,False,True,True,3
4850,2025-10-27,47,active,high,True,False,True,True,0
4851,2025-04-24,30,super_active,high,False,False,False,False,2
4852,2024-04-04,39,active,high,True,False,False,True,2
4853,2024-02-20,40,medium,high,False,False,True,False,1
4854,2025-12-13,47,medium,low,False,False,True,False,0
4855,2024-05-23,61,active,medium,True,True,False,False,3
4856,2024-12-05,22,medium,high,True,False,True,False,2
4857,2025-03-01,56,medium,low,False,False,True,True,1
4858,2024-04-07,52,medium,low,True,False,True,True,2
4859,2025-02-08,20,medium,high,True,False,False,True,1
4860,2025-12-30,45,low,medium,True,False,False,True,1
4861,2025-12-11,62,active,low,True,False,True,False,0
4862,2025-03-22,59,low,medium,False,False,True,False,1
4863,2024-12-12,37,low,medium,True,False,True,False,1
4864,2025-04-23,45,low,low,True,False,True,False,0
4865,2024-09-05,39,medium,low,False,False,True,False,2
4866,2025-03-29,58,super_active,high,True,True,True,False,1
4867,2025-04-22,62,medium,medium,True,True,True,False,2
4868,2025-04-30,18,active,medium,True,False,True,False,3
4869,2025-11-19,31,medium,medium,False,True,True,True,1
4870,2025-11-03,22,active,medium,True,False,True,False,1
4871,2024-11-17,27,active,low,False,False,False,False,2
4872,2024-01-18,23,active,high,True,False,True,False,1
4873,2024-04-11,31,medium,low,True,True,True,True,0
4874,2024-02-26,48,medium,low,True,True,False,False,1
4875,2024-02-04,23,active,medium,False,False,True,False,2
4876,2024-06-03,47,low,low,False,False,True,False,1
4877,2025-02-18,39,low,high,False,True,False,True,0
4878,2024-04-12,28,low,low,False,False,False,True,1
4879,2024-12-06,54,super_active,low,True,False,False,True,1
4880,2024-08-04,52,low,high,True,False,False,False,1
4881,2024-03-02,46,medium,high,True,False,False,False,3
4882,2024-04-06,32,one_time,low,False,True,False,True,2
4883,2024-04-13,65,super_active,low,False,False,True,True,3
4884,2024-06-13,57,active,high,True,True,True,False,0
4885,2024-09-23,52,super_active,medium,True,False,True,False,1
4886,2025-10-23,50,super_active,low,False,False,False,False,1
4887,2024-02-09,64,medium,low,False,True,True,False,1
4888,2024-04-06,34,low,medium,True,False,True,True,2
4889,2025-05-08,40,one_time,low,True,False,False,False,1
4890,2024-07-26,48,medium,high,False,False,False,True,1
4891,2025-01-21,51,super_active,medium,False,False,True,False,1
4892,2025-09-10,40,super_active,low,False,True,True,False,1
4893,2025-11-28,21,medium,high,True,False,False,False,1
4894,2025-03-06,49,medium,high,False,True,True,True,3
4895,2025-01-20,58,medium,low,False,False,True,True,1
4896,2025-12-04,56,active,medium,True,False,True,False,1
4897,2025-09-25,21,active,medium,False,True,False,True,3
4898,2025-02-02,23,active,low,False,True,True,True,2
4899,2025-08-06,21,active,high,True,True,True,True,2
4900,2025-09-26,63,active,medium,True,False,True,False,1
4901,2025-01-03,41,medium,low,True,False,False,True,1
4902,2024-01-13,19,active,medium,False,False,True,True,1
4903,2025-06-07,21,medium,medium,True,False,True,True,0
4904,2025-04-18,56,medium,low,True,True,False,False,2
4905,2025-06-04,65,one_time,low,True,False,False,True,0
4906,2024-08-14,26,medium,low,True,True,False,True,2
4907,2024-02-25,27,medium,low,True,False,True,True,3
4908,2024-03-27,29,medium,low,True,False,True,False,0
4909,2025-01-25,63,active,medium,False,False,True,True,2
4910,2024-08-07,32,low,high,False,False,False,False,1
4911,2025-03-07,51,active,medium,True,True,True,False,2
4912,2025-12-28,52,medium,low,True,False,True,False,3
4913,2024-12-23,65,medium,low,True,True,False,False,1
4914,2024-06-16,22,active,medium,True,False,False,False,0
4915,2024-01-09,45,low,high,False,False,True,True,0
4916,2025-05-13,39,super_active,medium,False,True,True,False,1
4917,2025-07-15,59,low,medium,True,False,False,False,2
4918,2024-07-10,53,medium,low,False,True,True,False,0
4919,2025-02-16,28,medium,high,True,False,True,True,0
4920,2024-04-06,25,active,high,True,False,False,True,3
4921,2025-04-05,19,active,high,True,True,False,True,2
4922,2024-12-08,43,active,medium,False,False,False,False,1
4923,2025-12-01,52,medium,medium,True,True,True,True,2
4924,2025-01-19,33,super_active,medium,True,False,True,False,2
4925,2025-03-19,56,low,medium,True,False,True,False,2
4926,2024-08-19,23,active,medium,False,False,False,False,1
4927,2025-10-05,50,super_active,medium,False,True,False,False,1
4928,2025-02-25,36,active,medium,True,True,True,True,0
4929,2025-01-07,44,one_time,medium,True,True,True,False,1
4930,2025-03-17,21,active,medium,False,False,True,False,1
4931,2025-11-17,20,medium,medium,True,False,True,True,0
4932,2025-08-24,49,active,high,False,False,True,False,1
4933,2024-04-28,30,active,low,True,False,True,False,2
4934,2025-12-25,49,medium,low,True,True,True,True,1
4935,2025-10-06,34,medium,medium,True,False,True,True,0
4936,2025-03-25,62,active,high,True,True,True,True,2
4937,2024-04-24,44,medium,low,False,False,True,True,2
4938,2024-11-03,37,low,low,True,False,True,True,3
4939,2024-01-08,20,active,medium,False,False,False,True,1
4940,2025-11-15,31,super_active,low,True,True,True,True,3
4941,2024-11-22,29,active,medium,False,False,False,True,1
4942,2024-03-20,22,medium,medium,True,False,True,False,0
4943,2024-06-06,33,active,medium,True,True,True,False,2
4944,2025-10-02,32,active,medium,True,True,True,True,1
4945,2025-05-07,25,active,high,True,False,False,False,0
4946,2024-05-30,64,medium,high,True,False,True,True,1
4947,2024-06-10,35,low,high,True,False,False,True,0
4948,2025-08-06,26,low,high,True,False,True,True,0
4949,2024-05-27,39,medium,high,True,False,True,True,0
4950,2024-05-28,24,medium,high,True,False,False,True,1
4951,2025-05-16,55,super_active,low,True,False,True,True,0
4952,2025-06-18,52,active,medium,False,False,True,False,2
4953,2024-04-23,25,active,low,False,False,True,True,1
4954,2024-01-25,32,low,low,True,False,True,False,1
4955,2025-03-24,65,medium,low,True,True,True,True,2
4956,2025-03-13,51,medium,medium,True,False,True,True,2
4957,2025-11-15,58,low,low,True,False,True,True,1
4958,2025-04-01,35,super_active,medium,True,False,True,True,2
4959,2024-12-17,63,super_active,high,False,True,False,True,2
4960,2024-02-01,42,one_time,high,False,True,True,False,1
4961,2025-01-14,24,low,high,True,False,False,True,2
4962,2024-05-23,48,active,high,True,False,False,True,0
4963,2025-01-09,31,low,high,True,False,True,True,2
4964,2024-04-03,37,active,medium,False,False,True,True,1
4965,2024-03-02,46,medium,medium,True,True,True,False,2
4966,2025-09-09,42,low,low,False,False,True,True,1
4967,2024-01-17,63,active,high,False,False,True,True,1
4968,2025-06-19,49,active,high,True,False,False,True,0
4969,2024-03-01,20,super_active,medium,True,True,True,False,3
4970,2024-06-15,35,super_active,medium,True,True,True,True,1
4971,2024-12-27,49,one_time,medium,False,False,True,True,0
4972,2025-02-05,60,low,medium,True,False,True,True,0
4973,2024-08-02,19,low,medium,True,False,True,False,1
4974,2024-11-02,24,super_active,low,True,True,True,True,0
4975,2025-02-04,57,active,medium,True,False,False,True,0
4976,2024-12-08,60,low,high,False,True,False,False,0
4977,2025-04-29,56,super_active,high,False,False,False,True,1
4978,2024-06-17,41,medium,medium,False,False,False,True,2
4979,2025-08-04,43,active,medium,True,True,True,True,0
4980,2025-08-31,46,active,high,False,False,True,False,3
4981,2024-06-25,45,one_time,medium,False,False,False,True,1
4982,2024-08-14,25,low,low,False,False,False,False,0
4983,2024-11-21,24,low,medium,False,False,True,True,1
4984,2024-07-10,39,active,medium,True,False,True,False,0
4985,2025-09-08,61,super_active,low,True,True,True,True,0
4986,2025-06-11,63,medium,low,True,True,True,False,1
4987,2025-06-28,46,active,low,True,False,False,False,2
4988,2025-09-28,51,low,low,True,False,True,True,1
4989,2024-01-12,58,one_time,low,True,False,True,False,0
4990,2024-10-21,46,super_active,medium,True,True,True,False,1
4991,2025-02-18,62,active,medium,True,False,True,True,0
4992,2025-07-07,26,active,low,True,False,True,False,1
4993,2025-12-27,24,low,medium,True,False,True,True,1
4994,2024-09-27,55,medium,medium,True,True,True,True,0
4995,2024-09-27,60,medium,low,False,True,True,True,1
4996,2024-01-01,58,active,high,True,True,True,True,0
4997,2025-04-19,52,medium,medium,False,True,True,True,0
4998,2025-07-13,57,active,high,False,False,True,False,1
4999,2024-09-23,57,super_active,high,True,False,True,True,0
5000,2025-11-02,62,medium,low,True,False,True,True,1
5001,2024-09-05,23,active,medium,True,False,True,True,0
5002,2025-11-19,23,super_active,high,False,False,True,False,3
5003,2025-08-03,54,low,medium,False,False,True,True,1
5004,2024-02-10,24,low,low,True,False,True,False,3
5005,2025-01-31,65,medium,high,True,False,True,True,1
5006,2025-03-22,18,low,medium,True,False,True,False,2
5007,2025-01-10,25,medium,high,True,False,True,False,3
5008,2025-07-27,55,super_active,high,False,True,True,True,0
5009,2025-12-05,58,active,medium,True,False,True,False,3
5010,2025-04-05,33,active,high,True,False,True,True,0
5011,2025-05-09,43,medium,medium,True,False,True,True,1
5012,2024-06-15,48,one_time,medium,True,False,True,False,1
5013,2025-05-13,63,low,high,True,False,False,True,1
5014,2025-07-23,25,low,medium,True,False,True,True,0
5015,2024-12-27,23,one_time,medium,True,True,False,False,2
5016,2025-09-17,27,medium,high,True,False,False,False,2
5017,2024-11-05,51,super_active,high,True,False,True,True,0
5018,2025-08-08,33,one_time,high,True,False,False,True,0
5019,2025-11-02,54,active,medium,False,False,True,True,1
5020,2025-06-09,18,medium,medium,True,True,True,False,1
5021,2025-11-30,53,active,medium,True,False,True,False,2
5022,2025-11-10,40,active,low,False,False,True,True,1
5023,2024-01-18,30,medium,low,True,True,True,True,2
5024,2025-11-11,36,one_time,low,True,False,True,True,2
5025,2024-06-13,63,medium,medium,True,True,True,True,2
5026,2025-04-29,33,super_active,medium,False,False,True,True,2
5027,2024-11-22,32,medium,medium,True,False,True,False,1
5028,2024-09-24,26,active,high,True,False,True,True,0
5029,2025-12-30,28,low,low,False,True,True,True,1
5030,2025-03-02,63,active,medium,True,True,True,False,0
5031,2025-08-18,39,super_active,medium,False,False,True,False,1
5032,2024-03-09,31,low,high,True,False,False,False,0
5033,2024-01-08,60,active,medium,True,False,True,True,2
5034,2024-07-30,52,active,medium,True,False,True,False,3
5035,2025-06-29,31,medium,medium,True,False,False,False,1
5036,2024-02-10,27,super_active,high,True,False,False,True,1
5037,2025-10-07,64,active,medium,False,False,True,True,1
5038,2024-03-08,47,active,medium,False,True,False,True,0
5039,2024-05-14,36,medium,medium,False,False,True,True,0
5040,2024-12-07,56,super_active,high,False,True,True,False,0
5041,2024-05-23,63,medium,medium,False,False,False,True,1
5042,2024-11-23,28,medium,high,False,True,True,False,1
5043,2025-05-09,38,active,low,True,True,True,False,3
5044,2024-02-08,22,active,medium,True,True,False,True,3
5045,2025-02-08,37,medium,low,True,True,True,True,3
5046,2025-07-02,26,medium,medium,True,False,True,True,1
5047,2024-02-07,52,low,low,False,False,True,False,0
5048,2025-11-29,53,active,high,False,False,True,True,1
5049,2024-01-28,43,super_active,low,True,True,True,False,1
5050,2025-04-30,27,low,medium,True,True,True,True,0
5051,2024-06-29,52,medium,high,False,True,True,True,1
5052,2025-05-19,20,active,medium,True,True,False,False,1
5053,2025-01-22,60,medium,high,True,False,False,False,1
5054,2025-02-08,32,active,medium,True,True,True,True,1
5055,2024-02-05,65,active,medium,False,False,True,False,0
5056,2025-09-28,46,active,high,False,False,False,True,1
5057,2025-12-30,45,active,high,True,False,True,True,1
5058,2024-02-03,61,active,medium,False,False,True,True,2
5059,2025-03-16,38,medium,low,True,False,False,False,0
5060,2025-06-14,34,active,medium,True,False,True,True,3
5061,2024-01-24,22,active,medium,False,False,True,True,1
5062,2025-10-23,30,medium,low,True,True,True,True,0
5063,2025-04-21,35,super_active,low,True,True,True,True,0
5064,2024-06-21,18,low,high,True,False,True,False,0
5065,2024-07-02,32,medium,medium,True,False,False,True,1
5066,2024-10-08,34,active,low,True,False,True,False,2
5067,2025-12-12,52,medium,medium,False,False,True,False,1
5068,2025-07-18,48,medium,high,False,False,True,True,0
5069,2024-02-17,38,medium,medium,False,False,True,True,0
5070,2025-11-02,45,active,low,True,False,True,True,2
5071,2024-09-18,24,active,low,False,False,True,True,3
5072,2024-12-07,41,low,low,True,True,False,True,3
5073,2025-11-04,64,active,low,True,True,True,False,0
5074,2025-09-13,64,medium,low,True,True,True,True,2
5075,2024-07-23,50,active,low,False,False,True,True,0
5076,2024-12-29,30,super_active,medium,False,True,False,True,1
5077,2025-05-03,44,low,high,True,False,True,False,0
5078,2025-02-11,32,medium,high,True,True,True,True,0
5079,2024-03-27,24,medium,medium,True,True,True,True,2
5080,2024-06-07,45,active,low,True,False,True,True,3
5081,2024-07-22,46,one_time,medium,True,True,True,False,1
5082,2024-11-25,41,medium,high,False,False,True,True,0
5083,2025-01-04,25,one_time,high,False,False,True,True,1
5084,2025-07-12,19,active,medium,True,False,True,True,0
5085,2025-02-25,50,one_time,medium,False,True,True,False,2
5086,2024-06-17,40,active,high,False,False,True,True,0
5087,2024-02-20,25,active,low,True,False,False,True,2
5088,2024-07-20,53,one_time,high,False,False,True,False,2
5089,2025-04-19,30,medium,low,True,False,True,True,1
5090,2025-08-04,57,super_active,medium,False,False,False,True,0
5091,2024-01-02,29,active,low,True,True,True,False,1
5092,2025-04-19,44,active,low,False,False,False,False,0
5093,2025-01-12,31,super_active,low,True,False,True,True,2
5094,2024-03-02,36,medium,high,True,False,True,False,2
5095,2025-11-27,25,active,medium,True,False,False,False,0
5096,2024-04-18,61,super_active,low,True,True,False,True,2
5097,2024-10-20,62,low,high,True,False,True,True,2
5098,2025-11-27,36,super_active,medium,True,False,False,False,1
5099,2024-05-20,64,medium,low,True,False,True,True,1
5100,2025-07-10,35,medium,high,False,True,False,True,1
5101,2025-03-03,53,active,high,True,False,True,True,0
5102,2025-12-31,34,one_time,high,True,False,True,False,1
5103,2024-09-20,20,medium,medium,True,False,True,True,3
5104,2025-12-07,27,active,low,True,True,True,False,0
5105,2024-04-25,46,active,high,True,False,False,False,1
5106,2025-05-06,60,super_active,high,True,False,False,False,1
5107,2025-01-02,45,active,high,False,True,True,True,3
5108,2025-11-26,57,super_active,low,True,True,True,False,0
5109,2025-11-13,56,medium,high,True,True,True,True,0
5110,2025-12-03,41,super_active,high,True,False,True,False,0
5111,2024-04-05,49,active,medium,True,False,True,False,1
5112,2025-02-19,45,low,medium,True,False,False,False,3
5113,2024-12-11,22,medium,medium,False,False,True,True,3
5114,2024-02-05,29,one_time,high,True,False,False,False,0
5115,2024-11-04,45,active,medium,False,False,True,True,0
5116,2025-10-21,60,medium,low,True,True,True,True,2
5117,2025-11-21,50,low,medium,True,True,True,True,1
5118,2025-08-05,19,medium,medium,True,True,True,False,2
5119,2025-05-14,50,low,high,False,False,False,False,0
5120,2025-06-14,46,one_time,low,False,True,True,True,2
5121,2024-10-20,51,medium,medium,False,True,True,True,3
5122,2024-05-22,47,active,low,True,False,True,True,1
5123,2025-10-06,48,low,medium,True,False,True,True,3
5124,2025-05-02,50,low,high,True,True,False,True,1
5125,2025-07-12,55,active,high,True,False,True,True,1
5126,2025-11-16,31,active,low,False,False,True,True,0
5127,2024-10-12,49,medium,low,True,False,True,False,1
5128,2024-11-28,44,medium,high,True,False,True,False,1
5129,2024-04-28,31,active,medium,True,False,False,False,1
5130,2025-11-13,32,medium,low,True,False,True,False,1
5131,2024-08-04,32,active,low,True,True,False,True,1
5132,2025-08-26,51,medium,high,False,False,True,False,0
5133,2024-07-06,51,super_active,medium,True,True,True,True,2
5134,2024-11-19,61,low,low,True,False,True,True,0
5135,2024-08-10,33,medium,medium,False,False,True,True,0
5136,2025-07-15,61,medium,medium,False,False,True,True,3
5137,2024-05-25,51,active,low,True,True,True,True,0
5138,2024-12-13,40,super_active,high,True,False,True,True,1
5139,2025-01-12,42,super_active,medium,True,False,True,True,1
5140,2025-04-08,49,medium,high,False,True,True,True,2
5141,2024-07-27,43,low,low,True,False,True,True,0
5142,2025-03-20,32,low,low,True,False,True,False,0
5143,2024-08-06,23,low,high,True,False,False,False,1
5144,2025-02-03,56,medium,low,True,True,False,False,0
5145,2024-08-16,37,active,medium,True,False,True,False,1
5146,2024-03-26,37,active,medium,True,False,True,True,1
5147,2025-03-13,44,medium,low,True,False,False,True,1
5148,2024-04-25,50,medium,medium,True,True,False,False,2
5149,2024-02-28,55,super_active,medium,True,False,True,True,0
5150,2025-05-10,61,super_active,high,True,False,True,False,2
5151,2024-04-16,55,medium,medium,False,False,True,True,3
5152,2025-03-24,21,active,medium,False,False,False,True,1
5153,2025-03-02,49,medium,medium,True,False,True,False,0
5154,2024-08-16,47,active,high,True,True,False,True,1
5155,2024-08-05,63,one_time,high,False,False,False,False,2
5156,2025-07-16,40,medium,high,False,False,True,True,2
5157,2024-02-24,40,one_time,high,False,False,False,False,1
5158,2024-07-03,48,medium,medium,True,False,True,False,2
5159,2025-08-24,21,active,medium,True,True,True,True,2
5160,2025-03-30,57,low,high,True,True,False,True,0
5161,2025-12-22,37,medium,low,True,False,False,False,0
5162,2024-05-21,32,active,medium,True,False,False,True,1
5163,2024-07-14,47,medium,low,False,False,True,False,2
5164,2025-10-20,49,active,high,False,True,False,True,0
5165,2024-10-16,26,active,low,True,False,True,True,0
5166,2024-08-23,41,one_time,low,True,True,True,True,0
5167,2025-09-18,48,medium,low,True,True,True,True,0
5168,2024-05-04,64,medium,low,False,False,True,False,1
5169,2025-09-17,20,active,low,True,False,True,False,1
5170,2025-05-27,57,active,low,True,True,False,True,2
5171,2025-02-26,38,super_active,low,False,True,True,False,1
5172,2024-04-16,58,super_active,high,True,False,True,False,1
5173,2024-08-28,31,active,low,True,False,False,True,1
5174,2024-02-16,38,super_active,high,True,False,False,True,1
5175,2025-09-04,44,super_active,high,False,False,True,True,0
5176,2024-05-07,30,one_time,high,False,False,True,True,3
5177,2025-10-03,51,active,low,False,False,True,True,2
5178,2025-11-13,23,medium,low,True,False,True,False,0
5179,2025-11-21,58,one_time,medium,True,True,False,True,0
5180,2024-06-12,30,super_active,high,True,False,True,False,0
5181,2025-05-15,47,one_time,low,False,True,True,True,1
5182,2025-11-28,51,active,medium,False,True,True,False,2
5183,2025-08-15,58,active,medium,False,False,True,True,1
5184,2024-08-24,33,medium,low,True,True,True,True,1
5185,2024-07-26,25,medium,medium,True,False,True,False,2
5186,2025-03-20,65,active,low,False,False,True,True,0
5187,2024-09-27,29,one_time,high,True,False,True,True,2
5188,2024-07-21,63,medium,low,True,True,False,True,1
5189,2024-03-10,42,low,medium,True,True,True,True,0
5190,2024-08-29,29,super_active,low,True,False,False,True,1
5191,2024-02-19,61,active,high,False,False,True,True,0
5192,2024-06-05,38,one_time,high,False,True,True,False,2
5193,2025-07-03,39,medium,high,True,False,True,True,1
5194,2025-08-02,56,medium,medium,False,True,True,False,2
5195,2025-02-18,29,super_active,low,True,False,True,True,3
5196,2025-11-09,48,medium,medium,True,True,False,True,1
5197,2024-11-02,38,medium,high,False,False,True,False,0
5198,2025-08-22,51,medium,medium,False,True,True,False,1
5199,2025-11-28,37,active,high,True,False,True,True,1
5200,2025-11-11,52,one_time,low,True,True,False,True,0
5201,2025-08-23,47,active,medium,False,True,True,False,3
5202,2024-12-17,56,medium,low,True,False,True,False,1
5203,2025-03-02,41,medium,medium,True,False,True,False,3
5204,2024-10-19,36,medium,medium,False,False,True,True,1
5205,2025-06-15,19,medium,medium,False,True,True,True,0
5206,2024-06-15,36,super_active,high,True,True,True,True,0
5207,2024-02-29,52,active,high,True,False,True,True,0
5208,2024-09-13,29,active,low,True,True,True,True,2
5209,2024-04-01,51,active,high,True,False,True,False,0
5210,2024-05-07,22,active,medium,True,False,False,True,1
5211,2024-01-15,24,medium,medium,True,False,False,True,3
5212,2025-06-27,62,low,high,True,True,True,False,1
5213,2024-06-28,60,super_active,high,True,True,False,False,1
5214,2024-12-14,31,active,high,True,False,True,False,1
5215,2025-09-07,45,medium,medium,False,True,False,True,0
5216,2024-05-19,25,super_active,high,False,False,False,True,0
5217,2024-04-24,18,active,low,False,True,True,True,2
5218,2025-12-05,57,medium,low,False,False,True,True,0
5219,2024-10-15,26,medium,medium,False,True,False,True,2
5220,2024-01-07,44,super_active,medium,True,False,False,False,1
5221,2025-01-17,50,medium,medium,False,False,True,True,0
5222,2025-05-31,38,active,high,True,False,False,False,1
5223,2025-01-18,20,active,low,False,True,True,False,1
5224,2024-08-21,56,active,medium,False,False,False,True,3
5225,2024-08-28,62,low,medium,True,False,False,False,1
5226,2025-11-10,29,low,low,True,True,False,False,0
5227,2025-11-11,34,one_time,medium,True,False,True,True,3
5228,2024-06-24,53,medium,low,True,False,True,True,0
5229,2024-04-01,32,low,high,False,False,True,False,1
5230,2024-02-26,51,medium,low,True,False,True,False,1
5231,2024-03-23,40,active,high,True,False,True,True,0
5232,2025-07-29,51,medium,medium,False,False,False,True,1
5233,2025-05-12,50,low,low,False,True,True,True,1
5234,2025-06-26,54,super_active,low,False,False,True,True,3
5235,2025-11-11,46,active,medium,True,True,True,True,2
5236,2024-07-23,59,medium,low,False,True,True,False,2
5237,2025-06-08,52,low,medium,True,False,True,False,1
5238,2025-10-05,58,one_time,medium,True,True,True,False,1
5239,2025-07-27,41,one_time,high,True,False,True,False,2
5240,2024-12-24,43,medium,medium,True,True,False,False,0
5241,2025-06-22,21,medium,high,False,False,True,False,3
5242,2024-08-28,30,super_active,medium,True,False,True,False,0
5243,2025-05-21,50,active,medium,True,True,False,True,2
5244,2025-12-23,46,active,low,True,True,True,False,1
5245,2024-10-02,33,super_active,high,True,False,True,False,0
5246,2025-07-26,30,medium,medium,False,True,True,True,0
5247,2025-10-25,34,active,high,True,False,True,False,1
5248,2024-10-21,51,super_active,medium,False,True,True,True,1
5249,2025-10-12,19,low,low,False,False,True,True,1
5250,2024-03-17,56,active,medium,False,True,False,False,0
5251,2025-11-09,43,medium,medium,True,True,True,True,1
5252,2024-07-16,36,medium,low,False,True,False,True,0
5253,2025-05-06,54,medium,high,True,True,True,False,2
5254,2025-05-20,39,medium,high,False,False,True,False,0
5255,2024-01-30,52,active,low,True,False,True,False,1
5256,2025-11-09,24,active,medium,True,True,False,True,1
5257,2025-06-10,27,active,high,True,False,True,True,1
5258,2024-09-21,29,super_active,low,False,False,False,True,1
5259,2024-03-26,50,active,low,False,True,True,True,0
5260,2024-11-25,49,active,medium,True,False,True,True,3
5261,2024-08-28,58,medium,medium,False,False,True,False,0
5262,2024-02-20,64,low,high,True,False,True,False,2
5263,2024-04-04,50,active,medium,True,False,True,True,0
5264,2024-02-28,30,one_time,medium,True,False,False,False,1
5265,2025-10-10,26,active,low,False,False,True,False,3
5266,2024-09-05,21,one_time,medium,True,False,True,False,2
5267,2025-01-13,48,one_time,medium,False,True,True,True,2
5268,2025-03-01,37,active,high,False,True,True,False,1
5269,2024-04-27,65,low,medium,False,False,True,False,1
5270,2024-11-25,57,active,high,True,False,False,True,1
5271,2024-08-05,32,medium,high,False,False,False,True,0
5272,2025-08-09,57,medium,medium,False,True,False,True,3
5273,2024-03-30,28,one_time,medium,False,True,True,True,1
5274,2025-02-03,23,super_active,medium,False,False,True,False,0
5275,2025-01-23,34,medium,medium,False,True,False,True,1
5276,2024-04-08,55,active,low,False,False,True,True,0
5277,2024-08-02,38,medium,medium,False,True,True,True,1
5278,2024-10-27,24,low,low,False,True,False,False,1
5279,2025-09-17,45,active,high,True,True,True,True,0
5280,2025-01-15,60,medium,medium,True,False,True,True,2
5281,2025-05-23,44,low,high,True,False,True,True,1
5282,2025-11-25,24,active,medium,True,True,False,True,0
5283,2025-10-09,28,active,low,True,True,True,True,3
5284,2024-06-10,47,low,high,False,True,True,True,1
5285,2025-10-31,19,one_time,medium,False,True,True,True,2
5286,2025-07-29,46,active,medium,False,False,True,False,2
5287,2024-02-10,25,super_active,low,False,True,True,True,0
5288,2024-01-21,46,super_active,high,True,True,False,True,1
5289,2024-05-08,26,medium,low,True,False,True,True,2
5290,2024-05-09,48,super_active,medium,False,True,False,False,1
5291,2024-10-31,64,active,medium,True,False,True,True,0
5292,2025-01-14,24,medium,high,True,False,True,True,0
5293,2024-08-24,32,active,low,False,False,False,True,0
5294,2024-05-24,26,active,low,False,False,False,True,0
5295,2025-07-18,47,low,medium,True,True,False,True,0
5296,2024-06-09,58,active,low,True,True,True,False,0
5297,2025-04-18,61,super_active,low,True,False,True,False,1
5298,2025-04-25,19,medium,low,False,True,True,False,1
5299,2024-01-10,44,super_active,medium,False,False,True,True,1
5300,2024-04-23,55,active,medium,True,False,True,True,3
5301,2024-12-07,37,active,high,True,False,True,True,0
5302,2024-10-08,26,medium,high,False,True,False,True,1
5303,2025-01-15,56,active,medium,False,False,True,False,3
5304,2024-10-16,56,medium,low,True,True,False,True,0
5305,2025-09-25,31,active,low,True,False,True,True,1
5306,2024-03-10,49,medium,high,True,False,False,False,2
5307,2025-01-10,22,active,high,True,True,True,True,0
5308,2025-06-08,54,active,low,False,False,True,False,0
5309,2024-02-03,33,active,medium,True,True,True,True,3
5310,2025-03-30,40,active,low,False,False,True,False,2
5311,2025-02-07,22,one_time,high,False,False,True,True,0
5312,2025-09-17,38,active,medium,True,False,False,False,1
5313,2024-03-25,55,medium,medium,False,False,True,True,3
5314,2024-01-03,18,medium,medium,True,True,True,True,1
5315,2024-03-25,20,medium,high,True,False,False,True,0
5316,2025-01-14,40,super_active,high,True,False,True,False,3
5317,2025-10-23,34,active,low,False,False,True,True,0
5318,2024-05-25,54,medium,high,True,False,False,True,1
5319,2025-08-20,19,medium,low,True,False,False,False,0
5320,2025-04-26,27,active,high,True,False,False,False,1
5321,2025-10-31,28,active,medium,False,False,True,False,1
5322,2025-04-17,49,active,low,True,False,False,True,1
5323,2024-03-19,35,super_active,low,True,False,True,True,2
5324,2025-06-25,25,medium,medium,True,False,False,False,0
5325,2024-10-24,20,medium,medium,True,False,True,True,1
5326,2025-04-15,42,medium,high,True,False,False,True,1
5327,2024-06-05,52,medium,high,False,False,False,True,0
5328,2025-03-14,26,one_time,low,False,True,True,True,0
5329,2024-03-24,45,medium,low,True,False,True,True,3
5330,2025-01-09,54,medium,low,False,False,True,False,2
5331,2024-08-24,46,super_active,medium,False,False,True,True,1
5332,2025-04-04,52,super_active,high,True,True,True,False,0
5333,2025-01-31,32,one_time,medium,True,False,True,True,2
5334,2024-12-30,65,super_active,medium,True,False,False,True,1
5335,2025-06-02,61,active,medium,True,False,True,True,2
5336,2024-12-07,64,medium,low,True,True,False,True,1
5337,2024-06-01,47,active,high,True,True,True,False,0
5338,2025-05-20,19,active,high,True,False,True,False,1
5339,2025-04-21,26,one_time,medium,False,False,True,True,0
5340,2025-01-03,45,active,high,True,False,True,True,1
5341,2024-08-17,65,medium,medium,True,False,True,False,1
5342,2024-08-31,29,super_active,medium,False,False,True,True,3
5343,2024-08-13,58,low,low,True,True,True,True,3
5344,2024-10-30,18,low,low,True,False,True,True,2
5345,2025-01-18,65,super_active,high,False,False,True,True,3
5346,2025-08-25,58,super_active,low,False,True,True,True,0
5347,2024-12-15,38,active,medium,True,False,True,False,0
5348,2025-07-16,65,medium,low,True,True,False,True,1
5349,2024-07-29,36,medium,high,True,False,True,True,1
5350,2025-11-13,29,medium,high,False,True,True,True,0
5351,2024-09-27,53,medium,high,True,False,True,True,0
5352,2024-12-04,42,active,high,False,True,False,True,1
5353,2024-10-22,48,medium,low,False,False,False,False,0
5354,2024-09-07,55,low,high,True,False,False,False,1
5355,2024-12-22,58,super_active,low,True,True,True,True,0
5356,2024-12-30,43,medium,high,True,False,False,False,0
5357,2024-06-01,21,super_active,low,False,True,True,True,0
5358,2025-02-01,39,medium,high,False,False,True,True,0
5359,2024-05-24,53,low,low,True,True,True,False,3
5360,2025-04-17,20,active,high,False,False,True,True,3
5361,2025-07-24,26,one_time,low,True,False,False,True,0
5362,2025-11-17,25,medium,low,True,True,False,True,0
5363,2025-10-18,53,medium,low,False,True,True,True,1
5364,2024-11-30,22,super_active,low,False,False,False,False,2
5365,2025-10-18,31,super_active,high,False,False,True,True,2
5366,2024-02-28,47,medium,medium,True,True,True,False,1
5367,2025-01-27,50,active,medium,False,False,True,False,1
5368,2025-08-04,20,medium,medium,True,True,True,True,1
5369,2024-06-28,39,medium,medium,False,True,False,False,1
5370,2025-10-23,39,medium,high,True,True,False,True,1
5371,2024-08-18,58,medium,medium,False,True,False,True,1
5372,2025-04-23,39,super_active,medium,False,True,True,True,1
5373,2025-04-01,50,active,medium,True,False,True,False,2
5374,2024-07-11,56,super_active,low,True,False,False,False,2
5375,2024-10-16,39,active,high,True,False,False,True,1
5376,2024-08-28,31,low,low,True,False,True,True,1
5377,2025-12-25,30,medium,low,False,False,True,False,0
5378,2025-11-25,22,medium,medium,False,False,False,True,2
5379,2025-02-07,28,active,high,True,False,True,True,1
5380,2024-04-29,60,active,high,False,False,True,True,1
5381,2024-06-16,29,super_active,low,False,False,False,False,1
5382,2025-04-28,47,active,high,False,True,True,False,2
5383,2025-12-29,46,super_active,low,False,False,True,False,1
5384,2025-12-06,61,super_active,high,True,False,True,True,0
5385,2025-01-06,28,active,medium,True,True,False,False,0
5386,2025-04-09,37,active,medium,False,True,True,False,2
5387,2024-03-24,19,one_time,low,True,False,True,False,1
5388,2025-04-19,26,active,high,True,False,True,True,3
5389,2025-05-19,37,medium,low,True,True,False,False,2
5390,2025-11-12,48,low,high,True,True,True,False,3
5391,2025-06-24,48,active,medium,True,False,False,True,0
5392,2025-03-25,45,super_active,high,True,False,True,True,1
5393,2025-12-14,53,super_active,high,False,False,False,True,1
5394,2024-09-09,47,low,low,False,False,False,False,1
5395,2024-09-05,31,super_active,low,False,False,True,True,2
5396,2025-09-04,31,super_active,medium,True,False,False,True,0
5397,2024-02-03,44,active,medium,True,True,True,False,0
5398,2024-03-24,50,active,low,True,False,True,False,1
5399,2024-05-25,38,super_active,low,True,False,True,True,2
5400,2025-12-25,65,low,high,True,False,True,True,0
5401,2024-06-25,52,one_time,high,True,False,False,True,3
5402,2024-08-12,20,active,low,True,False,True,False,1
5403,2025-02-11,51,active,high,False,False,False,True,1
5404,2025-09-30,23,low,low,False,False,False,True,0
5405,2024-05-28,18,medium,low,True,False,False,False,2
5406,2025-12-03,60,low,high,True,False,False,True,3
5407,2025-12-10,19,super_active,medium,True,True,True,True,0
5408,2025-12-26,26,super_active,high,False,True,True,True,2
5409,2024-07-15,42,medium,high,True,False,False,False,0
5410,2025-07-31,29,super_active,medium,False,True,True,False,1
5411,2025-12-07,49,active,low,True,True,True,True,1
5412,2025-05-22,26,active,low,True,False,True,False,0
5413,2025-05-21,26,active,low,False,False,True,True,2
5414,2024-06-02,24,active,low,False,False,True,False,1
5415,2025-04-16,64,active,low,True,True,False,False,2
5416,2025-04-13,52,super_active,low,False,True,False,True,2
5417,2025-01-01,57,active,low,True,True,False,False,2
5418,2025-10-08,28,active,high,False,False,True,True,3
5419,2024-06-14,40,low,low,True,False,True,True,1
5420,2024-03-11,19,low,low,False,False,True,True,1
5421,2024-02-04,37,active,low,False,False,True,True,0
5422,2025-07-03,52,one_time,high,True,False,True,False,1
5423,2025-02-12,19,active,medium,True,False,True,False,0
5424,2024-03-25,31,medium,high,True,True,True,False,2
5425,2025-07-13,61,active,medium,True,False,True,True,1
5426,2024-06-16,29,active,low,False,True,True,False,1
5427,2024-01-02,26,active,medium,True,False,True,True,3
5428,2024-08-06,23,medium,medium,True,True,False,True,0
5429,2024-03-29,24,active,low,True,False,True,False,0
5430,2024-10-20,27,active,medium,True,False,False,False,2
5431,2025-06-17,29,super_active,medium,True,True,True,True,0
5432,2025-07-05,61,active,low,True,False,True,True,0
5433,2024-09-05,37,medium,medium,False,False,True,True,1
5434,2024-07-24,35,active,low,False,True,False,True,1
5435,2025-04-16,38,low,medium,True,True,True,True,1
5436,2025-04-19,19,medium,high,False,True,True,False,1
5437,2025-01-31,26,medium,medium,True,False,True,False,1
5438,2025-08-23,27,low,high,True,False,True,True,2
5439,2024-08-09,38,one_time,high,False,True,True,True,1
5440,2024-04-12,20,low,high,False,False,True,True,1
5441,2025-07-23,29,one_time,low,False,False,True,False,2
5442,2024-11-03,23,medium,high,True,False,True,False,0
5443,2025-12-03,48,super_active,low,False,False,True,True,0
5444,2025-03-12,40,active,medium,True,True,False,False,2
5445,2024-05-06,40,active,high,True,True,False,False,2
5446,2025-02-05,53,medium,high,False,True,False,True,0
5447,2024-05-05,23,super_active,high,False,False,False,True,2
5448,2025-09-27,59,active,high,True,True,True,False,2
5449,2025-01-17,60,active,low,True,True,True,False,1
5450,2025-04-18,26,active,high,True,False,False,True,1
5451,2024-11-03,58,active,medium,True,False,True,False,0
5452,2024-11-22,38,low,high,True,False,True,False,3
5453,2024-12-09,54,active,medium,True,False,True,True,0
5454,2025-03-18,40,medium,medium,False,False,True,True,1
5455,2025-11-16,40,medium,low,True,True,True,True,3
5456,2024-05-25,33,active,low,True,False,True,True,2
5457,2025-10-19,51,active,medium,True,False,True,True,0
5458,2025-10-16,50,active,medium,True,True,True,True,3
5459,2024-08-09,61,super_active,medium,False,False,True,True,3
5460,2025-06-01,39,medium,high,False,False,True,True,0
5461,2025-06-17,47,one_time,high,False,False,True,False,1
5462,2024-11-21,63,active,medium,False,False,True,True,1
5463,2024-08-11,56,low,high,True,False,True,True,2
5464,2024-08-18,40,medium,medium,False,False,True,False,3
5465,2024-11-20,22,active,low,True,False,True,True,1
5466,2025-01-03,53,medium,high,True,False,False,False,1
5467,2025-04-10,59,super_active,low,True,True,True,True,2
5468,2024-12-20,39,medium,low,False,True,True,False,0
5469,2024-12-16,19,one_time,low,True,True,True,True,0
5470,2025-05-25,37,medium,medium,True,True,True,True,3
5471,2024-04-20,49,medium,high,True,False,True,True,0
5472,2024-05-08,19,active,high,True,True,True,True,3
5473,2025-09-09,28,medium,high,False,False,True,True,2
5474,2025-03-17,37,super_active,high,True,False,True,True,1
5475,2025-07-18,18,active,low,False,False,True,False,2
5476,2025-03-25,42,one_time,low,True,False,True,False,0
5477,2024-11-16,44,active,high,True,False,True,False,1
5478,2024-03-12,53,low,medium,False,True,True,True,1
5479,2024-06-19,55,medium,low,True,True,True,False,1
5480,2025-08-28,33,super_active,high,False,True,True,True,1
5481,2024-04-18,20,active,medium,True,True,True,False,1
5482,2024-08-18,23,super_active,high,True,False,False,True,3
5483,2024-07-15,59,medium,medium,False,False,True,True,3
5484,2024-11-12,26,super_active,high,False,False,False,True,2
5485,2024-07-05,63,super_active,low,False,False,False,True,0
5486,2024-11-20,27,medium,low,True,False,True,True,1
5487,2024-06-04,48,super_active,medium,True,False,True,True,1
5488,2024-08-15,18,medium,medium,True,True,False,True,1
5489,2025-09-24,64,one_time,low,True,False,True,True,1
5490,2025-07-24,35,low,high,True,True,True,False,2
5491,2025-06-22,56,low,low,True,False,False,True,1
5492,2024-09-18,41,active,low,False,False,True,False,2
5493,2025-02-18,19,low,high,True,True,True,False,2
5494,2025-02-16,29,active,medium,True,True,False,True,3
5495,2025-03-20,42,super_active,low,True,True,False,True,2
5496,2024-10-20,18,medium,medium,True,False,True,False,1
5497,2024-10-22,34,active,high,True,False,True,False,1
5498,2024-07-13,54,super_active,low,False,True,False,False,1
5499,2024-11-10,35,one_time,low,False,False,True,True,1
5500,2025-09-10,32,super_active,medium,True,True,True,False,1
5501,2024-05-04,37,active,medium,True,False,True,True,3
5502,2025-09-19,34,active,high,True,False,True,False,2
5503,2024-09-30,35,low,medium,True,False,True,False,3
5504,2024-04-09,63,active,high,True,True,True,False,0
5505,2024-03-06,25,active,medium,True,True,True,True,0
5506,2025-06-28,56,one_time,low,True,True,True,True,1
5507,2025-03-20,53,medium,high,True,False,False,True,1
5508,2024-07-26,40,medium,low,True,False,True,True,0
5509,2024-09-02,49,active,medium,True,True,False,True,0
5510,2024-08-18,26,medium,low,True,False,True,False,2
5511,2025-11-14,60,active,medium,True,False,True,True,1
5512,2025-07-20,33,super_active,medium,False,False,True,True,1
5513,2024-05-04,47,active,low,True,False,True,True,0
5514,2025-10-23,31,medium,high,True,True,False,False,2
5515,2024-09-03,49,medium,medium,True,True,True,True,1
5516,2025-04-04,23,active,high,True,False,True,True,1
5517,2025-11-18,21,active,low,False,False,False,True,2
5518,2025-05-02,25,super_active,low,True,False,True,False,1
5519,2025-07-14,31,low,high,False,True,False,False,1
5520,2025-04-03,58,active,medium,False,True,False,False,1
5521,2024-10-24,49,active,medium,False,False,True,False,1
5522,2025-03-11,31,active,low,True,False,True,False,1
5523,2024-09-17,56,medium,medium,False,False,True,False,2
5524,2025-02-11,21,active,medium,False,False,False,True,2
5525,2024-10-26,20,super_active,low,False,False,True,True,1
5526,2025-05-16,31,active,low,True,False,True,False,1
5527,2025-04-15,58,active,medium,True,False,True,True,1
5528,2025-12-13,62,active,medium,False,False,False,True,0
5529,2024-10-18,18,medium,medium,True,True,False,False,1
5530,2025-07-26,44,medium,low,False,True,True,True,3
5531,2024-09-22,19,super_active,high,False,True,False,True,2
5532,2025-02-08,25,active,low,True,True,False,True,2
5533,2025-09-15,21,medium,low,True,True,True,False,1
5534,2025-08-01,22,active,high,True,True,True,True,1
5535,2024-01-09,29,medium,medium,False,False,True,True,1
5536,2024-09-14,23,super_active,medium,False,True,True,False,2
5537,2024-05-14,34,active,medium,True,False,True,False,2
5538,2025-05-01,57,low,medium,False,False,False,False,0
5539,2025-08-03,59,low,high,True,False,True,True,0
5540,2024-12-09,56,one_time,medium,True,True,False,True,2
5541,2024-06-19,26,active,low,False,False,True,True,0
5542,2024-10-09,64,medium,medium,True,False,True,True,2
5543,2025-06-08,65,super_active,high,True,False,False,False,0
5544,2025-08-06,29,low,high,True,True,False,True,1
5545,2025-03-14,45,medium,low,True,False,True,False,1
5546,2025-12-29,28,medium,low,True,False,False,True,3
5547,2025-01-11,18,active,high,False,False,False,False,0
5548,2025-03-11,64,one_time,high,True,False,True,True,0
5549,2024-02-04,65,medium,high,True,False,True,True,1
5550,2025-01-23,30,active,high,True,False,True,True,0
5551,2025-04-26,26,active,medium,True,False,False,False,3
5552,2025-07-06,38,active,medium,True,False,True,True,1
5553,2025-02-20,54,active,medium,True,True,True,True,1
5554,2024-04-14,21,active,medium,True,False,True,True,0
5555,2025-10-14,41,low,low,False,True,False,True,2
5556,2024-02-13,49,active,high,False,False,True,True,3
5557,2025-05-29,58,active,medium,True,False,False,True,1
5558,2024-09-27,63,active,high,True,False,False,False,2
5559,2024-11-15,36,active,medium,True,False,False,False,2
5560,2025-09-25,41,one_time,low,True,False,True,True,0
5561,2025-12-16,56,active,high,True,True,True,True,2
5562,2025-11-30,58,active,low,True,False,True,False,1
5563,2025-12-10,50,medium,medium,False,False,True,False,0
5564,2024-04-26,40,super_active,high,False,False,False,True,1
5565,2024-04-12,45,medium,high,False,False,True,True,0
5566,2024-03-28,61,medium,high,True,False,True,False,1
5567,2024-09-15,40,one_time,low,True,False,True,False,0
5568,2025-08-26,28,active,low,True,True,True,True,1
5569,2025-12-23,35,super_active,medium,False,False,True,False,0
5570,2025-12-25,37,medium,medium,True,False,False,True,2
5571,2025-10-14,20,one_time,medium,False,False,True,True,1
5572,2025-04-10,39,active,medium,False,False,True,False,1
5573,2024-07-05,45,medium,low,True,False,True,True,1
5574,2025-12-14,36,medium,low,True,False,True,True,0
5575,2024-12-16,26,active,low,False,False,True,True,3
5576,2025-01-26,48,super_active,medium,False,True,True,True,1
5577,2024-05-23,31,active,medium,False,False,True,True,1
5578,2025-06-03,55,active,low,False,True,True,True,0
5579,2024-11-08,51,super_active,high,True,False,True,True,1
5580,2025-06-09,44,active,high,False,False,False,True,1
5581,2024-07-29,30,medium,medium,False,True,False,True,0
5582,2024-06-02,33,medium,medium,True,False,True,False,2
5583,2024-06-07,62,super_active,medium,True,False,True,True,1
5584,2024-05-05,34,active,medium,True,True,False,False,1
5585,2024-10-14,27,super_active,medium,True,False,True,False,1
5586,2025-04-20,18,super_active,low,False,False,True,True,2
5587,2024-10-01,38,low,high,True,False,True,True,1
5588,2024-12-15,19,active,low,True,True,True,True,3
5589,2025-04-07,38,super_active,high,True,False,True,False,0
5590,2024-09-28,46,low,medium,False,False,True,False,2
5591,2025-12-31,43,active,low,False,True,True,True,0
5592,2025-04-22,21,active,low,True,True,False,False,1
5593,2025-02-15,62,active,low,True,False,True,False,1
5594,2024-03-31,29,medium,medium,False,True,True,True,1
5595,2025-02-19,34,low,high,False,True,True,True,0
5596,2024-10-15,20,low,medium,True,False,True,True,3
5597,2024-05-21,51,active,medium,True,False,True,True,0
5598,2025-09-03,38,active,high,False,False,True,False,0
5599,2025-03-17,41,super_active,medium,True,False,True,True,2
5600,2024-03-31,19,active,low,False,False,True,True,0
5601,2025-07-13,41,one_time,medium,True,False,True,False,1
5602,2025-08-02,21,super_active,medium,True,True,True,True,0
5603,2025-05-17,32,active,low,True,False,False,True,1
5604,2024-06-15,56,active,medium,True,False,False,True,1
5605,2025-07-03,54,active,high,False,False,True,True,3
5606,2025-09-16,23,low,medium,False,True,True,True,1
5607,2024-05-28,53,super_active,high,False,False,True,False,2
5608,2024-12-11,36,active,high,True,True,True,True,0
5609,2025-08-17,37,medium,low,False,True,True,True,1
5610,2024-11-23,39,medium,high,False,True,True,True,0
5611,2025-06-01,50,medium,low,False,False,True,False,1
5612,2025-03-14,30,active,high,True,False,True,False,3
5613,2025-12-12,47,low,high,False,False,False,False,1
5614,2025-12-29,49,medium,medium,True,True,True,False,0
5615,2024-11-06,44,medium,low,False,True,True,True,0
5616,2024-09-11,48,medium,low,True,True,True,False,1
5617,2025-07-15,44,low,medium,True,False,True,True,1
5618,2024-10-10,53,medium,medium,False,False,True,True,0
5619,2024-05-10,61,active,medium,True,True,False,False,1
5620,2024-02-07,51,low,low,True,False,True,True,3
5621,2025-07-28,26,medium,medium,True,True,True,True,1
5622,2025-09-09,30,super_active,high,True,True,True,False,1
5623,2024-11-11,51,active,medium,True,False,True,False,2
5624,2025-09-16,46,low,high,True,False,True,True,0
5625,2024-09-23,30,super_active,medium,True,True,True,True,1
5626,2024-03-27,50,super_active,medium,True,False,True,True,0
5627,2024-12-25,20,medium,medium,True,False,True,True,3
5628,2024-11-25,46,medium,low,True,False,True,True,2
5629,2024-12-28,59,medium,low,True,True,True,True,2
5630,2025-08-28,44,active,medium,True,False,True,True,2
5631,2025-07-27,35,active,low,True,True,False,True,1
5632,2025-03-18,31,low,high,False,False,False,True,1
5633,2024-07-09,49,medium,high,False,True,False,True,1
5634,2025-04-27,52,medium,low,False,False,True,True,1
5635,2025-05-13,24,active,low,True,False,True,True,3
5636,2024-03-31,45,medium,medium,False,False,True,True,1
5637,2024-04-26,19,low,low,False,True,True,True,0
5638,2025-06-24,47,active,medium,True,False,True,True,2
5639,2024-09-19,37,active,low,False,True,False,False,0
5640,2024-03-28,31,medium,high,True,False,False,False,3
5641,2025-04-23,33,low,low,True,True,True,False,2
5642,2025-01-11,40,medium,high,True,True,True,False,0
5643,2024-09-18,30,medium,medium,True,True,False,False,3
5644,2025-01-21,59,low,high,True,False,True,True,0
5645,2024-11-15,27,medium,high,False,True,True,True,1
5646,2025-09-20,58,medium,high,False,False,True,False,1
5647,2024-03-26,28,super_active,low,True,True,True,True,0
5648,2025-07-23,28,low,medium,True,False,False,True,0
5649,2024-10-19,30,medium,medium,False,False,False,False,1
5650,2024-06-13,41,active,high,False,True,False,True,0
5651,2025-01-22,42,super_active,medium,False,False,True,False,1
5652,2025-12-07,45,low,low,True,False,True,True,1
5653,2024-09-04,19,medium,medium,True,True,True,False,1
5654,2025-02-08,62,low,low,False,True,True,False,0
5655,2024-06-06,38,active,low,True,False,True,True,1
5656,2024-06-04,61,medium,high,True,False,True,False,2
5657,2025-09-11,36,one_time,high,True,False,True,False,1
5658,2025-01-28,58,medium,high,True,False,True,True,3
5659,2024-08-18,38,low,high,True,False,False,True,2
5660,2025-10-16,48,medium,low,False,False,False,True,1
5661,2025-07-26,47,low,low,False,False,True,False,3
5662,2024-02-08,23,one_time,high,True,True,True,False,0
5663,2024-01-13,49,active,low,True,False,False,True,2
5664,2024-02-24,35,super_active,low,True,True,True,True,2
5665,2024-12-28,46,active,medium,True,True,False,True,0
5666,2024-12-17,25,medium,low,False,True,True,False,1
5667,2025-12-07,25,medium,medium,True,False,True,True,1
5668,2025-12-18,64,low,medium,True,False,False,True,0
5669,2024-11-05,22,active,low,False,False,True,True,0
5670,2024-03-04,24,one_time,low,False,True,True,True,1
5671,2025-03-22,49,active,medium,True,False,True,False,3
5672,2024-10-21,29,active,medium,True,True,True,True,0
5673,2025-12-16,24,active,low,False,False,True,True,2
5674,2024-08-09,43,medium,low,False,False,True,True,1
5675,2025-08-05,37,active,low,False,True,True,False,0
5676,2024-11-12,64,super_active,high,True,False,True,True,1
5677,2025-05-17,30,low,low,False,False,False,False,1
5678,2025-08-06,45,active,low,False,False,False,True,0
5679,2025-03-10,24,active,low,True,False,True,True,1
5680,2024-10-02,47,medium,high,True,True,True,True,1
5681,2025-02-16,47,active,high,True,False,False,False,1
5682,2024-09-13,32,super_active,medium,False,False,True,True,0
5683,2025-05-03,56,active,high,False,False,True,True,0
5684,2024-01-29,55,super_active,high,True,False,True,True,0
5685,2024-05-05,25,low,medium,False,True,True,False,0
5686,2025-09-19,60,medium,medium,False,False,False,False,2
5687,2024-01-25,47,super_active,low,False,False,True,False,0
5688,2025-10-25,50,low,high,False,False,True,False,2
5689,2024-05-24,44,low,low,True,False,True,False,1
5690,2024-03-01,32,medium,high,True,False,True,False,0
5691,2024-10-25,52,medium,low,False,False,False,False,2
5692,2024-08-15,52,super_active,high,True,True,False,True,0
5693,2024-02-18,54,low,high,True,True,True,False,1
5694,2024-06-18,29,super_active,medium,False,True,False,True,0
5695,2025-12-06,35,low,medium,True,False,True,True,1
5696,2025-05-12,25,medium,high,False,False,False,True,0
5697,2024-04-24,37,medium,high,False,False,True,False,0
5698,2024-09-02,34,active,high,True,False,True,True,1
5699,2025-10-08,48,active,high,True,True,True,True,0
5700,2025-09-15,20,medium,high,True,False,True,True,0
5701,2025-09-19,54,medium,medium,True,False,False,False,3
5702,2024-04-06,39,medium,high,False,True,True,False,0
5703,2024-03-27,42,active,low,False,False,False,True,1
5704,2025-08-21,51,low,low,False,False,False,True,0
5705,2024-02-09,58,active,low,True,True,False,False,0
5706,2024-11-16,19,active,medium,False,False,True,True,1
5707,2024-11-08,30,super_active,low,False,True,True,True,1
5708,2025-09-23,32,one_time,low,True,False,False,True,1
5709,2025-11-22,56,active,low,True,False,True,False,3
5710,2025-05-31,65,medium,medium,False,True,False,False,0
5711,2025-04-05,57,medium,medium,False,True,False,False,0
5712,2024-10-11,20,low,low,False,True,True,True,0
5713,2025-12-10,31,active,low,True,False,False,True,1
5714,2025-12-13,49,medium,high,False,False,True,False,2
5715,2024-04-25,61,one_time,high,True,False,True,False,0
5716,2024-01-12,18,active,low,True,True,True,True,1
5717,2025-05-25,39,super_active,medium,True,False,True,True,1
5718,2024-04-16,40,active,high,True,False,False,True,3
5719,2024-07-31,44,active,high,True,False,False,True,0
5720,2025-05-17,22,active,medium,False,False,True,False,0
5721,2025-06-04,54,active,low,True,False,False,True,0
5722,2025-10-05,20,super_active,medium,False,True,True,False,1
5723,2024-07-28,54,active,high,True,True,False,True,2
5724,2025-12-06,47,medium,low,True,True,False,False,2
5725,2024-10-04,52,medium,medium,False,False,False,True,3
5726,2025-12-01,49,one_time,high,True,False,True,False,1
5727,2025-11-27,43,medium,medium,True,False,True,False,1
5728,2025-10-24,55,active,medium,True,True,True,True,2
5729,2025-06-17,22,active,high,True,True,True,True,0
5730,2024-08-19,30,active,low,False,True,True,False,0
5731,2025-03-20,43,low,high,True,False,True,False,1
5732,2024-05-05,55,medium,high,False,False,True,True,3
5733,2024-09-17,19,medium,medium,False,False,True,False,0
5734,2024-10-22,34,super_active,medium,True,False,False,True,0
5735,2024-12-04,45,super_active,high,True,False,True,False,0
5736,2025-02-10,32,active,high,True,True,False,True,1
5737,2024-11-30,48,medium,high,True,False,False,True,2
5738,2024-07-30,47,medium,high,False,False,True,True,1
5739,2024-11-07,37,medium,medium,True,False,False,True,2
5740,2025-03-27,46,medium,high,False,True,True,True,3
5741,2024-02-07,40,medium,medium,True,True,False,False,1
5742,2024-02-03,45,super_active,low,False,False,True,False,1
5743,2024-08-09,26,super_active,high,False,True,False,True,0
5744,2024-12-30,28,medium,high,True,True,False,True,1
5745,2025-06-07,51,active,medium,False,False,True,False,1
5746,2024-02-27,40,one_time,high,False,True,False,True,1
5747,2025-06-28,38,active,medium,True,False,True,True,1
5748,2025-02-27,19,medium,medium,False,False,True,True,2
5749,2025-11-28,49,medium,medium,True,True,True,True,0
5750,2024-02-26,65,low,medium,True,True,True,True,1
5751,2024-02-12,31,medium,high,True,True,True,False,1
5752,2025-08-03,58,one_time,high,False,True,True,True,0
5753,2025-11-02,56,medium,medium,True,False,False,True,3
5754,2024-11-09,26,active,medium,True,True,False,True,1
5755,2025-03-14,44,active,medium,True,False,True,False,1
5756,2025-10-25,42,low,low,True,True,True,True,1
5757,2025-04-21,24,medium,medium,False,True,True,True,2
5758,2025-02-13,31,super_active,medium,False,False,True,False,2
5759,2024-05-02,24,active,medium,True,True,True,True,0
5760,2024-01-02,40,medium,medium,True,False,False,False,0
5761,2025-08-24,50,active,medium,True,False,True,False,0
5762,2025-02-21,52,super_active,high,True,True,False,False,1
5763,2025-08-13,47,super_active,low,True,True,True,False,0
5764,2025-09-12,19,active,high,False,True,True,True,1
5765,2024-03-18,59,active,low,False,True,True,False,0
5766,2024-06-01,38,active,high,True,False,False,False,0
5767,2024-11-23,61,active,high,False,False,True,False,3
5768,2025-11-29,34,medium,medium,False,False,True,False,1
5769,2024-03-02,32,active,medium,True,True,True,True,2
5770,2024-04-21,32,super_active,medium,False,False,False,True,0
5771,2025-06-03,59,medium,low,True,False,False,True,1
5772,2025-01-30,51,active,low,False,True,True,True,0
5773,2025-10-01,55,medium,high,True,False,True,True,0
5774,2025-09-24,31,medium,low,False,True,True,True,1
5775,2024-08-20,43,one_time,medium,True,True,True,True,1
5776,2025-07-14,32,active,medium,False,True,True,True,1
5777,2024-12-17,43,super_active,medium,False,True,True,False,0
5778,2024-04-13,54,active,medium,True,False,True,True,1
5779,2025-05-29,46,super_active,high,True,False,True,True,1
5780,2025-04-13,50,medium,medium,True,False,True,True,0
5781,2024-05-16,61,low,low,False,False,True,True,1
5782,2024-09-19,58,one_time,high,False,False,False,False,0
5783,2025-06-03,59,medium,medium,False,False,False,False,0
5784,2025-08-04,41,medium,high,False,False,False,True,1
5785,2024-02-18,44,active,high,True,False,True,True,1
5786,2025-08-12,51,super_active,medium,False,False,True,False,3
5787,2025-04-02,58,active,low,True,False,True,True,1
5788,2024-04-29,58,super_active,medium,False,False,True,True,1
5789,2025-04-06,39,active,high,True,False,True,True,1
5790,2025-11-28,60,active,medium,True,True,True,True,1
5791,2025-02-20,36,one_time,medium,False,False,False,True,1
5792,2025-06-21,23,super_active,low,True,True,True,True,0
5793,2025-11-09,24,medium,high,True,True,False,False,1
5794,2025-12-18,28,low,low,True,False,True,True,1
5795,2024-09-02,61,one_time,low,False,False,True,True,0
5796,2024-07-13,55,active,medium,True,True,True,True,1
5797,2025-12-20,24,active,medium,True,False,False,True,2
5798,2024-05-27,44,medium,medium,False,False,True,False,1
5799,2024-03-05,47,low,high,True,False,False,True,0
5800,2025-06-09,20,active,medium,True,False,False,True,0
5801,2025-10-06,57,medium,low,True,True,True,False,1
5802,2025-07-26,41,medium,high,False,True,True,True,3
5803,2025-08-03,46,low,medium,True,False,True,False,2
5804,2025-11-20,63,low,low,True,True,False,False,1
5805,2024-10-13,38,low,high,False,False,False,True,1
5806,2025-08-08,50,active,high,True,True,True,False,0
5807,2025-02-07,20,medium,medium,True,False,True,True,1
5808,2024-05-21,64,medium,high,True,True,True,False,2
5809,2025-04-14,29,low,high,True,False,True,False,1
5810,2025-05-02,61,super_active,low,False,False,False,True,2
5811,2025-01-16,19,active,medium,True,False,True,True,1
5812,2024-04-19,59,medium,low,True,False,True,False,2
5813,2025-02-27,63,low,medium,True,False,True,False,1
5814,2025-04-13,39,medium,high,True,False,True,False,3
5815,2024-12-27,43,low,medium,False,True,False,True,1
5816,2024-04-18,53,active,medium,False,True,False,True,1
5817,2025-03-27,27,super_active,medium,False,True,True,True,0
5818,2025-08-16,60,active,high,True,False,True,True,1
5819,2025-01-18,22,active,high,True,False,True,True,3
5820,2025-06-23,23,one_time,low,True,False,False,False,3
5821,2024-10-27,41,one_time,medium,True,False,True,False,0
5822,2024-04-15,25,active,medium,True,False,True,False,0
5823,2025-03-31,23,low,low,False,False,False,False,2
5824,2025-02-19,55,active,medium,False,True,True,False,0
5825,2024-08-07,44,medium,medium,True,True,True,True,1
5826,2025-10-04,53,low,low,False,False,True,False,0
5827,2024-02-18,25,active,medium,False,True,True,True,1
5828,2025-07-18,52,medium,high,True,False,True,True,1
5829,2025-02-28,49,medium,medium,False,False,False,False,1
5830,2024-11-19,18,super_active,low,True,True,True,True,1
5831,2025-04-30,37,active,medium,True,False,True,False,2
5832,2025-03-30,29,medium,low,False,False,True,False,3
5833,2024-06-10,34,low,medium,True,True,False,False,2
5834,2025-08-21,22,active,medium,False,True,True,False,0
5835,2024-03-23,63,medium,high,True,False,False,False,3
5836,2025-05-05,34,one_time,high,False,True,True,True,1
5837,2024-02-18,60,medium,high,False,True,True,False,3
5838,2025-10-30,42,active,low,True,False,True,True,1
5839,2024-04-18,60,medium,low,True,True,False,True,0
5840,2025-06-01,59,medium,low,True,False,False,True,2
5841,2024-08-25,42,low,low,False,False,False,False,2
5842,2024-08-29,58,low,low,False,True,True,True,2
5843,2024-04-11,56,medium,low,True,False,True,True,1
5844,2025-05-12,37,super_active,high,True,False,True,True,0
5845,2024-05-08,38,active,medium,True,False,False,True,1
5846,2024-06-13,28,medium,medium,False,True,True,True,3
5847,2025-01-13,56,super_active,high,True,False,True,True,1
5848,2024-06-22,61,super_active,low,True,False,False,False,2
5849,2025-02-13,26,active,low,False,False,True,False,0
5850,2025-04-30,49,super_active,low,False,False,True,True,2
5851,2025-07-12,25,active,medium,False,False,False,True,1
5852,2025-04-27,32,active,medium,True,True,False,True,1
5853,2025-06-07,36,medium,high,False,True,True,True,0
5854,2024-08-01,45,medium,medium,True,False,True,True,1
5855,2024-01-22,60,low,low,True,False,True,True,1
5856,2024-09-20,41,low,high,True,False,False,False,3
5857,2024-11-28,45,medium,medium,True,False,True,False,1
5858,2025-11-14,43,active,medium,True,True,True,True,2
5859,2024-12-08,37,low,low,False,False,True,True,1
5860,2025-05-18,33,medium,high,False,False,True,True,1
5861,2024-08-20,58,active,medium,True,True,True,True,1
5862,2025-08-02,39,medium,medium,True,False,True,False,3
5863,2024-06-05,36,active,medium,True,True,False,False,0
5864,2024-07-30,60,medium,low,False,True,True,True,0
5865,2025-03-06,61,active,low,True,False,False,True,0
5866,2025-04-16,62,active,high,False,False,False,False,0
5867,2024-05-16,21,active,high,False,True,True,False,1
5868,2025-02-16,29,super_active,high,True,True,True,False,1
5869,2025-03-01,40,medium,medium,True,False,True,False,2
5870,2024-07-18,22,medium,low,False,False,True,False,1
5871,2025-07-09,45,medium,high,False,False,False,False,0
5872,2025-01-09,33,medium,medium,False,True,True,True,0
5873,2024-10-22,52,medium,medium,False,False,False,False,2
5874,2024-01-13,44,low,low,True,False,True,True,1
5875,2025-10-24,32,active,medium,False,False,False,False,0
5876,2025-02-25,65,medium,medium,False,False,True,True,0
5877,2025-11-07,39,low,low,True,True,True,False,1
5878,2024-10-20,49,one_time,medium,True,True,True,True,1
5879,2024-08-05,31,super_active,medium,True,False,True,True,2
5880,2025-09-22,36,super_active,high,False,True,True,True,1
5881,2024-09-20,51,super_active,medium,True,False,True,False,1
5882,2024-02-13,34,super_active,medium,False,True,True,False,3
5883,2024-05-28,55,medium,low,False,False,True,True,0
5884,2025-04-29,63,active,high,True,False,True,True,0
5885,2024-11-22,63,medium,low,True,False,False,True,2
5886,2024-09-19,36,low,medium,False,False,False,True,1
5887,2024-06-13,50,medium,high,False,False,True,False,1
5888,2025-12-22,56,medium,low,False,False,True,False,2
5889,2025-06-25,19,medium,medium,True,True,True,False,0
5890,2025-11-14,57,low,high,True,True,True,False,0
5891,2025-09-23,55,medium,medium,True,False,True,True,1
5892,2024-10-30,34,one_time,medium,True,True,False,False,1
5893,2025-11-17,21,medium,low,True,False,False,False,1
5894,2025-12-20,63,medium,high,False,False,False,False,0
5895,2025-08-12,64,low,high,True,False,True,True,0
5896,2024-03-31,35,low,medium,True,False,True,True,0
5897,2024-01-16,20,medium,medium,True,False,False,True,1
5898,2024-12-01,61,one_time,low,True,False,False,True,1
5899,2024-06-22,29,low,high,False,False,False,True,1
5900,2024-12-26,60,low,high,True,True,True,True,2
5901,2024-06-20,24,one_time,medium,False,True,False,False,1
5902,2024-08-28,18,active,low,False,True,True,False,0
5903,2025-12-22,35,super_active,low,False,False,False,True,1
5904,2024-10-31,55,one_time,low,True,True,True,True,3
5905,2024-05-06,47,active,medium,True,True,True,True,1
5906,2025-10-02,42,super_active,medium,True,False,True,True,1
5907,2025-12-18,27,active,low,False,False,True,True,1
5908,2024-11-03,61,super_active,low,True,True,True,True,1
5909,2025-03-01,29,active,medium,True,True,False,True,1
5910,2025-11-12,58,medium,low,False,True,True,False,1
5911,2025-01-13,59,low,medium,False,False,True,True,1
5912,2025-07-18,32,low,low,True,False,True,True,0
5913,2024-06-09,41,super_active,medium,True,False,True,True,0
5914,2025-11-01,35,active,low,True,False,False,True,1
5915,2024-11-04,37,active,medium,False,False,True,True,3
5916,2025-01-19,19,medium,low,True,False,False,False,1
5917,2025-06-18,18,super_active,high,True,False,False,True,1
5918,2024-03-07,24,low,medium,True,True,False,True,1
5919,2024-09-18,48,active,medium,True,True,True,True,1
5920,2024-10-14,33,active,high,False,False,True,True,1
5921,2025-05-13,42,medium,medium,True,False,True,False,1
5922,2024-10-09,25,super_active,medium,False,False,True,True,0
5923,2024-09-28,44,super_active,high,True,False,True,False,1
5924,2024-01-27,62,medium,low,False,False,True,False,1
5925,2025-12-10,50,active,high,False,False,True,False,0
5926,2025-10-09,18,low,high,False,False,False,True,2
5927,2025-12-16,22,low,low,False,True,True,True,0
5928,2025-04-10,50,low,medium,False,True,True,True,1
5929,2025-08-10,63,medium,medium,True,False,True,False,1
5930,2025-10-11,24,low,high,True,False,True,True,1
5931,2025-10-02,62,medium,low,True,False,True,True,1
5932,2025-09-27,18,active,low,False,False,False,False,0
5933,2024-01-27,23,super_active,medium,True,False,False,True,3
5934,2024-11-14,34,one_time,low,True,False,True,True,2
5935,2025-01-16,26,active,high,True,False,True,False,1
5936,2024-04-30,53,super_active,high,False,False,False,True,0
5937,2025-05-01,32,medium,medium,True,False,False,True,0
5938,2024-05-12,38,medium,high,True,False,False,True,0
5939,2024-10-02,34,active,medium,True,True,False,True,1
5940,2025-09-16,52,medium,medium,False,False,True,True,0
5941,2024-05-02,50,active,high,True,False,True,False,1
5942,2025-06-14,46,low,high,True,True,False,False,0
5943,2025-12-06,28,super_active,high,True,False,True,False,3
5944,2025-11-27,18,active,medium,False,False,False,False,0
5945,2024-07-26,36,super_active,high,True,False,True,True,0
5946,2025-09-02,23,low,high,True,False,True,False,1
5947,2024-01-03,50,active,medium,False,True,False,False,0
5948,2024-06-18,54,low,medium,False,True,True,True,2
5949,2024-12-18,18,active,low,False,False,True,True,2
5950,2025-05-04,28,medium,medium,True,False,True,True,2
5951,2025-05-22,44,active,medium,True,False,True,True,0
5952,2025-04-16,20,super_active,medium,False,False,True,True,1
5953,2025-09-29,21,active,low,True,False,True,False,1
5954,2025-04-15,43,active,medium,True,True,True,False,1
5955,2025-09-18,37,medium,medium,False,False,True,False,1
5956,2025-11-02,54,active,medium,False,True,True,False,0
5957,2024-12-10,32,one_time,low,True,True,True,True,2
5958,2024-10-17,51,medium,medium,True,False,True,True,2
5959,2025-06-20,24,active,high,True,True,True,True,1
5960,2025-08-04,35,medium,medium,True,True,True,True,2
5961,2025-08-15,27,active,medium,True,False,True,True,1
5962,2025-05-24,61,medium,low,False,False,False,True,1
5963,2024-07-11,65,active,low,True,False,True,False,1
5964,2024-05-13,23,active,high,False,False,True,False,1
5965,2025-03-29,55,super_active,medium,False,True,True,True,1
5966,2024-11-21,24,active,low,True,False,True,False,0
5967,2024-10-16,27,active,medium,True,True,True,False,1
5968,2024-01-13,40,super_active,low,False,False,True,True,2
5969,2025-09-19,20,active,low,False,False,True,True,1
5970,2024-12-08,46,active,high,True,False,True,True,2
5971,2024-11-27,25,active,medium,True,False,False,False,2
5972,2025-05-28,51,active,low,True,False,False,False,1
5973,2025-01-10,50,low,medium,False,False,True,True,1
5974,2025-05-07,46,super_active,medium,True,False,True,True,0
5975,2025-02-06,25,one_time,medium,True,False,True,True,1
5976,2024-09-07,55,active,low,True,False,False,True,1
5977,2025-01-05,30,medium,medium,False,True,True,True,3
5978,2024-07-11,64,medium,medium,False,False,True,True,0
5979,2025-02-20,57,active,low,True,False,True,True,0
5980,2025-05-13,32,active,low,True,False,False,False,3
5981,2024-02-22,58,super_active,medium,True,False,False,False,1
5982,2024-02-11,57,low,medium,True,False,True,False,2
5983,2024-12-01,57,one_time,low,False,False,True,False,2
5984,2024-04-29,38,one_time,medium,False,True,False,True,1
5985,2025-04-26,36,super_active,medium,True,False,True,True,1
5986,2024-02-21,57,active,medium,False,False,True,True,2
5987,2025-06-26,50,one_time,high,True,False,True,True,3
5988,2024-04-23,31,medium,low,False,False,True,True,1
5989,2025-05-17,39,active,low,True,False,False,False,1
5990,2024-05-15,25,active,low,True,False,True,True,1
5991,2024-11-06,64,medium,high,True,True,False,True,0
5992,2025-07-19,22,active,medium,False,False,True,True,2
5993,2025-08-19,65,active,high,True,False,True,True,1
5994,2024-06-12,52,medium,high,True,False,False,True,0
5995,2025-02-08,49,medium,low,False,True,True,True,1
5996,2025-11-18,54,super_active,medium,True,True,False,False,1
5997,2024-03-07,33,medium,high,False,False,False,True,3
5998,2024-05-23,63,medium,medium,False,True,False,False,1
5999,2024-06-20,27,low,low,True,False,True,True,1
6000,2025-03-21,48,medium,high,True,False,False,True,1
6001,2025-05-22,54,active,high,False,False,True,False,0
6002,2024-02-06,22,super_active,medium,True,True,True,True,3
6003,2024-02-22,38,medium,medium,False,False,True,False,2
6004,2024-02-03,63,medium,medium,False,True,False,False,2
6005,2025-11-03,37,medium,low,True,True,True,False,1
6006,2024-04-28,62,low,high,True,False,True,False,2
6007,2024-12-05,32,super_active,high,False,False,True,True,1
6008,2025-11-22,35,super_active,low,True,True,True,False,1
6009,2024-05-20,46,super_active,high,False,True,False,True,2
6010,2025-01-19,26,medium,low,True,False,True,True,1
6011,2024-10-12,53,medium,medium,False,True,True,True,0
6012,2025-05-18,28,medium,low,True,False,True,False,1
6013,2025-08-30,18,active,medium,False,True,False,True,2
6014,2024-01-24,41,active,high,True,True,True,False,1
6015,2025-01-26,53,active,high,False,True,True,True,0
6016,2024-07-28,64,active,medium,True,False,False,False,1
6017,2024-07-16,65,active,low,True,True,True,False,1
6018,2024-10-10,22,super_active,medium,True,False,True,True,2
6019,2025-04-14,65,medium,low,True,False,True,True,1
6020,2024-02-01,56,active,low,False,True,False,False,1
6021,2024-04-12,28,medium,high,False,True,False,True,1
6022,2025-06-20,18,medium,medium,False,True,True,False,2
6023,2024-12-02,47,medium,medium,False,False,True,True,1
6024,2025-11-10,31,medium,high,False,True,True,True,0
6025,2024-04-07,32,active,medium,True,False,False,False,0
6026,2025-12-21,31,medium,medium,True,True,True,True,0
6027,2025-09-16,48,medium,low,True,True,True,True,1
6028,2024-06-12,37,super_active,high,False,False,True,True,0
6029,2024-10-14,36,medium,low,True,False,True,False,2
6030,2025-03-16,31,active,low,True,True,False,True,1
6031,2024-10-25,40,low,low,True,False,True,False,2
6032,2024-04-29,51,active,high,True,False,False,True,1
6033,2025-08-31,61,super_active,medium,True,True,True,False,2
6034,2024-01-15,59,active,medium,True,False,True,True,1
6035,2025-07-30,59,low,medium,True,False,True,False,2
6036,2024-06-03,39,active,low,True,False,True,True,1
6037,2025-03-31,54,medium,medium,True,False,False,False,1
6038,2025-12-06,27,active,high,True,False,False,True,1
6039,2024-05-22,37,medium,medium,True,True,False,False,1
6040,2024-07-04,23,active,medium,True,True,True,True,1
6041,2025-02-11,42,active,low,True,True,True,False,1
6042,2024-09-19,28,active,medium,True,False,True,False,0
6043,2025-07-21,47,medium,medium,True,True,True,False,0
6044,2024-01-01,28,active,medium,True,False,True,True,2
6045,2025-03-08,61,active,medium,False,True,True,False,3
6046,2024-09-21,43,low,medium,True,False,False,False,1
6047,2024-01-20,28,active,medium,False,True,True,True,2
6048,2024-12-25,59,active,medium,False,True,True,False,2
6049,2025-12-12,21,active,low,True,False,False,True,1
6050,2025-09-07,33,medium,low,False,False,True,True,3
6051,2025-01-15,42,medium,medium,True,False,True,True,3
6052,2025-07-28,50,low,high,True,False,True,False,1
6053,2025-02-25,24,low,low,True,True,True,False,1
6054,2024-04-07,46,active,low,True,False,True,True,1
6055,2025-12-11,23,super_active,low,False,False,True,True,0
6056,2025-05-19,54,active,low,True,True,True,False,2
6057,2024-10-14,32,super_active,low,True,False,False,True,1
6058,2024-02-06,63,low,high,False,False,True,True,1
6059,2024-02-23,18,active,high,True,False,True,True,2
6060,2025-02-27,47,active,medium,False,False,False,True,0
6061,2025-06-20,30,active,medium,False,False,False,False,1
6062,2024-01-09,26,active,low,False,False,True,True,0
6063,2025-09-10,29,low,high,True,True,True,True,0
6064,2024-04-10,22,medium,medium,False,False,True,False,2
6065,2024-10-31,43,medium,medium,False,False,False,True,1
6066,2025-04-13,34,active,medium,False,True,False,True,1
6067,2025-01-01,34,medium,medium,True,False,True,False,1
6068,2025-07-16,30,active,medium,True,True,True,False,2
6069,2025-08-31,43,active,high,True,False,True,True,1
6070,2025-02-08,29,super_active,medium,False,False,True,True,2
6071,2025-04-23,29,medium,high,True,False,True,True,1
6072,2025-12-24,47,low,medium,True,False,True,True,3
6073,2024-11-21,62,active,high,False,False,False,False,0
6074,2025-04-21,64,low,medium,True,True,False,True,1
6075,2024-04-14,45,super_active,high,True,False,True,True,1
6076,2025-06-30,39,active,low,False,True,True,True,1
6077,2025-03-23,57,low,high,True,True,True,False,2
6078,2024-07-24,64,active,high,False,False,True,True,3
6079,2025-02-20,33,active,low,True,False,True,True,1
6080,2025-06-19,62,one_time,low,False,False,False,True,0
6081,2024-01-14,34,super_active,medium,False,False,True,False,1
6082,2024-05-02,40,active,low,False,True,True,True,2
6083,2025-10-03,26,low,medium,True,False,False,True,3
6084,2024-01-08,24,medium,low,False,False,True,False,3
6085,2024-12-16,54,super_active,high,True,True,False,False,0
6086,2025-05-24,63,medium,medium,False,False,False,True,0
6087,2025-05-27,64,low,medium,True,True,True,False,0
6088,2024-04-29,32,medium,high,True,True,True,False,1
6089,2024-07-08,20,active,high,True,False,False,False,0
6090,2025-06-01,25,active,medium,True,False,True,True,0
6091,2024-10-09,20,super_active,medium,False,False,True,False,1
6092,2025-08-01,57,low,medium,True,True,False,True,0
6093,2025-09-08,43,active,low,False,False,True,False,3
6094,2024-11-02,48,medium,high,True,False,True,False,1
6095,2024-02-07,48,active,medium,True,True,True,False,1
6096,2024-04-29,27,active,high,True,False,True,True,1
6097,2024-09-01,21,low,low,False,False,True,True,0
6098,2025-09-08,42,active,medium,False,False,True,True,2
6099,2024-08-08,28,medium,low,False,True,True,True,0
6100,2025-05-25,37,active,low,True,True,True,True,1
6101,2025-09-16,22,medium,high,False,False,False,False,0
6102,2024-07-29,18,medium,low,False,False,False,True,1
6103,2024-07-03,59,super_active,medium,True,True,True,True,1
6104,2025-02-02,20,one_time,medium,False,False,True,True,0
6105,2025-10-27,21,low,high,True,True,False,True,1
6106,2024-11-23,45,active,high,True,True,True,True,2
6107,2024-05-01,41,active,low,True,True,False,True,1
6108,2024-08-13,19,low,high,True,False,True,True,0
6109,2024-02-08,24,active,high,True,False,True,True,1
6110,2024-07-07,51,active,medium,True,False,True,False,0
6111,2024-12-21,55,low,low,True,True,False,False,2
6112,2024-01-08,38,medium,high,True,False,True,True,3
6113,2024-02-19,65,medium,low,True,True,False,True,0
6114,2025-05-16,35,one_time,medium,True,False,False,False,0
6115,2024-10-04,51,medium,medium,True,True,False,True,3
6116,2025-05-06,41,low,medium,True,True,False,False,2
6117,2024-04-24,65,medium,medium,False,True,False,True,2
6118,2024-01-05,63,super_active,high,False,False,True,True,1
6119,2024-05-28,28,active,medium,False,False,False,True,2
6120,2025-10-05,21,medium,high,True,False,False,True,1
6121,2024-02-27,19,low,medium,True,True,True,True,2
6122,2024-09-12,43,active,medium,False,False,False,True,1
6123,2024-10-09,54,low,low,False,True,True,True,2
6124,2024-01-10,19,low,medium,False,True,True,True,1
6125,2024-08-20,64,active,low,True,False,True,False,0
6126,2024-07-19,47,medium,medium,True,False,True,True,0
6127,2024-06-28,49,medium,medium,False,False,True,True,0
6128,2024-07-16,18,medium,medium,False,False,True,False,2
6129,2024-10-11,21,one_time,medium,True,False,True,True,1
6130,2024-07-12,45,medium,low,True,True,False,True,1
6131,2024-06-03,40,medium,medium,False,True,True,True,0
6132,2024-03-05,46,one_time,high,False,False,True,False,0
6133,2024-12-06,24,one_time,medium,False,False,False,False,2
6134,2024-05-29,58,medium,medium,True,True,True,False,2
6135,2024-11-02,37,medium,medium,True,True,True,True,2
6136,2025-02-19,25,active,low,False,False,True,True,1
6137,2025-01-28,35,super_active,medium,True,True,False,False,0
6138,2025-02-26,32,low,medium,True,True,True,False,0
6139,2024-06-07,24,super_active,low,True,False,True,True,3
6140,2025-07-24,22,active,medium,False,True,True,True,3
6141,2024-02-10,39,low,high,True,True,False,True,1
6142,2025-02-15,52,active,medium,False,False,False,True,1
6143,2025-06-03,59,medium,high,False,True,False,False,3
6144,2025-08-06,40,low,high,True,True,False,True,1
6145,2024-08-27,54,active,high,True,False,True,True,1
6146,2025-03-09,20,active,medium,False,False,False,True,1
6147,2024-06-22,48,medium,low,True,False,True,True,1
6148,2025-03-02,50,active,high,False,False,True,False,1
6149,2024-11-24,55,medium,high,False,True,False,True,1
6150,2025-08-15,28,low,low,True,False,False,False,0
6151,2024-09-15,55,super_active,high,True,False,False,True,3
6152,2024-01-17,31,active,low,False,True,True,True,1
6153,2025-08-30,60,super_active,medium,True,True,True,True,1
6154,2024-07-06,56,medium,high,True,True,True,False,2
6155,2025-09-26,24,active,high,True,True,True,True,3
6156,2025-06-15,52,low,medium,False,False,True,True,1
6157,2025-03-16,58,active,low,False,True,True,True,2
6158,2024-05-01,47,medium,medium,False,True,True,False,0
6159,2024-08-23,45,medium,medium,False,False,True,True,0
6160,2024-10-14,45,low,medium,True,False,True,True,1
6161,2024-09-27,61,active,high,True,False,True,False,2
6162,2025-12-27,60,medium,low,True,True,True,True,0
6163,2024-05-16,18,low,medium,True,True,True,True,0
6164,2025-12-15,52,medium,high,False,False,True,False,1
6165,2025-02-27,51,one_time,medium,True,True,True,False,2
6166,2024-04-19,27,active,low,True,True,True,True,0
6167,2024-07-21,65,one_time,low,True,False,True,False,0
6168,2024-02-01,59,medium,medium,True,False,True,True,0
6169,2024-04-23,53,medium,medium,True,False,True,True,0
6170,2024-11-08,25,medium,medium,True,False,True,False,1
6171,2025-09-04,49,super_active,medium,True,False,True,False,2
6172,2025-11-15,64,medium,medium,False,False,True,True,0
6173,2025-01-07,50,low,high,False,True,False,True,2
6174,2024-02-28,33,one_time,high,False,False,True,True,1
6175,2024-06-15,25,low,low,False,True,False,False,1
6176,2025-07-06,22,super_active,high,True,False,True,True,0
6177,2024-03-20,27,medium,low,True,False,False,False,2
6178,2025-06-05,47,medium,medium,False,False,True,True,2
6179,2025-10-05,20,active,medium,False,True,True,False,0
6180,2024-01-11,36,active,low,True,False,True,True,1
6181,2025-01-16,27,active,high,True,False,True,True,1
6182,2025-01-28,28,medium,low,True,False,False,True,0
6183,2024-12-10,29,medium,medium,True,False,True,True,3
6184,2025-04-28,24,active,high,False,True,True,False,3
6185,2024-09-16,19,low,medium,True,True,True,True,2
6186,2025-10-19,25,active,medium,False,False,True,False,0
6187,2025-04-04,28,medium,high,False,True,True,False,1
6188,2025-05-07,65,super_active,low,False,False,True,True,0
6189,2024-08-31,49,super_active,low,False,False,True,False,0
6190,2025-11-11,56,active,medium,False,True,True,False,1
6191,2025-10-03,55,medium,medium,True,False,False,True,3
6192,2025-05-28,62,super_active,high,True,False,False,False,0
6193,2025-05-10,28,active,high,True,False,True,True,1
6194,2025-03-29,64,active,low,False,True,False,True,1
6195,2025-10-11,51,active,low,True,False,True,True,1
6196,2025-10-04,57,active,medium,True,False,True,False,2
6197,2024-01-19,45,active,low,False,False,True,True,3
6198,2024-08-13,40,medium,medium,True,True,False,False,1
6199,2024-03-17,21,active,medium,False,False,False,False,0
6200,2025-04-05,63,medium,low,False,False,True,True,0
6201,2024-04-26,39,medium,low,False,False,True,True,1
6202,2025-04-10,59,active,low,True,False,True,True,1
6203,2024-12-02,33,low,high,False,False,False,True,0
6204,2025-10-12,38,active,high,True,True,False,False,1
6205,2025-11-08,48,super_active,medium,False,False,True,False,2
6206,2024-04-21,58,medium,low,True,False,True,True,2
6207,2024-03-10,24,medium,high,True,False,True,True,0
6208,2025-05-06,56,low,high,True,False,True,True,1
6209,2025-01-21,27,super_active,medium,False,False,False,True,1
6210,2025-07-23,36,medium,medium,True,False,False,True,0
6211,2024-08-12,35,low,low,False,True,True,False,2
6212,2025-08-22,45,medium,high,False,True,True,True,3
6213,2025-05-29,61,active,medium,False,True,False,True,1
6214,2024-07-26,18,active,high,True,False,False,True,0
6215,2024-05-28,51,active,high,True,False,True,False,1
6216,2024-02-20,24,super_active,low,False,False,True,False,1
6217,2024-11-04,44,super_active,high,False,True,True,True,2
6218,2025-01-07,22,active,medium,True,True,True,False,1
6219,2025-05-29,34,active,low,True,True,True,False,0
6220,2025-09-07,34,medium,medium,True,True,False,True,1
6221,2025-08-18,33,active,low,False,False,False,False,1
6222,2025-11-28,51,low,medium,True,False,True,True,0
6223,2025-11-27,30,medium,high,False,False,True,True,0
6224,2025-08-23,60,medium,medium,True,False,True,True,3
6225,2024-03-31,39,active,low,True,False,False,True,1
6226,2025-06-22,40,active,high,True,True,True,False,2
6227,2024-11-13,54,active,low,False,False,True,False,0
6228,2025-08-14,34,low,high,True,True,True,True,1
6229,2025-07-24,53,medium,medium,True,True,True,True,1
6230,2024-06-02,58,medium,medium,True,True,False,True,3
6231,2025-05-31,53,super_active,low,False,False,False,False,1
6232,2024-04-26,43,low,high,True,False,False,False,2
6233,2025-09-17,62,low,high,True,False,False,True,3
6234,2024-01-18,55,medium,medium,False,False,True,False,1
6235,2024-06-06,28,low,low,False,False,False,True,2
6236,2025-02-04,45,active,medium,False,False,True,True,1
6237,2024-10-04,31,active,medium,True,False,False,True,1
6238,2025-08-19,31,active,low,True,False,True,True,0
6239,2025-02-03,38,active,high,False,True,True,True,1
6240,2024-11-13,24,medium,high,False,False,False,True,0
6241,2024-11-14,27,active,high,True,True,True,True,0
6242,2024-11-04,62,active,high,False,False,True,True,1
6243,2025-11-29,45,low,low,False,False,True,False,2
6244,2024-01-23,33,active,high,False,True,True,False,1
6245,2024-07-26,62,super_active,medium,True,False,True,True,3
6246,2024-11-06,58,medium,low,False,False,True,False,3
6247,2025-06-20,57,active,medium,False,False,False,True,2
6248,2024-03-01,30,super_active,medium,True,False,True,True,2
6249,2025-10-14,47,low,low,True,True,True,True,1
6250,2025-03-25,64,active,low,False,False,True,True,2
6251,2025-01-25,44,medium,high,False,False,True,True,0
6252,2025-04-17,45,active,medium,False,True,True,True,1
6253,2024-06-30,54,medium,medium,True,True,False,True,2
6254,2025-07-21,45,low,high,True,False,False,True,0
6255,2024-09-22,47,active,medium,True,False,True,False,2
6256,2024-05-27,55,medium,low,False,False,True,True,0
6257,2025-08-15,61,active,medium,False,False,False,True,0
6258,2025-04-29,55,super_active,low,True,False,False,True,3
6259,2025-02-15,38,medium,high,False,False,True,True,1
6260,2025-09-07,62,super_active,medium,True,True,False,True,0
6261,2025-01-12,42,super_active,medium,False,False,True,False,1
6262,2024-11-19,21,active,medium,True,False,True,True,1
6263,2024-09-06,51,medium,high,True,True,False,False,0
6264,2024-06-08,44,super_active,high,True,True,True,False,2
6265,2025-08-03,46,low,medium,True,False,True,False,1
6266,2025-10-28,38,one_time,medium,False,True,True,False,2
6267,2024-03-03,18,super_active,low,True,False,True,True,3
6268,2024-11-04,55,low,high,True,False,False,True,2
6269,2025-05-21,19,super_active,medium,True,True,False,True,0
6270,2024-04-22,37,medium,low,True,False,False,True,3
6271,2025-11-28,33,medium,low,True,True,True,True,2
6272,2025-12-13,18,active,medium,False,True,True,True,1
6273,2024-02-23,23,one_time,high,True,True,True,True,3
6274,2024-10-21,19,low,medium,True,False,False,True,1
6275,2025-08-08,25,active,low,True,True,True,True,1
6276,2025-08-30,38,low,medium,True,False,True,True,2
6277,2024-06-17,35,active,medium,False,True,True,True,1
6278,2024-05-13,23,active,low,True,False,True,True,1
6279,2025-03-11,57,one_time,low,True,True,False,True,3
6280,2024-11-11,38,medium,medium,True,False,True,False,1
6281,2025-09-08,54,medium,high,True,False,True,True,1
6282,2025-03-10,57,medium,low,True,True,False,False,0
6283,2024-07-21,26,super_active,medium,False,False,False,True,3
6284,2024-07-02,22,super_active,medium,True,True,True,True,1
6285,2025-06-16,57,active,low,False,False,True,False,0
6286,2025-04-29,42,medium,low,True,False,True,True,0
6287,2024-02-02,36,active,medium,False,False,True,False,3
6288,2025-06-20,39,medium,high,True,True,True,True,1
6289,2025-06-29,54,low,low,True,False,True,False,1
6290,2024-04-08,20,medium,medium,True,False,True,False,0
6291,2025-05-19,19,low,high,True,True,False,False,1
6292,2025-06-04,60,medium,high,True,False,False,True,0
6293,2025-06-23,23,medium,low,False,False,False,False,0
6294,2024-01-31,36,one_time,high,False,False,True,False,0
6295,2024-09-07,35,active,low,True,False,True,True,0
6296,2024-01-07,51,super_active,high,False,False,True,False,2
6297,2024-06-30,37,active,medium,False,False,False,True,1
6298,2025-07-07,38,active,low,True,True,True,True,2
6299,2025-01-07,48,medium,low,True,False,False,True,0
6300,2025-02-26,54,low,high,True,False,True,False,0
6301,2025-05-04,18,one_time,low,False,False,False,True,2
6302,2024-12-20,33,super_active,high,True,True,True,False,1
6303,2025-03-02,46,low,low,False,False,True,True,3
6304,2024-05-07,53,super_active,medium,False,True,True,True,3
6305,2024-08-28,64,one_time,low,True,True,False,True,1
6306,2025-10-28,43,medium,medium,True,False,False,False,1
6307,2025-02-09,56,super_active,low,False,True,True,True,0
6308,2025-10-03,23,low,medium,True,False,True,True,0
6309,2025-06-15,52,super_active,high,False,False,False,True,3
6310,2024-06-12,38,medium,low,False,False,True,False,1
6311,2025-04-30,19,active,high,True,True,True,True,1
6312,2024-06-20,59,medium,medium,False,False,True,True,0
6313,2024-11-02,33,active,high,True,True,True,False,2
6314,2024-06-25,49,super_active,medium,False,False,True,True,0
6315,2025-07-01,47,active,high,True,False,False,False,0
6316,2024-09-07,46,active,high,True,True,True,True,3
6317,2025-12-09,25,medium,medium,True,False,True,False,0
6318,2024-02-17,40,medium,low,True,False,True,False,1
6319,2025-06-04,35,low,medium,True,False,True,True,1
6320,2024-07-16,46,super_active,medium,True,False,True,True,1
6321,2024-09-27,21,medium,high,True,False,True,False,2
6322,2025-10-29,43,one_time,medium,True,True,True,True,1
6323,2025-01-30,55,active,low,True,False,True,True,1
6324,2025-10-21,58,active,low,False,True,True,True,0
6325,2025-11-13,51,super_active,medium,False,False,True,True,0
6326,2025-03-06,40,active,medium,False,False,True,True,0
6327,2025-07-23,34,medium,medium,True,False,True,True,1
6328,2025-07-14,63,medium,medium,True,False,True,True,2
6329,2025-10-29,61,low,low,False,True,True,False,0
6330,2025-12-15,24,medium,medium,True,False,False,True,1
6331,2025-04-25,47,active,medium,True,True,True,False,2
6332,2024-06-25,47,medium,high,True,False,True,False,2
6333,2024-07-12,54,low,low,True,False,True,False,0
6334,2025-12-29,62,low,low,True,True,True,True,1
6335,2025-03-09,60,low,medium,True,False,False,False,1
6336,2024-09-15,36,low,medium,True,False,True,True,0
6337,2025-06-13,51,medium,medium,True,False,True,False,0
6338,2025-10-13,60,medium,high,True,False,True,True,1
6339,2025-09-15,45,active,high,True,False,False,True,0
6340,2024-12-23,38,medium,low,False,True,True,True,2
6341,2025-03-17,36,medium,medium,False,False,True,True,1
6342,2025-01-06,21,super_active,high,True,True,False,True,0
6343,2024-03-30,60,active,high,True,True,True,True,2
6344,2025-01-14,22,active,medium,True,False,True,False,0
6345,2024-07-06,25,medium,medium,False,True,True,True,1
6346,2025-11-19,20,active,medium,True,True,True,True,1
6347,2024-07-18,53,low,high,True,True,True,True,1
6348,2024-07-19,18,medium,medium,True,False,True,True,0
6349,2024-06-04,19,active,high,False,False,True,False,2
6350,2024-02-29,49,active,medium,True,True,False,True,0
6351,2024-07-09,34,low,medium,False,True,True,True,0
6352,2025-12-19,27,active,high,True,True,True,False,0
6353,2025-05-28,59,super_active,low,True,False,True,True,0
6354,2024-05-25,59,medium,medium,True,False,True,False,2
6355,2025-07-31,44,medium,low,True,True,True,False,0
6356,2024-02-15,59,active,high,True,False,True,False,3
6357,2025-09-13,21,medium,low,True,False,True,False,1
6358,2025-10-10,25,super_active,medium,True,True,True,True,0
6359,2024-06-10,65,medium,low,False,True,True,False,1
6360,2025-05-28,56,active,high,True,False,True,False,2
6361,2025-03-22,63,medium,low,True,False,True,True,1
6362,2025-09-09,32,medium,high,False,False,False,True,2
6363,2025-07-06,20,active,medium,True,True,True,True,2
6364,2024-05-28,32,medium,low,True,True,True,True,1
6365,2025-07-30,58,one_time,medium,False,False,True,True,2
6366,2025-10-31,50,medium,medium,False,True,False,True,0
6367,2025-08-11,56,medium,high,True,True,False,False,1
6368,2025-11-17,53,one_time,medium,False,False,False,False,1
6369,2024-03-28,56,one_time,medium,True,False,True,True,1
6370,2025-11-24,24,medium,low,True,False,True,False,0
6371,2025-07-25,28,medium,medium,True,True,True,False,3
6372,2025-09-01,44,active,low,False,True,False,False,1
6373,2025-06-29,26,medium,high,True,True,True,True,2
6374,2025-02-20,49,one_time,high,False,False,True,False,0
6375,2024-09-24,45,active,medium,True,False,True,False,1
6376,2025-09-22,21,medium,low,True,True,True,True,2
6377,2024-12-19,58,medium,high,False,True,False,False,1
6378,2025-11-02,51,low,medium,True,True,True,True,1
6379,2024-12-09,30,active,low,True,False,False,False,1
6380,2024-01-13,30,active,high,True,False,True,True,1
6381,2025-09-07,18,medium,medium,False,False,False,False,2
6382,2025-10-30,28,medium,high,True,False,True,True,2
6383,2025-08-14,62,active,medium,True,True,False,True,1
6384,2025-09-20,49,super_active,medium,False,True,True,True,1
6385,2024-03-24,64,active,high,False,True,False,True,0
6386,2025-09-25,22,active,low,True,True,True,True,2
6387,2024-11-06,52,one_time,high,False,True,False,True,0
6388,2025-07-09,60,low,medium,True,False,True,False,0
6389,2024-09-11,24,medium,medium,False,True,False,True,3
6390,2024-03-07,59,active,high,True,True,True,True,1
6391,2025-01-06,60,one_time,medium,False,False,True,False,0
6392,2025-06-26,23,one_time,low,True,False,True,False,1
6393,2024-01-21,46,active,low,False,True,True,True,1
6394,2024-11-04,62,low,medium,True,True,True,False,1
6395,2025-05-26,46,super_active,low,False,False,True,False,1
6396,2024-08-06,31,one_time,low,True,False,True,False,2
6397,2024-02-14,56,medium,medium,True,True,True,False,2
6398,2024-07-25,42,low,medium,False,True,True,False,0
6399,2024-04-18,40,super_active,medium,False,False,False,True,0
6400,2024-01-03,36,active,low,False,True,True,True,0
6401,2024-07-15,55,medium,high,True,False,True,False,1
6402,2025-04-02,62,active,medium,False,False,True,False,1
6403,2024-06-23,25,active,low,True,True,False,False,1
6404,2024-09-13,35,medium,medium,False,False,True,False,1
6405,2024-01-24,41,medium,high,True,False,False,True,1
6406,2025-03-01,41,active,low,True,False,True,True,2
6407,2024-12-14,45,super_active,medium,False,False,True,False,1
6408,2025-07-21,50,active,high,False,False,False,True,0
6409,2024-05-19,60,low,low,True,False,True,True,0
6410,2024-03-30,61,medium,low,False,False,True,True,3
6411,2025-05-03,34,active,medium,True,False,True,False,3
6412,2025-10-13,43,active,low,True,False,True,True,1
6413,2024-05-30,33,medium,medium,False,False,False,False,3
6414,2024-04-02,40,active,high,True,False,True,True,0
6415,2025-05-25,63,super_active,medium,True,False,True,False,1
6416,2025-01-01,37,medium,medium,False,True,True,False,1
6417,2024-05-29,55,active,medium,True,True,True,False,0
6418,2024-10-11,62,active,low,False,False,False,False,1
6419,2025-09-30,37,low,high,False,False,True,True,0
6420,2025-10-30,58,medium,high,True,False,True,True,2
6421,2025-02-13,33,low,high,False,True,False,False,0
6422,2025-02-21,56,medium,medium,True,True,True,True,0
6423,2024-04-29,22,active,medium,True,False,True,True,1
6424,2025-06-27,65,active,low,False,False,True,True,1
6425,2025-10-09,37,active,low,True,False,True,False,1
6426,2024-01-26,19,active,high,True,False,True,False,1
6427,2024-12-06,20,active,medium,True,False,True,True,0
6428,2024-04-25,42,active,high,True,False,True,True,2
6429,2024-10-10,47,low,medium,True,False,True,True,1
6430,2025-03-10,39,medium,medium,False,True,True,True,0
6431,2024-10-19,50,low,medium,False,True,True,False,1
6432,2025-05-04,38,low,high,True,False,True,True,3
6433,2024-05-26,43,medium,high,True,False,True,True,3
6434,2025-07-23,42,active,high,False,False,False,False,2
6435,2024-06-08,28,low,low,False,True,False,True,0
6436,2025-10-07,49,super_active,medium,True,False,False,True,1
6437,2024-01-01,56,low,medium,False,False,False,False,2
6438,2024-12-30,51,active,medium,True,False,True,True,0
6439,2025-05-27,54,active,low,True,True,True,True,0
6440,2025-02-08,26,one_time,medium,True,False,True,True,1
6441,2024-04-29,44,low,low,True,False,False,True,0
6442,2025-11-20,57,medium,medium,True,False,False,True,1
6443,2025-09-07,59,medium,low,False,False,True,True,1
6444,2025-06-21,46,one_time,medium,True,False,False,True,0
6445,2025-12-29,30,active,medium,True,False,False,True,1
6446,2025-05-31,40,active,high,True,False,True,False,1
6447,2024-08-31,41,low,low,False,False,False,False,0
6448,2024-10-30,63,super_active,low,True,False,True,False,2
6449,2025-10-28,21,active,high,True,True,True,False,0
6450,2024-11-17,50,low,medium,False,False,True,False,1
6451,2024-08-05,32,active,high,True,True,True,True,1
6452,2024-11-20,31,active,low,False,False,True,True,1
6453,2025-01-24,45,medium,high,False,False,True,False,2
6454,2025-01-04,42,low,low,False,False,True,False,1
6455,2025-02-18,39,active,low,True,False,True,True,0
6456,2024-02-08,48,medium,high,False,False,True,True,1
6457,2024-09-27,22,medium,medium,True,False,True,True,1
6458,2024-06-01,48,low,medium,False,False,True,False,0
6459,2024-08-07,32,medium,medium,False,False,True,True,2
6460,2025-11-13,65,medium,low,True,False,True,True,1
6461,2025-11-15,46,low,medium,True,False,True,True,1
6462,2025-04-23,30,active,medium,True,False,True,True,1
6463,2025-08-27,64,medium,medium,False,False,False,False,0
6464,2024-12-08,60,super_active,high,True,False,True,False,3
6465,2025-01-20,44,low,high,False,False,True,False,0
6466,2024-12-27,57,low,low,False,False,True,True,3
6467,2025-01-26,58,super_active,medium,True,False,True,True,1
6468,2025-03-21,32,low,high,False,False,False,True,2
6469,2024-10-03,30,super_active,low,False,False,True,False,2
6470,2024-11-21,50,medium,low,True,False,False,False,0
6471,2024-03-24,34,low,medium,True,False,True,True,0
6472,2025-05-23,35,low,high,True,False,True,True,1
6473,2025-04-08,56,super_active,medium,True,False,True,False,3
6474,2025-07-26,59,active,low,False,False,True,True,1
6475,2025-04-04,65,medium,medium,True,False,True,False,1
6476,2024-11-28,19,active,low,False,True,True,True,2
6477,2025-03-23,63,active,high,True,True,True,False,1
6478,2024-12-17,55,active,low,False,False,False,False,3
6479,2025-01-01,20,one_time,low,False,True,True,False,0
6480,2025-11-03,28,active,low,True,False,True,True,1
6481,2024-07-06,60,active,medium,True,False,False,True,2
6482,2024-03-30,44,medium,medium,False,True,True,False,1
6483,2024-05-24,41,super_active,low,True,True,False,True,0
6484,2025-12-29,23,low,low,True,False,False,False,1
6485,2024-05-05,36,medium,medium,False,True,True,True,2
6486,2025-05-24,19,active,low,True,False,True,False,0
6487,2024-03-15,49,super_active,medium,True,True,False,True,0
6488,2024-06-05,54,medium,medium,True,False,True,False,1
6489,2024-02-10,38,super_active,medium,True,False,False,True,1
6490,2024-10-25,60,low,low,True,True,False,False,0
6491,2025-10-14,19,medium,low,False,False,True,True,1
6492,2025-03-03,39,active,low,False,False,True,True,0
6493,2024-12-27,25,one_time,low,True,False,True,True,0
6494,2025-11-06,51,medium,low,False,False,False,True,3
6495,2024-04-27,55,medium,low,False,False,False,True,1
6496,2025-01-10,41,active,low,True,True,False,False,1
6497,2024-01-06,23,active,medium,False,False,True,True,2
6498,2024-07-11,63,active,low,False,True,True,True,1
6499,2025-02-05,65,super_active,high,True,False,True,False,3
6500,2024-01-05,60,active,medium,False,False,True,True,1
6501,2024-12-28,54,low,low,True,False,True,True,1
6502,2025-05-15,42,active,high,True,True,True,True,1
6503,2025-01-04,65,medium,low,True,True,True,True,0
6504,2025-04-27,25,medium,medium,True,False,False,False,1
6505,2024-10-27,22,active,low,False,False,True,False,3
6506,2024-12-31,39,active,low,False,True,True,True,0
6507,2024-08-01,49,medium,low,False,True,False,False,2
6508,2025-05-30,25,one_time,medium,True,False,True,True,2
6509,2024-07-13,37,super_active,high,False,False,True,False,0
6510,2025-07-26,64,active,high,True,False,True,False,3
6511,2025-04-25,63,low,medium,True,False,True,True,1
6512,2025-07-26,65,medium,medium,False,True,True,False,1
6513,2025-11-22,37,super_active,low,True,True,True,False,0
6514,2025-09-13,46,super_active,high,True,False,True,True,3
6515,2025-09-29,52,one_time,high,True,True,False,False,0
6516,2025-11-16,21,medium,low,True,False,True,False,2
6517,2025-04-05,65,low,high,True,True,True,True,1
6518,2025-05-21,41,one_time,high,True,False,True,True,0
6519,2024-05-28,59,active,medium,False,False,False,True,1
6520,2024-07-12,57,active,medium,True,True,True,True,2
6521,2024-08-10,46,active,low,True,False,True,True,0
6522,2024-06-16,26,active,low,False,False,False,True,0
6523,2025-11-16,62,medium,medium,True,False,True,True,1
6524,2025-11-30,51,medium,medium,True,False,True,False,1
6525,2024-04-29,34,super_active,high,True,False,True,True,1
6526,2025-07-11,40,medium,medium,True,False,False,True,2
6527,2024-12-30,28,low,medium,True,True,True,True,3
6528,2024-12-02,34,medium,high,True,False,True,True,1
6529,2025-08-21,48,medium,high,True,False,True,False,1
6530,2025-05-19,26,medium,high,False,False,True,True,2
6531,2025-08-17,57,low,high,False,False,True,True,1
6532,2025-12-30,37,low,medium,True,False,False,True,0
6533,2024-11-10,48,active,low,True,False,True,False,0
6534,2024-04-06,54,low,low,True,False,True,True,0
6535,2024-10-04,51,active,low,True,False,True,True,2
6536,2025-08-18,24,medium,medium,True,False,True,False,2
6537,2024-04-17,25,active,high,False,False,True,True,0
6538,2025-09-12,54,active,medium,False,True,True,True,3
6539,2024-07-30,21,active,low,False,False,True,False,2
6540,2025-03-29,22,active,high,True,True,False,False,1
6541,2025-05-28,26,active,medium,False,True,True,True,1
6542,2024-01-28,39,medium,low,True,False,True,True,1
6543,2024-02-15,50,medium,medium,True,True,True,False,2
6544,2024-06-29,64,medium,medium,True,False,True,True,1
6545,2024-04-16,37,super_active,low,True,False,True,False,0
6546,2024-09-29,53,low,low,True,False,True,False,0
6547,2024-08-27,45,medium,high,True,False,True,False,0
6548,2025-08-02,53,medium,low,True,False,True,True,2
6549,2025-10-16,38,active,medium,False,False,True,False,3
6550,2024-02-28,41,medium,medium,False,True,True,False,0
6551,2024-11-25,28,active,medium,True,False,False,True,1
6552,2025-03-23,28,medium,high,True,False,True,True,1
6553,2024-04-02,20,active,high,True,True,True,False,1
6554,2024-10-08,50,active,medium,True,False,True,True,0
6555,2024-05-20,46,super_active,low,False,False,True,True,2
6556,2024-06-07,61,medium,medium,False,False,True,True,1
6557,2024-06-09,35,super_active,high,True,False,True,True,1
6558,2025-12-31,26,low,medium,False,False,True,True,2
6559,2024-08-20,21,active,medium,False,False,True,True,1
6560,2025-10-14,31,medium,low,True,False,True,True,1
6561,2025-02-12,22,medium,high,False,False,True,True,1
6562,2024-08-03,62,medium,low,False,False,False,False,1
6563,2025-04-29,40,medium,high,True,True,False,True,0
6564,2025-03-14,27,medium,high,False,False,True,False,0
6565,2025-11-05,53,medium,low,True,True,True,True,1
6566,2025-08-05,60,super_active,medium,True,False,True,False,2
6567,2024-04-22,40,medium,high,False,True,True,True,0
6568,2025-03-23,42,super_active,medium,True,False,True,True,0
6569,2024-05-16,21,medium,medium,False,False,True,True,1
6570,2024-10-13,39,super_active,low,True,False,True,False,2
6571,2025-10-12,32,active,low,True,True,True,True,0
6572,2024-05-28,32,super_active,high,False,True,True,True,1
6573,2025-08-10,65,active,medium,True,False,True,True,3
6574,2024-07-21,63,low,low,False,False,False,True,1
6575,2025-01-11,38,active,medium,True,False,False,True,1
6576,2025-07-11,34,low,medium,True,False,False,False,1
6577,2024-05-29,30,medium,low,True,False,False,False,0
6578,2024-11-10,59,low,medium,True,True,True,False,1
6579,2025-11-08,41,super_active,medium,False,False,False,True,0
6580,2024-09-05,25,low,low,True,False,False,False,1
6581,2025-07-22,48,super_active,low,True,False,True,False,1
6582,2024-10-22,25,one_time,medium,True,True,True,True,2
6583,2025-07-16,21,medium,high,True,False,True,True,2
6584,2024-07-02,45,low,low,True,False,True,False,1
6585,2025-07-06,30,super_active,medium,True,False,False,True,1
6586,2025-01-05,21,medium,high,True,False,True,False,3
6587,2024-10-19,52,medium,medium,False,True,False,False,0
6588,2024-05-29,64,active,medium,True,True,True,True,1
6589,2025-08-01,21,low,medium,True,False,False,False,1
6590,2024-02-28,32,active,low,True,False,False,True,0
6591,2025-03-20,42,medium,medium,True,False,False,True,1
6592,2025-07-27,33,one_time,medium,True,False,True,True,3
6593,2024-11-22,32,medium,medium,True,True,False,True,0
6594,2024-02-11,19,medium,medium,False,False,True,False,3
6595,2025-12-20,46,super_active,medium,True,True,True,True,3
6596,2024-08-01,37,low,medium,True,True,False,True,1
6597,2024-05-08,34,medium,medium,False,True,True,True,1
6598,2024-10-30,30,medium,high,False,False,True,True,1
6599,2024-04-26,25,active,low,True,False,False,True,1
6600,2025-10-04,58,medium,medium,True,True,True,False,2
6601,2025-09-25,64,medium,low,True,True,True,True,3
6602,2024-06-18,35,super_active,medium,True,False,True,False,0
6603,2025-08-29,34,active,low,False,False,False,False,0
6604,2024-02-26,34,active,low,True,False,True,False,3
6605,2025-04-20,53,active,low,True,True,True,True,1
6606,2024-12-14,32,medium,low,True,False,False,True,0
6607,2024-04-28,35,one_time,low,True,True,True,False,1
6608,2024-04-14,44,active,high,False,False,True,False,0
6609,2025-10-03,65,active,medium,False,True,True,False,1
6610,2025-05-13,49,active,high,True,True,True,True,0
6611,2024-09-18,34,one_time,high,True,False,True,False,3
6612,2024-11-16,18,active,high,False,False,True,True,3
6613,2024-02-12,49,active,medium,True,True,False,True,3
6614,2025-09-15,56,active,high,True,False,False,True,1
6615,2025-06-24,54,low,low,True,False,True,False,0
6616,2024-02-26,21,medium,medium,True,True,True,False,0
6617,2025-05-19,47,low,low,True,False,True,True,1
6618,2025-03-29,39,super_active,high,False,False,True,False,0
6619,2024-01-27,55,low,low,True,False,True,True,1
6620,2025-05-28,25,medium,low,False,False,True,True,0
6621,2025-06-05,48,low,high,True,False,True,True,3
6622,2024-12-11,52,active,medium,False,True,True,False,2
6623,2024-11-30,24,active,low,False,False,True,True,2
6624,2024-08-20,39,active,high,True,True,True,True,2
6625,2024-10-02,42,medium,medium,False,False,False,True,3
6626,2024-04-19,22,medium,medium,False,False,True,True,2
6627,2024-11-27,30,active,high,False,True,True,True,0
6628,2024-05-22,24,active,medium,False,True,True,False,2
6629,2024-09-17,42,one_time,medium,False,False,False,True,3
6630,2025-10-12,20,super_active,low,True,True,True,True,2
6631,2024-06-16,34,active,high,True,False,True,False,0
6632,2025-01-02,39,low,low,True,True,True,False,0
6633,2024-08-08,52,active,medium,True,False,True,False,1
6634,2024-08-22,48,low,medium,True,True,True,False,1
6635,2024-04-28,19,super_active,high,False,False,True,True,1
6636,2025-02-06,26,super_active,medium,True,False,True,True,0
6637,2024-10-10,18,active,high,False,False,True,True,0
6638,2025-06-21,48,super_active,medium,True,True,True,True,2
6639,2025-05-01,60,active,medium,True,False,False,False,2
6640,2024-11-21,33,medium,low,False,True,True,True,1
6641,2025-06-07,57,low,high,True,True,False,True,3
6642,2025-01-31,27,one_time,low,False,False,True,True,1
6643,2024-08-16,52,medium,high,True,False,True,False,1
6644,2025-07-25,23,active,high,True,True,False,True,2
6645,2024-07-03,35,medium,high,False,False,True,True,0
6646,2024-08-04,47,active,medium,False,True,True,True,2
6647,2024-01-18,58,super_active,medium,False,False,False,True,0
6648,2024-08-05,63,medium,high,True,False,True,False,0
6649,2024-04-30,39,active,medium,True,True,True,True,0
6650,2024-04-30,25,medium,low,False,False,True,True,0
6651,2025-02-14,59,low,high,True,True,True,True,3
6652,2024-01-25,24,low,high,True,True,False,True,0
6653,2024-09-10,24,active,medium,False,False,True,False,1
6654,2025-09-11,18,active,medium,False,True,True,True,0
6655,2024-05-04,44,active,medium,True,True,True,False,0
6656,2025-07-16,65,super_active,high,False,True,True,True,1
6657,2024-05-02,47,low,medium,True,True,False,True,0
6658,2025-03-10,55,active,high,False,True,True,True,0
6659,2025-04-30,55,active,medium,True,True,True,True,1
6660,2024-09-14,54,super_active,low,True,False,False,False,1
6661,2024-01-24,21,super_active,low,True,False,False,False,0
6662,2025-05-05,60,medium,low,True,True,True,True,1
6663,2024-05-07,33,medium,medium,True,False,True,True,2
6664,2024-03-21,35,medium,medium,True,True,False,False,0
6665,2025-08-11,41,medium,medium,True,True,True,True,1
6666,2024-10-16,54,active,low,True,False,True,True,0
6667,2024-04-26,23,active,medium,True,False,True,True,1
6668,2024-04-20,48,active,medium,False,False,True,False,1
6669,2025-03-24,62,low,medium,True,False,True,True,1
6670,2024-09-10,31,super_active,low,False,False,True,False,0
6671,2024-01-22,37,active,low,True,True,True,False,1
6672,2025-08-24,19,low,medium,False,False,True,True,2
6673,2025-09-11,53,active,medium,False,False,True,False,0
6674,2025-10-23,61,medium,medium,True,False,False,True,1
6675,2025-07-26,60,active,low,False,True,True,False,1
6676,2024-01-24,45,medium,low,False,False,True,False,1
6677,2025-06-08,18,super_active,high,False,False,True,False,3
6678,2024-01-09,26,low,medium,False,False,False,False,2
6679,2025-01-09,31,super_active,high,True,False,False,False,0
6680,2024-08-21,22,medium,medium,True,False,False,True,0
6681,2025-04-20,62,super_active,high,True,False,True,False,2
6682,2024-07-25,23,medium,low,True,False,True,False,1
6683,2025-01-21,61,low,low,True,False,True,False,3
6684,2025-05-18,30,medium,high,False,False,False,True,2
6685,2024-03-26,46,active,high,False,False,True,True,3
6686,2025-07-15,25,low,high,False,False,True,True,0
6687,2025-12-20,56,medium,high,False,False,True,False,0
6688,2025-03-02,24,medium,low,False,False,False,True,2
6689,2024-07-19,38,active,medium,True,False,False,False,1
6690,2025-10-01,37,low,low,True,True,True,False,3
6691,2024-12-29,53,active,medium,True,False,True,False,3
6692,2025-03-05,34,low,medium,True,True,False,False,2
6693,2024-11-01,33,active,low,True,True,True,True,1
6694,2024-11-02,32,medium,low,False,False,True,False,0
6695,2025-03-21,39,medium,medium,False,False,True,True,2
6696,2024-03-29,33,medium,high,True,True,True,False,3
6697,2025-08-26,62,active,high,False,False,True,True,0
6698,2025-05-02,42,active,medium,True,True,False,True,3
6699,2025-02-26,44,super_active,high,True,False,True,False,3
6700,2024-03-08,25,one_time,high,False,True,True,False,3
6701,2025-08-21,35,active,medium,False,True,False,True,1
6702,2024-10-24,29,active,low,True,False,True,True,1
6703,2025-06-17,58,one_time,high,False,True,True,False,1
6704,2025-03-10,55,low,high,True,False,True,False,1
6705,2025-07-15,62,medium,medium,False,False,True,True,1
6706,2025-08-12,65,medium,low,True,False,False,True,1
6707,2025-01-27,47,active,low,False,False,True,True,1
6708,2024-11-16,23,medium,high,False,False,False,False,0
6709,2025-10-28,56,medium,high,True,False,True,False,3
6710,2025-06-27,24,medium,high,False,False,False,True,1
6711,2024-08-24,18,medium,high,True,True,False,True,0
6712,2024-02-26,36,medium,low,True,False,True,False,2
6713,2025-10-30,22,active,medium,False,False,True,True,2
6714,2025-07-20,57,low,low,True,False,False,True,2
6715,2024-08-21,49,active,low,True,True,True,True,1
6716,2025-04-28,58,medium,high,True,False,True,True,2
6717,2024-08-29,36,medium,low,True,True,True,False,3
6718,2024-09-10,59,active,medium,True,False,True,True,1
6719,2024-04-11,38,active,high,True,False,False,False,1
6720,2025-12-13,63,active,high,False,True,True,False,0
6721,2024-02-09,35,active,high,True,False,True,True,1
6722,2025-05-26,61,super_active,medium,True,True,True,False,2
6723,2024-10-18,31,low,low,True,True,True,True,1
6724,2025-05-28,54,active,high,False,False,False,False,0
6725,2025-08-29,33,medium,high,False,False,False,False,0
6726,2025-02-13,63,medium,low,True,False,True,False,1
6727,2024-03-14,36,low,low,False,False,True,False,0
6728,2024-12-18,61,medium,low,True,True,True,False,1
6729,2025-04-15,19,medium,high,True,False,False,False,2
6730,2024-03-25,39,medium,medium,True,False,False,False,1
6731,2025-11-09,43,low,low,True,False,True,False,3
6732,2025-08-06,57,medium,high,True,False,True,True,1
6733,2024-06-17,31,medium,low,True,True,True,True,3
6734,2024-11-16,30,active,low,True,False,True,True,0
6735,2024-02-26,60,active,high,False,False,False,True,1
6736,2024-04-17,19,active,medium,True,False,True,False,1
6737,2025-12-04,35,active,medium,True,False,True,True,0
6738,2024-03-29,29,medium,high,True,False,True,True,0
6739,2024-10-02,50,active,low,False,False,False,False,0
6740,2024-06-11,30,medium,medium,False,False,True,False,3
6741,2025-04-10,40,low,low,False,False,True,True,2
6742,2025-04-12,38,active,high,True,True,True,True,0
6743,2025-11-12,53,medium,high,True,False,False,True,1
6744,2024-06-18,48,medium,high,True,False,False,False,1
6745,2025-07-19,63,low,low,False,True,False,True,1
6746,2024-06-08,41,super_active,high,False,True,False,False,0
6747,2025-09-09,33,active,medium,False,False,True,True,0
6748,2024-04-20,61,super_active,low,False,True,True,True,1
6749,2025-01-23,60,low,medium,True,True,True,False,0
6750,2025-11-09,19,medium,medium,False,False,False,True,2
6751,2025-09-03,65,one_time,medium,True,False,True,False,0
6752,2024-09-28,43,low,high,True,False,False,False,0
6753,2024-11-20,41,super_active,high,False,True,False,False,1
6754,2024-05-04,62,active,low,False,True,True,True,1
6755,2025-02-11,44,active,low,True,True,True,True,1
6756,2024-02-11,33,active,high,True,False,False,False,0
6757,2024-03-19,65,active,high,False,True,False,True,2
6758,2025-04-12,25,active,high,True,False,True,False,1
6759,2025-05-23,22,medium,low,True,True,True,False,2
6760,2024-02-04,21,medium,high,False,False,True,True,0
6761,2025-06-02,45,active,medium,False,False,True,True,2
6762,2024-05-14,34,active,high,False,True,True,False,1
6763,2024-10-28,39,medium,high,False,False,False,False,1
6764,2024-05-27,28,active,low,False,False,True,False,1
6765,2024-02-03,35,super_active,low,True,False,True,True,1
6766,2025-06-23,22,low,low,True,False,True,True,2
6767,2024-11-07,58,active,high,True,False,True,True,0
6768,2025-01-29,40,medium,high,True,True,True,True,1
6769,2025-05-06,60,one_time,high,False,False,True,True,2
6770,2024-03-17,54,medium,medium,False,False,True,False,0
6771,2025-04-04,21,medium,medium,True,False,True,True,0
6772,2025-02-03,53,medium,medium,True,False,False,True,2
6773,2024-05-28,35,medium,high,False,True,True,True,0
6774,2024-05-13,64,low,medium,False,True,True,True,1
6775,2025-10-01,22,medium,low,False,True,True,True,3
6776,2025-01-31,62,low,high,False,False,True,False,0
6777,2025-11-08,34,low,medium,True,False,True,False,0
6778,2024-06-18,37,medium,low,True,False,True,False,0
6779,2024-04-19,39,medium,high,True,False,True,False,2
6780,2025-06-24,49,medium,high,False,True,True,True,0
6781,2024-04-01,52,low,low,False,True,True,True,2
6782,2025-03-17,25,super_active,low,True,False,False,False,0
6783,2024-10-17,57,low,high,True,False,True,True,2
6784,2024-06-21,53,active,high,True,False,False,True,1
6785,2025-07-02,62,medium,medium,True,False,True,True,1
6786,2025-05-15,40,medium,high,False,False,True,True,2
6787,2024-03-27,47,medium,medium,True,True,True,False,0
6788,2025-06-02,29,low,medium,False,False,False,True,1
6789,2024-03-10,45,active,medium,True,True,False,True,0
6790,2024-03-04,35,active,high,False,False,True,True,1
6791,2025-08-07,40,medium,medium,True,False,False,False,2
6792,2024-11-09,55,low,low,True,False,False,False,0
6793,2025-08-21,25,medium,low,True,False,True,False,2
6794,2025-10-28,33,medium,low,True,False,True,True,1
6795,2024-05-04,63,active,low,True,False,True,True,1
6796,2024-03-16,51,active,high,True,False,True,True,0
6797,2025-03-02,39,low,low,False,False,False,True,0
6798,2024-11-01,42,active,low,True,False,True,False,2
6799,2025-10-12,30,medium,low,False,False,True,False,3
6800,2025-08-13,28,active,low,True,False,False,False,2
6801,2024-11-17,30,active,medium,False,False,False,True,1
6802,2025-02-26,20,active,high,True,False,False,True,0
6803,2024-05-09,62,one_time,high,True,False,True,True,3
6804,2025-04-16,42,active,low,True,False,True,True,3
6805,2025-12-08,60,low,low,True,False,False,True,0
6806,2024-12-29,38,active,medium,True,False,True,True,0
6807,2025-02-01,53,medium,low,True,False,True,False,2
6808,2025-04-24,21,medium,low,True,False,True,False,1
6809,2025-05-02,36,medium,high,True,False,True,True,0
6810,2025-12-21,31,medium,medium,False,False,True,False,1
6811,2024-11-08,36,active,low,True,True,False,False,3
6812,2025-06-22,44,low,low,True,True,True,True,0
6813,2024-11-21,36,low,medium,False,True,True,True,1
6814,2025-08-25,20,active,medium,True,False,True,True,0
6815,2024-12-24,44,low,medium,True,True,True,False,1
6816,2024-07-12,34,active,low,True,False,False,True,0
6817,2024-09-15,30,super_active,medium,True,False,False,True,0
6818,2025-01-18,44,medium,medium,False,False,False,False,1
6819,2024-02-12,27,low,medium,False,False,True,False,0
6820,2025-07-11,31,active,medium,False,False,False,False,0
6821,2025-09-26,47,active,high,False,False,False,True,0
6822,2025-05-04,35,active,medium,False,False,True,False,0
6823,2024-06-15,32,super_active,low,True,False,False,True,1
6824,2025-10-30,61,active,medium,False,False,True,False,0
6825,2025-09-21,56,medium,low,True,True,True,False,2
6826,2024-06-24,23,super_active,high,True,False,True,False,3
6827,2025-07-01,35,active,medium,True,True,False,True,2
6828,2025-02-21,35,medium,high,False,False,False,False,0
6829,2024-05-12,38,medium,low,True,False,False,True,2
6830,2024-01-17,42,active,medium,True,False,False,True,0
6831,2024-10-12,23,active,medium,True,True,False,False,2
6832,2025-08-13,48,medium,medium,True,True,False,False,1
6833,2025-11-25,62,active,medium,False,False,True,True,1
6834,2025-11-21,32,medium,low,True,True,True,True,2
6835,2024-11-30,21,medium,medium,True,True,False,False,0
6836,2025-01-31,39,low,medium,False,True,True,False,0
6837,2025-09-29,29,active,low,False,False,False,False,1
6838,2025-05-06,46,active,high,True,False,False,True,2
6839,2024-07-22,32,low,medium,False,False,False,False,2
6840,2024-10-24,27,super_active,low,True,False,True,True,1
6841,2025-03-22,47,medium,medium,False,True,False,True,0
6842,2025-03-19,18,medium,medium,True,True,True,True,1
6843,2025-01-22,37,low,medium,True,False,False,True,3
6844,2024-03-19,44,medium,high,True,False,True,True,0
6845,2024-05-16,43,medium,medium,True,False,True,False,0
6846,2024-09-04,40,medium,low,True,False,True,True,2
6847,2025-01-22,42,super_active,low,True,False,False,True,2
6848,2025-10-09,38,medium,medium,True,True,True,False,3
6849,2024-12-21,46,active,low,False,False,True,False,0
6850,2025-11-12,24,low,low,True,True,True,True,0
6851,2025-12-19,39,one_time,high,True,True,True,False,1
6852,2025-01-09,39,medium,medium,True,True,True,True,1
6853,2024-09-27,47,one_time,high,False,True,True,False,2
6854,2025-02-18,45,one_time,high,False,False,True,True,0
6855,2024-03-19,31,super_active,high,True,False,False,False,1
6856,2024-11-16,29,medium,medium,True,True,False,False,2
6857,2025-09-21,24,medium,low,True,False,True,True,1
6858,2025-10-19,55,active,low,False,True,True,True,0
6859,2024-11-11,45,active,high,True,False,True,True,1
6860,2025-07-05,43,active,high,False,False,False,False,3
6861,2025-11-03,44,active,low,True,False,True,True,3
6862,2024-04-18,33,active,low,False,False,True,True,1
6863,2025-07-04,19,low,medium,True,False,True,False,1
6864,2024-09-13,63,active,medium,False,False,False,True,2
6865,2025-07-23,27,medium,low,True,True,True,True,0
6866,2025-08-22,62,super_active,medium,False,True,True,False,0
6867,2024-05-31,45,medium,medium,True,False,True,False,1
6868,2025-01-02,45,medium,low,False,False,True,True,1
6869,2025-06-19,50,active,medium,False,True,True,False,2
6870,2024-07-14,62,active,low,True,False,True,False,3
6871,2025-07-22,31,medium,high,True,False,True,True,1
6872,2024-03-19,36,super_active,medium,True,False,False,True,1
6873,2024-02-27,37,medium,medium,True,False,True,True,2
6874,2024-09-29,60,active,medium,True,False,True,True,2
6875,2025-02-03,25,medium,high,True,True,False,True,0
6876,2024-10-05,59,super_active,low,False,False,False,False,1
6877,2024-04-11,32,medium,low,True,True,True,False,1
6878,2024-10-10,29,medium,low,True,True,False,True,0
6879,2024-07-16,30,active,low,True,False,True,False,3
6880,2024-06-02,22,medium,high,True,True,True,True,1
6881,2024-07-29,26,active,medium,False,False,False,False,0
6882,2024-09-17,46,low,high,True,False,False,False,2
6883,2025-04-29,32,active,medium,True,True,True,True,0
6884,2024-03-19,40,active,medium,False,False,True,False,2
6885,2025-11-29,20,low,low,False,True,True,True,1
6886,2025-01-19,31,active,high,True,False,True,False,2
6887,2025-08-07,63,medium,high,False,True,False,False,0
6888,2025-06-17,51,medium,high,True,False,False,False,0
6889,2024-07-04,18,medium,high,False,False,True,True,0
6890,2025-06-10,20,active,medium,True,False,True,False,1
6891,2025-08-06,19,active,medium,True,False,True,True,1
6892,2024-11-05,64,medium,low,False,False,False,False,1
6893,2024-12-08,28,medium,high,False,False,True,True,0
6894,2024-01-16,65,active,medium,True,False,True,True,0
6895,2025-07-12,29,active,medium,True,True,True,True,0
6896,2025-11-30,53,low,low,False,False,False,True,1
6897,2024-09-06,53,medium,low,False,True,False,False,2
6898,2024-06-27,19,low,medium,True,False,True,False,3
6899,2025-09-13,48,active,high,True,True,True,False,2
6900,2024-10-13,60,low,high,True,True,True,True,2
6901,2024-12-17,20,super_active,low,True,False,True,False,1
6902,2024-11-03,26,active,medium,True,False,False,False,1
6903,2024-02-03,63,medium,high,True,False,True,True,0
6904,2024-02-19,59,super_active,low,False,True,True,True,1
6905,2024-05-15,58,active,medium,True,False,True,False,0
6906,2024-08-03,31,super_active,high,True,True,True,True,1
6907,2024-12-15,40,medium,medium,True,False,True,True,3
6908,2025-04-05,31,super_active,medium,False,False,True,True,1
6909,2025-11-27,47,medium,low,False,True,True,True,3
6910,2025-03-11,65,low,low,True,False,True,True,1
6911,2024-10-09,21,one_time,medium,False,True,True,False,1
6912,2025-06-12,41,low,high,False,False,True,True,0
6913,2024-02-11,34,medium,medium,False,True,False,False,0
6914,2025-06-02,23,medium,medium,True,False,True,True,0
6915,2025-01-02,58,medium,medium,True,False,True,True,1
6916,2025-03-09,18,active,medium,True,False,True,False,0
6917,2025-04-24,62,medium,high,False,True,True,True,2
6918,2024-07-14,41,active,high,False,True,True,True,1
6919,2025-08-07,51,active,low,True,False,True,True,1
6920,2024-11-08,28,active,high,False,True,False,True,1
6921,2025-11-28,31,active,medium,True,True,False,True,1
6922,2025-03-20,39,medium,low,True,True,True,True,1
6923,2024-03-05,53,super_active,low,True,True,True,False,0
6924,2025-05-26,34,active,low,True,False,True,True,0
6925,2024-05-20,39,active,medium,True,True,True,True,2
6926,2025-02-19,19,low,high,True,False,False,False,1
6927,2025-04-14,29,active,low,True,False,True,True,1
6928,2025-08-08,58,medium,medium,True,False,True,False,1
6929,2024-09-01,59,medium,high,False,False,False,False,3
6930,2025-10-03,61,super_active,high,False,True,True,True,2
6931,2024-01-12,52,active,low,False,False,True,True,3
6932,2025-06-20,27,super_active,low,False,False,True,True,2
6933,2025-08-13,56,active,medium,True,False,True,False,1
6934,2024-01-02,29,active,medium,True,True,True,False,3
6935,2024-07-20,48,super_active,low,True,False,False,True,1
6936,2024-01-13,50,medium,medium,False,False,False,False,3
6937,2025-08-03,31,medium,low,False,True,True,True,0
6938,2024-04-30,54,medium,medium,False,False,False,False,1
6939,2024-02-02,38,super_active,medium,False,False,True,True,0
6940,2024-02-25,48,medium,medium,True,False,True,True,1
6941,2025-08-30,44,medium,low,False,False,False,False,1
6942,2024-06-14,47,low,medium,True,False,True,True,3
6943,2025-09-01,43,medium,medium,True,False,True,True,1
6944,2025-09-27,50,medium,low,True,False,True,True,2
6945,2024-01-21,18,active,medium,False,False,False,False,0
6946,2024-05-02,44,active,medium,False,True,True,False,1
6947,2024-08-09,63,active,high,False,True,False,False,0
6948,2025-04-25,49,active,high,True,True,True,True,1
6949,2025-02-15,48,active,medium,True,False,True,True,2
6950,2024-12-10,18,active,low,False,False,True,False,0
6951,2025-11-24,63,super_active,medium,True,False,True,True,1
6952,2025-12-30,32,active,low,True,True,True,True,3
6953,2024-08-09,61,medium,high,False,False,False,True,1
6954,2025-07-18,26,medium,high,True,False,False,True,0
6955,2024-12-30,37,active,low,True,False,False,True,0
6956,2024-04-19,32,active,medium,True,False,False,True,3
6957,2024-07-08,57,active,medium,True,False,False,False,1
6958,2025-03-30,47,active,medium,True,False,True,False,1
6959,2025-11-26,65,low,high,True,False,False,True,2
6960,2024-08-12,57,active,low,True,True,False,True,0
6961,2024-04-14,35,super_active,low,True,False,True,True,2
6962,2024-01-19,44,low,medium,True,False,True,True,0
6963,2025-11-06,26,low,high,False,True,True,True,1
6964,2025-12-29,52,low,high,True,True,False,False,1
6965,2025-05-23,50,low,medium,True,True,True,True,2
6966,2024-06-13,53,low,low,True,False,True,False,2
6967,2024-07-16,29,low,high,True,True,True,False,0
6968,2024-04-03,20,medium,low,False,False,True,True,1
6969,2024-04-26,23,medium,medium,False,True,False,False,2
6970,2024-10-14,41,active,medium,True,True,False,True,0
6971,2024-06-28,65,medium,medium,True,False,True,True,2
6972,2025-08-15,18,super_active,low,True,False,True,False,0
6973,2024-11-26,52,medium,high,False,False,True,False,0
6974,2024-05-17,56,super_active,low,False,False,False,True,3
6975,2025-12-22,31,medium,medium,True,False,True,True,1
6976,2024-11-10,56,medium,low,True,True,True,True,0
6977,2024-01-16,27,medium,medium,True,True,True,False,3
6978,2025-10-31,30,low,high,True,False,False,False,1
6979,2024-12-14,30,medium,high,True,False,True,True,2
6980,2024-09-09,51,low,high,True,False,False,False,1
6981,2024-01-04,45,active,high,True,False,True,True,1
6982,2024-11-01,20,medium,medium,True,False,True,True,3
6983,2024-08-15,29,medium,medium,False,False,True,False,0
6984,2025-08-14,36,active,high,True,False,True,True,0
6985,2025-12-10,29,active,medium,False,False,True,True,0
6986,2024-09-03,21,super_active,medium,False,False,True,True,2
6987,2024-05-02,49,medium,low,False,False,True,True,1
6988,2024-06-30,43,medium,medium,True,True,True,True,3
6989,2024-08-14,42,active,high,True,True,True,False,1
6990,2024-05-13,65,medium,low,True,False,False,False,0
6991,2024-05-01,55,active,medium,False,True,False,True,0
6992,2025-06-11,34,active,high,False,False,True,True,1
6993,2025-11-10,60,active,medium,True,True,True,False,0
6994,2024-12-25,64,one_time,medium,True,False,False,False,0
6995,2025-10-03,32,super_active,low,False,False,False,False,1
6996,2024-08-07,54,super_active,medium,False,True,False,False,2
6997,2024-07-15,46,low,low,True,False,True,True,2
6998,2025-07-27,63,medium,high,False,False,True,False,0
6999,2024-10-05,27,medium,low,True,False,False,True,2
7000,2024-02-09,49,super_active,high,True,True,False,False,1
7001,2024-10-14,50,super_active,medium,True,True,True,True,1
7002,2024-10-10,30,medium,high,False,False,False,False,0
7003,2024-07-27,60,medium,medium,True,False,False,False,2
7004,2025-09-06,37,medium,low,True,False,True,False,1
7005,2024-02-21,32,low,low,True,False,True,True,1
7006,2024-08-29,62,medium,medium,True,False,True,True,0
7007,2024-12-06,35,active,high,True,False,True,True,0
7008,2025-12-24,25,medium,medium,False,False,False,True,1
7009,2024-11-08,54,low,low,False,False,True,True,3
7010,2025-11-22,49,medium,low,True,False,True,True,0
7011,2025-10-31,43,active,medium,True,False,True,True,0
7012,2024-06-17,52,active,medium,False,False,True,True,1
7013,2024-03-04,21,super_active,high,True,False,True,True,1
7014,2024-06-01,35,medium,medium,False,True,False,True,3
7015,2025-08-28,57,active,high,False,False,True,False,2
7016,2024-01-09,24,active,low,True,True,True,False,1
7017,2024-09-04,19,active,high,False,True,True,False,1
7018,2025-01-18,52,active,medium,True,False,True,False,3
7019,2025-01-22,54,super_active,medium,False,False,True,False,3
7020,2024-10-08,57,active,medium,False,True,False,False,1
7021,2024-03-06,51,active,low,False,True,True,True,0
7022,2025-03-22,36,medium,low,False,False,True,False,3
7023,2024-11-07,47,active,low,False,True,True,False,1
7024,2024-10-06,48,low,low,True,False,True,True,2
7025,2025-08-11,29,medium,high,False,False,True,True,2
7026,2025-12-15,23,low,high,False,True,True,False,0
7027,2025-02-09,58,active,low,True,False,True,True,1
7028,2025-08-08,50,active,medium,False,False,True,True,1
7029,2025-05-15,21,active,medium,True,False,True,False,3
7030,2025-06-23,36,active,high,True,False,True,False,1
7031,2025-02-25,50,super_active,high,True,True,False,False,2
7032,2025-01-04,30,active,medium,True,False,True,True,1
7033,2024-08-26,59,active,high,True,False,True,False,1
7034,2025-11-24,37,active,medium,True,False,True,True,1
7035,2025-12-07,60,active,high,True,True,True,False,1
7036,2024-03-15,56,active,low,False,True,True,False,1
7037,2024-08-29,32,medium,low,True,False,True,True,2
7038,2024-05-05,40,active,high,True,False,True,False,1
7039,2024-10-10,34,medium,high,True,True,False,False,1
7040,2025-07-31,50,medium,medium,False,True,True,True,1
7041,2024-09-10,65,active,low,True,False,True,False,1
7042,2025-06-08,30,super_active,high,True,False,True,True,2
7043,2025-03-24,59,super_active,low,False,False,True,False,1
7044,2024-03-23,45,super_active,high,True,False,True,True,0
7045,2025-02-23,32,active,low,True,True,True,True,1
7046,2025-04-10,59,super_active,high,True,False,False,True,2
7047,2025-08-29,38,super_active,low,True,False,True,True,1
7048,2024-10-21,54,super_active,medium,False,False,True,True,3
7049,2024-01-22,26,active,low,True,False,True,False,1
7050,2024-07-30,58,super_active,high,False,False,True,True,0
7051,2025-03-15,57,low,low,True,False,True,False,2
7052,2025-10-03,30,active,high,False,False,True,True,0
7053,2025-09-24,46,active,medium,True,False,True,False,0
7054,2024-03-21,47,active,medium,False,False,True,True,0
7055,2025-08-22,42,medium,low,True,False,False,True,0
7056,2025-09-29,19,active,medium,True,False,True,True,0
7057,2024-08-14,46,active,medium,True,False,True,True,0
7058,2024-10-23,22,low,low,True,False,True,True,0
7059,2025-03-16,23,super_active,low,True,False,False,True,0
7060,2025-12-17,52,active,high,True,False,True,True,1
7061,2025-05-19,36,low,medium,True,False,True,False,1
7062,2024-03-25,43,one_time,medium,False,False,False,False,2
7063,2025-04-13,19,medium,medium,True,False,False,True,3
7064,2024-05-26,58,medium,low,True,False,False,True,0
7065,2024-03-02,41,active,high,True,False,True,True,2
7066,2024-08-29,65,active,medium,True,True,False,True,2
7067,2024-08-15,31,low,high,True,False,True,True,1
7068,2024-08-19,36,super_active,high,True,False,False,True,3
7069,2025-09-02,37,active,medium,False,True,True,True,1
7070,2025-10-04,28,active,low,False,False,True,False,3
7071,2024-11-08,36,low,medium,True,False,True,False,1
7072,2025-10-10,38,low,high,True,True,True,True,0
7073,2025-05-08,44,active,medium,True,False,True,True,1
7074,2025-09-05,37,medium,low,True,False,True,False,0
7075,2024-11-01,25,low,high,True,False,False,False,2
7076,2025-09-29,18,active,medium,True,False,True,True,1
7077,2024-07-01,20,super_active,medium,False,False,True,False,1
7078,2025-05-04,48,one_time,low,False,True,True,True,1
7079,2024-04-08,42,medium,high,True,True,False,False,1
7080,2025-05-05,35,medium,low,False,False,True,True,0
7081,2025-01-25,58,medium,medium,True,False,False,True,1
7082,2025-11-05,37,active,medium,True,False,True,True,0
7083,2024-10-09,50,medium,medium,False,True,True,False,1
7084,2024-05-16,34,active,low,False,False,True,True,1
7085,2024-06-16,40,medium,low,False,False,False,False,1
7086,2025-04-01,32,active,medium,True,True,False,True,0
7087,2025-08-31,35,active,high,False,False,True,False,3
7088,2024-11-23,33,medium,medium,True,True,True,False,0
7089,2025-03-04,64,super_active,high,False,True,True,True,2
7090,2024-03-28,49,active,low,True,False,True,False,1
7091,2024-09-25,54,medium,high,True,False,True,True,1
7092,2025-02-27,40,one_time,medium,False,False,True,True,1
7093,2025-02-20,53,one_time,high,True,False,True,True,3
7094,2024-10-03,24,active,high,True,False,True,False,2
7095,2024-09-25,27,low,medium,True,False,True,True,0
7096,2024-01-27,18,medium,low,False,False,True,True,0
7097,2024-05-31,32,active,low,True,False,True,False,2
7098,2025-04-03,18,super_active,medium,False,False,True,False,1
7099,2025-11-02,63,active,medium,True,False,True,True,1
7100,2024-10-11,49,super_active,high,True,False,False,False,1
7101,2024-04-06,23,active,medium,True,True,False,False,0
7102,2025-10-03,34,active,medium,True,False,True,True,1
7103,2024-10-20,26,active,high,False,True,False,True,1
7104,2025-06-30,46,medium,low,False,False,True,False,0
7105,2024-11-10,45,active,low,True,True,True,False,1
7106,2025-12-06,53,active,high,True,False,True,False,1
7107,2025-12-14,47,low,low,True,False,True,True,0
7108,2025-04-11,56,active,low,False,True,True,False,1
7109,2024-04-04,34,super_active,high,False,True,False,False,1
7110,2024-10-27,61,super_active,high,True,True,True,True,1
7111,2025-03-05,22,low,high,True,False,True,True,0
7112,2025-02-20,33,medium,medium,False,False,True,True,0
7113,2024-11-10,61,medium,high,True,True,True,False,2
7114,2024-12-01,21,low,high,False,False,True,False,0
7115,2024-05-22,23,active,low,True,True,True,False,0
7116,2025-06-08,38,super_active,low,True,True,False,True,0
7117,2024-10-02,24,low,low,False,False,True,True,1
7118,2025-10-06,22,low,medium,False,False,True,False,1
7119,2024-10-16,63,active,medium,False,False,False,False,1
7120,2024-12-05,47,medium,medium,True,True,True,True,3
7121,2025-04-01,22,low,low,False,True,True,False,1
7122,2025-06-24,45,medium,high,True,True,True,True,0
7123,2025-11-27,46,medium,high,False,False,True,True,0
7124,2025-06-09,42,active,medium,False,True,False,False,3
7125,2025-05-21,58,one_time,low,True,False,True,False,2
7126,2025-01-29,22,medium,medium,False,False,True,True,0
7127,2024-09-05,64,active,low,False,False,True,False,1
7128,2024-09-08,26,medium,high,False,False,True,True,2
7129,2025-09-27,51,low,low,False,True,False,True,1
7130,2024-04-14,39,active,high,True,False,True,True,2
7131,2024-03-27,40,low,medium,True,False,True,True,2
7132,2024-11-13,18,active,low,False,False,True,False,1
7133,2025-03-05,40,active,high,True,True,False,True,1
7134,2025-09-15,36,active,high,False,False,False,False,3
7135,2024-09-23,32,medium,medium,False,False,True,True,1
7136,2025-11-08,55,active,high,False,True,True,True,1
7137,2025-06-11,60,low,medium,True,False,True,False,1
7138,2025-09-29,20,active,high,True,False,False,True,1
7139,2025-12-02,60,active,low,True,False,True,True,0
7140,2024-03-02,19,active,high,False,False,False,False,3
7141,2024-12-01,62,medium,medium,False,False,True,False,0
7142,2024-03-23,23,active,low,True,True,True,True,2
7143,2025-03-26,49,active,low,True,False,False,True,1
7144,2025-10-24,43,super_active,medium,False,True,False,False,3
7145,2024-06-22,24,super_active,medium,True,False,True,True,0
7146,2025-04-16,60,medium,medium,True,True,True,True,1
7147,2024-03-08,27,medium,high,True,True,False,True,3
7148,2024-08-07,37,active,medium,True,False,True,False,0
7149,2024-04-08,65,medium,high,True,True,False,True,0
7150,2025-12-04,63,medium,medium,True,False,True,True,0
7151,2025-02-02,27,medium,medium,False,False,False,True,1
7152,2024-10-09,48,medium,medium,True,False,True,True,3
7153,2025-10-15,32,super_active,low,False,False,False,False,1
7154,2025-09-05,47,medium,medium,False,True,True,False,0
7155,2024-04-08,65,low,high,False,False,True,True,2
7156,2025-05-06,31,low,low,True,False,False,False,0
7157,2024-05-14,64,active,medium,False,False,False,True,2
7158,2024-04-05,49,active,high,True,True,False,True,2
7159,2024-08-13,39,active,high,True,False,False,False,1
7160,2025-09-28,62,super_active,high,True,False,True,True,0
7161,2025-06-21,24,medium,low,True,False,True,True,1
7162,2025-10-08,29,active,low,True,True,True,False,0
7163,2025-10-02,64,active,high,True,False,False,True,0
7164,2024-04-25,32,active,medium,True,False,True,True,2
7165,2024-09-08,60,low,low,True,False,True,True,1
7166,2024-12-18,42,low,high,False,False,True,True,1
7167,2024-11-25,54,active,low,False,False,False,False,2
7168,2025-12-08,39,medium,low,False,False,False,False,2
7169,2025-12-08,45,medium,high,True,False,True,True,1
7170,2024-03-22,31,one_time,medium,True,True,True,True,1
7171,2024-07-30,53,medium,high,True,False,True,True,3
7172,2025-06-22,43,active,high,True,False,True,True,2
7173,2025-07-15,49,medium,low,True,False,True,True,0
7174,2024-11-04,47,super_active,medium,False,True,True,False,0
7175,2025-07-24,22,super_active,high,True,False,True,True,1
7176,2025-05-09,30,active,low,True,True,True,True,1
7177,2024-09-02,53,medium,medium,True,False,True,True,0
7178,2024-05-12,30,active,low,True,False,True,False,1
7179,2024-03-29,19,medium,medium,True,True,True,True,2
7180,2024-06-14,60,super_active,high,True,False,True,False,0
7181,2024-11-22,57,active,high,True,True,True,True,1
7182,2024-07-29,53,super_active,medium,True,True,False,False,1
7183,2024-03-12,30,medium,low,False,False,True,False,3
7184,2025-10-27,24,active,medium,True,True,True,False,0
7185,2024-08-01,29,low,medium,False,False,True,True,2
7186,2025-01-25,46,super_active,high,False,False,True,True,2
7187,2025-07-22,21,active,medium,False,False,True,True,1
7188,2025-12-01,64,medium,high,True,False,True,True,2
7189,2025-01-25,27,active,low,True,True,True,False,1
7190,2025-12-04,26,active,low,True,False,True,False,1
7191,2025-10-03,32,active,medium,True,False,True,True,3
7192,2024-11-06,54,active,medium,True,False,True,True,0
7193,2024-09-14,49,medium,high,True,True,True,False,1
7194,2024-04-14,57,active,low,False,False,True,True,0
7195,2024-01-01,23,active,high,True,True,True,True,2
7196,2024-06-05,40,medium,low,True,False,True,True,0
7197,2025-08-14,65,one_time,medium,False,True,True,True,1
7198,2025-09-11,26,active,medium,True,False,True,True,0
7199,2025-01-07,18,medium,medium,True,False,True,False,3
7200,2024-04-15,62,low,low,True,False,True,True,1
7201,2024-06-16,27,medium,medium,True,False,True,False,0
7202,2025-02-22,31,low,low,False,True,False,True,1
7203,2024-12-24,59,medium,low,False,False,True,False,1
7204,2025-05-05,18,medium,medium,True,False,True,False,0
7205,2025-02-21,22,active,low,False,True,True,False,1
7206,2024-03-16,56,active,medium,True,False,False,False,2
7207,2024-05-26,54,active,high,False,True,False,False,0
7208,2024-03-22,28,active,high,False,False,False,False,0
7209,2025-11-19,38,active,high,False,True,True,False,1
7210,2025-11-10,60,one_time,high,False,True,True,True,1
7211,2024-11-11,57,low,medium,False,False,True,True,0
7212,2024-08-26,28,active,medium,True,True,False,False,1
7213,2025-10-19,34,active,medium,True,False,True,True,0
7214,2025-08-08,29,super_active,medium,True,False,True,True,2
7215,2024-06-11,29,low,medium,False,True,False,True,1
7216,2024-05-30,53,medium,medium,True,True,True,True,0
7217,2025-08-10,35,medium,high,False,False,True,True,1
7218,2024-09-01,37,super_active,high,True,False,True,True,1
7219,2024-07-27,53,medium,high,True,True,True,True,2
7220,2025-06-05,18,super_active,medium,False,True,True,False,1
7221,2025-04-29,44,medium,medium,True,False,False,True,1
7222,2025-07-05,20,active,high,False,False,True,True,1
7223,2024-03-04,34,medium,high,True,False,True,True,3
7224,2025-04-17,46,medium,medium,False,True,False,True,1
7225,2024-10-03,51,one_time,medium,True,True,True,False,1
7226,2024-07-03,30,medium,medium,False,False,True,False,1
7227,2025-01-17,63,medium,low,False,False,True,True,0
7228,2025-05-28,30,active,medium,True,True,True,True,2
7229,2025-05-13,43,low,medium,False,True,True,True,0
7230,2025-01-21,59,super_active,medium,True,True,False,False,1
7231,2024-01-10,50,medium,medium,False,True,True,False,1
7232,2025-09-29,41,active,medium,False,False,True,True,1
7233,2024-05-18,43,medium,medium,False,False,True,True,0
7234,2025-07-14,23,active,high,True,False,False,True,1
7235,2024-06-11,35,super_active,medium,True,False,True,False,1
7236,2024-04-09,47,super_active,high,False,False,False,True,2
7237,2024-04-09,33,medium,low,True,False,True,False,1
7238,2025-02-24,33,active,medium,True,False,True,False,2
7239,2024-07-07,46,low,medium,True,True,True,True,2
7240,2024-06-20,39,low,low,False,False,True,False,0
7241,2025-07-24,35,medium,high,False,True,True,False,3
7242,2025-08-05,32,medium,medium,True,True,False,False,1
7243,2025-12-18,62,medium,medium,True,True,True,False,0
7244,2024-10-17,60,active,low,True,False,False,True,1
7245,2024-03-11,61,medium,medium,True,False,True,True,1
7246,2024-11-23,19,one_time,low,False,True,False,False,1
7247,2025-05-10,22,active,low,True,True,True,True,1
7248,2025-07-27,36,active,low,True,True,True,False,0
7249,2025-03-04,26,medium,medium,True,True,False,False,3
7250,2025-09-09,40,active,medium,False,False,True,True,3
7251,2025-11-07,18,low,medium,True,False,True,False,2
7252,2024-01-13,35,low,low,True,False,False,True,2
7253,2024-02-09,40,one_time,medium,False,True,False,False,1
7254,2024-12-18,49,super_active,low,True,True,True,False,1
7255,2024-08-14,37,medium,low,True,False,False,True,0
7256,2024-08-09,44,active,medium,True,True,False,False,0
7257,2025-05-21,41,medium,medium,True,True,True,True,1
7258,2024-12-11,24,low,low,False,False,True,True,3
7259,2024-10-01,39,super_active,medium,True,False,False,True,1
7260,2025-07-05,51,medium,medium,False,True,False,False,0
7261,2024-06-01,48,active,medium,True,False,True,True,0
7262,2024-05-15,49,low,high,True,False,True,True,1
7263,2024-10-28,26,medium,low,True,False,True,True,0
7264,2024-06-14,44,low,medium,True,False,True,True,1
7265,2024-07-24,29,active,low,True,False,False,True,0
7266,2025-07-08,59,active,high,True,True,True,True,2
7267,2025-05-01,58,super_active,low,True,False,True,False,1
7268,2024-03-22,57,active,low,True,False,False,False,0
7269,2025-04-23,39,super_active,low,True,True,False,True,0
7270,2024-02-12,63,one_time,high,False,False,True,False,3
7271,2025-02-16,29,medium,medium,True,False,True,False,1
7272,2025-01-07,56,super_active,medium,True,False,True,False,1
7273,2025-12-28,63,medium,medium,True,False,True,True,2
7274,2024-02-09,44,medium,high,False,True,True,True,1
7275,2024-09-13,36,super_active,medium,True,False,True,True,1
7276,2025-05-29,43,active,high,True,False,True,True,2
7277,2025-12-05,52,medium,low,True,True,True,True,2
7278,2024-08-14,31,low,medium,False,False,False,True,0
7279,2025-07-02,36,low,medium,True,True,False,True,3
7280,2025-11-13,39,one_time,low,True,True,False,True,0
7281,2024-05-06,39,super_active,low,False,True,True,True,3
7282,2025-04-24,32,active,low,True,False,True,True,0
7283,2025-05-12,57,medium,high,False,True,True,True,0
7284,2024-09-30,47,medium,high,False,False,True,False,1
7285,2025-03-25,59,active,medium,False,True,False,False,2
7286,2024-11-08,60,active,high,True,False,True,True,2
7287,2025-09-20,22,super_active,high,True,False,True,True,0
7288,2024-03-25,63,active,medium,True,False,True,True,1
7289,2025-03-07,42,active,low,True,True,True,True,1
7290,2024-01-13,22,active,high,True,False,True,True,1
7291,2025-07-08,57,medium,high,False,True,True,True,0
7292,2025-03-08,25,low,low,True,True,True,True,1
7293,2025-11-08,32,low,high,True,True,True,True,0
7294,2025-07-07,20,medium,high,True,True,True,True,0
7295,2025-01-16,38,one_time,low,True,False,True,True,0
7296,2025-12-11,31,medium,high,True,False,True,False,1
7297,2024-10-09,44,one_time,medium,False,True,False,True,3
7298,2025-06-24,41,active,medium,False,True,True,False,0
7299,2024-05-07,64,medium,medium,False,True,True,False,0
7300,2024-11-23,38,low,medium,True,False,False,False,0
7301,2024-06-12,35,one_time,medium,False,False,False,False,1
7302,2024-12-23,62,active,low,False,False,True,True,2
7303,2025-07-29,51,active,high,False,False,False,True,1
7304,2025-05-15,46,active,low,False,False,True,False,0
7305,2025-12-22,45,super_active,medium,True,False,True,False,2
7306,2024-07-18,43,medium,low,True,False,False,True,2
7307,2024-08-20,64,medium,medium,False,False,False,False,1
7308,2025-09-11,48,active,low,True,False,False,True,3
7309,2025-09-13,49,medium,high,True,True,True,True,1
7310,2025-06-02,64,low,low,True,False,True,False,1
7311,2025-07-08,31,medium,high,True,False,True,True,0
7312,2025-08-18,24,low,medium,False,False,True,True,3
7313,2025-11-30,60,low,medium,False,False,True,False,2
7314,2024-09-08,41,low,medium,True,True,True,True,1
7315,2025-02-08,56,medium,medium,True,False,True,False,1
7316,2025-09-02,32,medium,high,False,False,True,True,1
7317,2024-04-27,44,medium,low,True,False,True,True,1
7318,2024-12-07,40,active,medium,True,True,True,False,0
7319,2025-10-28,34,medium,medium,False,False,True,True,0
7320,2025-01-19,29,low,medium,True,False,True,False,3
7321,2025-04-28,31,medium,high,True,True,True,True,2
7322,2024-03-04,29,super_active,medium,False,True,True,True,2
7323,2025-06-28,65,active,medium,False,False,False,True,2
7324,2025-03-02,35,medium,low,False,False,True,True,1
7325,2025-02-07,36,low,medium,True,True,True,False,2
7326,2025-03-19,55,low,medium,True,False,True,True,1
7327,2025-01-10,41,active,low,True,False,True,False,1
7328,2024-11-17,54,active,medium,True,False,True,True,0
7329,2025-04-05,29,super_active,low,True,False,True,False,0
7330,2025-08-02,55,active,high,True,False,True,True,1
7331,2025-05-22,37,low,medium,True,False,False,False,0
7332,2025-10-24,36,active,high,False,False,True,True,2
7333,2025-04-13,24,active,high,True,True,True,False,2
7334,2025-07-16,48,medium,medium,True,True,False,True,1
7335,2025-07-07,26,super_active,high,True,False,True,True,2
7336,2025-07-03,57,low,high,False,False,True,False,0
7337,2024-10-10,65,one_time,medium,True,False,False,True,0
7338,2025-09-02,64,low,low,True,True,True,True,1
7339,2024-12-31,40,medium,high,True,False,True,False,0
7340,2025-11-17,42,medium,medium,True,True,True,False,1
7341,2025-06-01,56,active,medium,True,True,True,True,3
7342,2024-03-31,29,active,medium,True,False,True,False,1
7343,2025-06-14,26,active,medium,False,False,True,False,1
7344,2025-09-01,40,medium,low,True,False,True,False,0
7345,2025-07-20,64,low,medium,True,True,True,True,2
7346,2024-01-03,51,low,high,False,False,True,False,0
7347,2025-12-01,54,low,high,True,False,True,True,3
7348,2024-09-18,38,low,low,True,False,True,True,3
7349,2025-11-22,47,medium,low,True,True,True,False,0
7350,2024-09-23,55,medium,medium,True,False,True,False,1
7351,2025-11-15,26,super_active,medium,True,False,True,True,3
7352,2025-09-26,21,active,medium,False,False,False,True,2
7353,2025-09-11,42,medium,low,False,True,True,True,1
7354,2024-01-25,34,super_active,medium,False,False,True,True,1
7355,2024-02-23,53,medium,medium,False,False,False,False,2
7356,2024-03-25,55,medium,medium,True,False,True,True,1
7357,2024-10-11,47,super_active,high,False,True,True,False,0
7358,2025-01-26,56,medium,high,True,True,True,True,0
7359,2024-11-23,25,active,high,True,False,True,True,2
7360,2025-02-08,56,super_active,high,False,True,True,False,1
7361,2025-12-05,58,active,low,True,True,True,False,1
7362,2024-11-02,22,medium,medium,True,True,False,False,2
7363,2024-07-14,21,active,medium,False,False,True,False,2
7364,2025-12-01,45,active,high,True,False,False,False,3
7365,2025-01-22,28,medium,medium,True,True,True,True,0
7366,2025-06-21,65,super_active,low,True,False,False,False,0
7367,2025-09-14,25,medium,high,False,True,True,False,2
7368,2025-05-26,24,low,medium,True,False,False,True,0
7369,2024-05-18,45,low,high,True,True,True,True,3
7370,2025-01-11,24,low,medium,True,False,True,False,0
7371,2025-12-20,60,one_time,low,False,True,False,True,1
7372,2025-03-15,40,super_active,high,True,False,True,True,2
7373,2024-12-09,43,active,high,True,False,False,True,0
7374,2025-11-08,26,super_active,medium,False,False,True,False,3
7375,2024-12-10,50,medium,medium,True,False,False,True,0
7376,2025-11-04,39,active,high,False,False,True,True,1
7377,2025-07-23,53,low,medium,True,True,True,True,1
7378,2025-05-01,18,active,high,True,False,True,False,1
7379,2024-10-25,47,active,medium,True,False,True,False,0
7380,2024-03-20,34,active,high,True,True,True,False,0
7381,2025-11-15,44,low,medium,True,False,True,True,0
7382,2025-01-06,24,one_time,low,True,False,True,True,0
7383,2025-11-07,30,medium,low,False,False,True,True,0
7384,2025-04-25,40,active,medium,False,True,True,True,1
7385,2024-08-25,45,medium,low,True,False,False,True,2
7386,2024-04-05,20,active,high,True,False,False,True,2
7387,2025-08-18,51,medium,medium,True,False,True,True,1
7388,2025-12-15,25,medium,low,True,True,False,False,2
7389,2024-10-25,48,active,low,False,True,True,True,2
7390,2025-01-11,52,medium,medium,False,False,True,False,1
7391,2024-02-27,61,medium,medium,True,False,True,True,3
7392,2025-07-05,40,active,high,True,False,False,True,0
7393,2024-12-13,26,medium,medium,False,False,False,True,2
7394,2025-03-19,32,active,low,True,False,True,True,2
7395,2024-08-04,42,low,medium,False,True,True,False,1
7396,2025-06-01,62,medium,high,True,False,True,False,0
7397,2024-11-02,22,super_active,medium,True,False,True,False,2
7398,2024-10-12,24,super_active,low,True,False,True,False,1
7399,2024-05-10,53,low,medium,True,False,False,False,0
7400,2024-03-28,64,medium,low,False,True,True,False,0
7401,2024-01-06,26,low,medium,True,False,True,False,0
7402,2025-06-25,40,medium,low,False,False,True,True,1
7403,2025-04-29,42,super_active,high,True,True,False,True,3
7404,2024-01-22,44,super_active,high,False,False,False,False,1
7405,2025-11-25,20,low,low,False,True,True,True,1
7406,2025-10-29,51,low,medium,False,False,True,True,2
7407,2025-10-30,26,active,high,True,False,True,False,0
7408,2024-10-09,48,low,high,True,True,True,True,3
7409,2025-10-18,61,medium,medium,True,True,False,True,2
7410,2025-02-04,57,super_active,medium,True,True,False,True,0
7411,2024-01-13,29,medium,high,False,False,False,True,1
7412,2024-03-11,22,medium,low,False,False,True,True,1
7413,2025-02-09,30,active,high,False,True,False,True,3
7414,2024-12-04,33,active,low,False,False,True,True,0
7415,2025-11-26,43,low,medium,False,False,True,True,1
7416,2024-05-21,29,medium,medium,True,True,True,True,0
7417,2025-07-23,37,super_active,medium,True,False,True,True,0
7418,2024-08-02,55,active,medium,False,False,True,False,1
7419,2024-08-09,48,low,medium,False,False,True,False,1
7420,2025-08-25,20,active,medium,True,True,True,True,0
7421,2024-05-15,44,one_time,high,True,False,True,False,2
7422,2024-10-24,50,medium,low,True,False,True,False,1
7423,2025-10-09,56,active,high,True,False,True,True,1
7424,2024-12-21,50,low,low,True,False,True,True,1
7425,2024-05-25,27,super_active,medium,False,True,False,True,1
7426,2025-12-01,60,active,high,True,True,False,True,0
7427,2025-10-22,56,active,medium,True,False,True,True,1
7428,2024-03-30,41,active,medium,True,False,True,True,1
7429,2025-10-27,39,active,high,True,False,True,True,2
7430,2024-01-31,22,medium,medium,False,True,True,False,3
7431,2025-10-18,19,medium,high,True,False,True,True,2
7432,2024-08-18,20,super_active,high,False,True,False,True,1
7433,2024-06-10,35,active,medium,True,False,True,False,3
7434,2025-04-18,65,super_active,low,False,True,False,False,0
7435,2024-03-31,22,active,low,False,False,True,True,2
7436,2025-10-26,59,low,medium,True,False,True,True,1
7437,2024-12-30,35,active,low,True,False,False,False,2
7438,2024-04-29,55,medium,high,False,True,False,False,2
7439,2024-08-10,40,active,low,True,True,True,False,1
7440,2024-05-19,23,active,high,True,True,True,True,0
7441,2024-02-21,60,active,high,True,False,True,False,1
7442,2025-02-26,39,active,medium,True,False,True,True,2
7443,2025-05-18,46,active,low,False,True,True,True,0
7444,2025-11-20,28,one_time,medium,True,False,True,False,0
7445,2024-02-26,20,super_active,high,True,False,True,True,3
7446,2025-12-29,56,low,high,True,False,True,True,1
7447,2024-04-21,24,medium,high,True,False,True,True,1
7448,2024-05-04,19,active,medium,True,True,True,True,0
7449,2024-05-21,36,one_time,medium,True,False,True,True,2
7450,2024-09-12,56,medium,low,False,False,False,True,1
7451,2025-09-02,39,medium,high,True,False,True,False,1
7452,2025-09-15,35,medium,low,True,False,True,True,3
7453,2025-11-01,33,super_active,medium,True,False,True,False,3
7454,2025-07-29,18,medium,high,True,False,False,False,2
7455,2024-03-07,31,low,medium,True,False,True,True,1
7456,2024-07-15,19,super_active,medium,True,False,False,True,1
7457,2024-08-07,34,medium,medium,False,True,False,True,2
7458,2025-05-29,32,active,medium,True,True,True,True,1
7459,2025-06-06,59,low,high,False,True,False,True,1
7460,2025-12-06,31,active,high,True,False,False,True,1
7461,2025-07-07,49,medium,medium,False,True,True,True,1
7462,2025-06-07,27,low,medium,True,False,True,False,0
7463,2024-10-03,50,active,low,True,False,True,False,2
7464,2024-11-06,41,medium,medium,True,False,False,True,0
7465,2025-11-15,24,active,high,True,True,True,False,2
7466,2024-02-12,24,medium,medium,False,True,True,True,0
7467,2025-10-11,57,medium,high,True,False,False,False,2
7468,2024-09-12,27,medium,low,True,False,True,True,1
7469,2024-03-11,56,medium,low,True,True,False,False,1
7470,2024-07-01,50,super_active,medium,False,False,False,True,1
7471,2025-05-11,64,active,medium,False,False,True,False,2
7472,2025-01-15,65,medium,medium,False,True,True,True,1
7473,2025-12-21,37,medium,medium,True,False,True,True,0
7474,2025-03-02,21,active,high,True,True,True,True,1
7475,2024-10-19,30,active,low,True,True,True,False,3
7476,2024-06-07,37,super_active,medium,True,True,False,False,1
7477,2024-12-29,42,active,medium,False,True,True,True,2
7478,2024-12-27,42,low,medium,False,False,True,False,1
7479,2025-01-23,38,medium,medium,True,False,True,True,1
7480,2025-07-31,63,medium,high,False,False,True,False,0
7481,2025-12-12,57,active,low,True,False,True,True,0
7482,2024-01-08,63,medium,medium,False,False,False,True,1
7483,2024-06-25,22,active,low,True,True,True,True,0
7484,2024-08-18,62,active,medium,True,False,True,True,3
7485,2024-07-04,44,active,high,True,False,True,True,1
7486,2024-10-24,56,medium,low,False,False,False,False,1
7487,2025-07-08,36,active,low,True,True,False,True,0
7488,2025-11-19,54,active,low,True,True,True,True,1
7489,2024-05-14,59,active,medium,True,False,True,False,1
7490,2025-07-21,36,low,low,True,False,True,True,2
7491,2025-08-20,56,active,medium,True,True,False,True,0
7492,2024-08-21,41,medium,low,True,True,True,False,2
7493,2024-12-06,55,active,high,False,True,False,False,1
7494,2025-06-03,65,low,high,True,True,False,False,1
7495,2024-06-13,60,active,medium,True,True,True,False,0
7496,2024-06-26,29,medium,low,True,False,True,True,0
7497,2025-07-14,43,active,low,True,False,True,False,1
7498,2024-11-05,37,one_time,low,True,True,False,True,2
7499,2025-02-11,33,low,low,False,False,True,False,2
7500,2025-12-12,25,low,high,False,False,False,True,3
7501,2024-11-13,30,medium,high,True,True,True,False,3
7502,2025-11-10,34,active,high,False,False,True,True,0
7503,2024-04-23,56,low,high,True,False,False,False,0
7504,2025-05-11,39,medium,medium,False,False,True,True,2
7505,2024-12-13,33,super_active,high,False,True,False,False,0
7506,2024-12-13,54,active,high,False,False,True,False,0
7507,2024-02-18,55,low,low,False,False,True,False,2
7508,2025-03-21,23,super_active,low,True,False,True,True,2
7509,2025-01-31,25,active,high,False,False,True,True,0
7510,2024-09-07,38,super_active,medium,True,False,False,True,3
7511,2024-11-14,60,one_time,high,True,True,True,False,1
7512,2025-04-20,44,medium,low,True,False,False,False,1
7513,2024-06-01,21,super_active,medium,False,True,True,False,2
7514,2024-03-25,46,medium,medium,True,True,True,True,3
7515,2024-11-02,51,one_time,low,True,False,True,False,3
7516,2025-10-03,27,active,medium,True,True,True,True,2
7517,2024-09-23,64,medium,medium,True,True,False,True,0
7518,2024-03-24,36,medium,high,True,False,True,True,0
7519,2025-05-01,60,active,low,True,False,True,True,0
7520,2025-05-29,38,one_time,medium,True,True,True,False,0
7521,2025-09-24,19,active,medium,False,False,True,False,0
7522,2024-10-29,24,active,medium,True,False,True,True,1
7523,2025-06-04,23,low,low,True,False,True,True,1
7524,2025-12-08,43,medium,medium,True,False,True,False,0
7525,2025-09-02,20,medium,high,False,True,True,True,0
7526,2025-11-21,25,active,low,False,False,True,False,0
7527,2025-05-29,18,active,medium,True,True,False,True,0
7528,2025-04-27,39,medium,low,True,False,True,True,1
7529,2024-11-09,19,medium,medium,True,True,True,True,2
7530,2024-04-18,21,active,medium,True,False,True,False,1
7531,2025-10-17,32,active,low,False,True,True,True,0
7532,2024-06-14,57,medium,high,True,False,True,True,2
7533,2024-08-29,56,active,medium,True,False,True,False,1
7534,2025-12-05,39,low,high,False,True,True,False,0
7535,2025-11-26,25,active,medium,True,False,False,False,1
7536,2024-04-17,38,super_active,high,False,False,True,True,3
7537,2024-03-06,35,medium,high,True,False,True,True,1
7538,2025-01-13,22,active,high,True,True,True,True,1
7539,2024-07-16,41,low,high,True,False,False,False,2
7540,2025-03-01,28,medium,high,True,False,True,False,2
7541,2024-07-19,45,low,low,True,False,True,True,2
7542,2025-01-01,43,one_time,medium,True,False,True,True,1
7543,2024-02-25,25,medium,high,True,False,True,False,1
7544,2025-12-05,57,active,high,True,False,True,True,2
7545,2025-08-22,20,medium,medium,False,True,True,True,2
7546,2024-08-26,53,active,medium,True,True,True,True,2
7547,2025-04-17,48,super_active,low,False,True,True,True,0
7548,2024-06-08,31,active,high,False,True,True,True,1
7549,2024-06-04,64,active,low,True,False,True,False,1
7550,2024-09-17,26,active,high,True,False,True,False,0
7551,2024-05-06,64,one_time,low,False,False,True,False,1
7552,2024-10-12,19,super_active,medium,False,False,True,False,2
7553,2024-03-13,39,low,medium,True,False,True,True,1
7554,2025-04-16,30,active,medium,False,False,True,False,0
7555,2025-03-01,31,active,medium,True,False,True,False,1
7556,2025-02-28,28,active,medium,False,False,True,False,1
7557,2024-06-11,59,medium,low,False,True,True,True,0
7558,2025-05-19,60,active,medium,False,False,False,False,3
7559,2025-09-01,62,medium,medium,True,False,True,False,1
7560,2025-10-20,40,active,high,False,False,False,False,1
7561,2024-03-30,56,active,high,False,True,True,True,1
7562,2024-09-19,28,low,high,False,True,False,False,0
7563,2025-11-19,50,low,medium,True,True,True,True,1
7564,2024-08-22,58,low,high,True,False,False,True,2
7565,2025-11-13,39,active,medium,False,False,True,False,0
7566,2025-10-08,47,one_time,high,True,False,True,True,3
7567,2024-12-05,23,active,medium,True,False,False,True,1
7568,2024-07-17,37,active,high,True,False,True,True,1
7569,2024-08-01,39,low,medium,True,True,True,False,1
7570,2025-07-17,61,active,medium,True,False,True,True,1
7571,2024-12-21,29,super_active,low,True,False,True,False,0
7572,2025-09-20,33,active,medium,False,True,False,True,3
7573,2025-09-24,42,medium,low,True,False,False,True,0
7574,2025-05-15,32,active,low,False,False,False,False,1
7575,2025-10-03,19,super_active,medium,True,True,False,True,2
7576,2024-06-30,25,super_active,low,True,False,True,False,1
7577,2024-12-29,38,medium,low,True,False,True,True,0
7578,2025-01-23,19,active,medium,False,False,True,False,3
7579,2025-10-12,40,active,low,False,False,True,False,2
7580,2025-10-24,49,low,medium,True,False,True,False,2
7581,2024-12-24,28,super_active,low,False,False,True,False,2
7582,2024-10-21,37,low,high,False,False,True,True,0
7583,2024-05-04,29,medium,low,False,True,False,True,1
7584,2024-03-06,22,low,low,True,True,True,False,0
7585,2025-08-14,65,low,high,True,False,False,True,0
7586,2024-05-12,35,medium,medium,True,True,True,True,0
7587,2025-12-24,43,active,low,True,False,True,True,1
7588,2025-09-25,50,one_time,high,False,False,False,True,0
7589,2024-12-20,52,active,medium,False,True,True,False,3
7590,2024-11-15,23,active,medium,False,False,True,False,0
7591,2025-03-31,19,active,medium,True,False,False,False,0
7592,2025-08-27,61,super_active,high,True,True,True,False,0
7593,2024-05-07,36,medium,medium,True,True,True,True,3
7594,2025-01-01,20,medium,high,False,True,False,True,1
7595,2024-01-30,63,active,low,False,False,True,True,0
7596,2024-08-02,28,medium,low,True,False,False,False,1
7597,2024-09-22,25,medium,low,False,False,False,False,3
7598,2025-07-03,46,low,high,False,False,False,True,0
7599,2024-08-10,39,medium,medium,False,False,False,True,3
7600,2025-01-21,34,super_active,high,True,False,True,True,2
7601,2025-01-30,36,medium,medium,True,False,True,True,0
7602,2024-04-15,49,medium,medium,True,True,True,True,3
7603,2024-06-01,64,medium,medium,False,False,True,True,1
7604,2025-05-02,18,super_active,medium,True,True,True,False,2
7605,2024-04-13,41,one_time,low,True,True,True,False,0
7606,2024-06-25,52,medium,medium,False,True,True,True,0
7607,2025-03-14,29,low,high,True,False,True,True,0
7608,2025-12-02,56,medium,low,False,True,True,True,1
7609,2024-09-05,41,super_active,low,True,False,True,False,1
7610,2025-02-18,19,low,medium,False,True,True,False,1
7611,2024-01-25,65,active,low,False,False,True,False,1
7612,2024-01-16,21,super_active,low,True,False,True,True,0
7613,2024-04-30,27,super_active,low,True,True,True,True,1
7614,2025-10-17,61,one_time,high,True,False,False,True,2
7615,2025-03-03,44,active,medium,True,False,True,False,1
7616,2024-11-29,45,active,medium,True,True,False,True,0
7617,2024-09-29,65,medium,high,False,True,True,True,2
7618,2024-12-25,19,medium,high,False,False,False,False,1
7619,2024-04-22,41,medium,low,True,True,True,False,2
7620,2024-07-18,55,active,low,True,True,False,False,1
7621,2025-06-27,51,low,medium,False,True,True,False,1
7622,2025-05-18,52,medium,low,True,False,False,True,1
7623,2024-08-03,48,medium,medium,True,False,True,True,0
7624,2024-04-24,58,active,low,True,False,False,True,0
7625,2025-12-28,22,medium,medium,True,True,True,False,1
7626,2024-09-25,20,active,medium,False,True,True,False,1
7627,2024-07-25,40,active,high,False,False,True,True,0
7628,2025-10-05,39,medium,high,False,False,False,True,2
7629,2024-07-07,31,active,medium,True,False,False,True,3
7630,2024-07-12,44,low,high,True,False,True,True,0
7631,2024-11-11,24,active,high,True,False,True,False,1
7632,2025-06-04,59,low,high,False,False,False,False,0
7633,2025-11-11,19,active,low,True,False,True,True,2
7634,2025-12-28,23,low,medium,True,True,False,True,1
7635,2024-08-26,58,active,medium,True,True,False,True,3
7636,2024-12-31,33,active,low,True,False,False,True,3
7637,2025-07-08,33,low,high,True,False,False,True,0
7638,2024-07-07,63,one_time,low,True,True,False,True,1
7639,2024-10-03,46,low,low,True,True,True,False,1
7640,2024-05-01,35,super_active,high,False,True,True,True,0
7641,2025-02-28,38,medium,low,False,True,True,False,1
7642,2024-06-19,63,medium,high,True,False,False,True,2
7643,2025-04-10,22,super_active,high,True,True,True,False,2
7644,2024-07-26,25,active,medium,True,False,True,True,2
7645,2025-11-24,18,active,medium,False,False,True,False,0
7646,2024-01-30,54,low,medium,False,False,False,True,2
7647,2025-03-16,41,active,medium,True,False,True,False,0
7648,2025-04-09,28,medium,medium,False,False,True,False,3
7649,2024-06-02,59,medium,medium,False,False,True,True,2
7650,2025-04-13,39,medium,high,False,True,True,True,3
7651,2024-10-19,46,medium,low,True,False,True,True,0
7652,2025-11-12,29,one_time,medium,False,False,True,True,2
7653,2025-02-20,20,medium,high,False,True,True,False,2
7654,2024-01-23,21,super_active,high,True,False,True,False,1
7655,2024-09-06,49,one_time,medium,True,False,False,True,1
7656,2024-04-23,34,medium,medium,False,False,False,True,1
7657,2024-05-29,24,medium,high,True,True,False,True,2
7658,2024-03-15,60,low,low,False,False,True,False,1
7659,2024-02-15,47,active,low,True,False,True,True,2
7660,2024-05-13,18,active,low,True,False,False,True,1
7661,2025-02-08,32,medium,low,False,True,True,True,1
7662,2025-12-29,65,active,low,False,False,True,False,1
7663,2025-07-10,56,medium,medium,True,False,True,True,2
7664,2024-02-26,62,active,medium,True,True,True,False,0
7665,2024-12-23,33,active,medium,True,False,True,True,1
7666,2025-10-01,64,medium,medium,True,True,True,True,0
7667,2025-06-22,40,medium,high,False,True,True,True,1
7668,2025-09-04,60,active,low,True,False,True,True,0
7669,2025-07-10,34,active,medium,True,True,False,True,0
7670,2025-11-16,46,active,medium,True,False,False,True,0
7671,2024-03-24,55,medium,medium,True,False,True,True,0
7672,2025-12-23,55,active,high,False,False,True,True,2
7673,2025-09-08,33,active,high,False,False,True,True,0
7674,2024-06-26,65,medium,medium,True,True,True,True,0
7675,2025-04-29,28,one_time,medium,True,True,True,True,2
7676,2025-09-02,35,medium,high,True,False,True,False,3
7677,2024-11-19,37,super_active,medium,False,False,False,True,1
7678,2025-08-13,26,active,medium,True,False,False,True,2
7679,2024-08-26,47,active,medium,False,False,True,False,2
7680,2024-04-27,44,medium,low,True,True,True,True,1
7681,2025-03-13,28,medium,medium,True,True,True,False,1
7682,2025-03-08,40,active,high,True,True,True,True,0
7683,2025-10-31,20,active,low,True,False,True,True,1
7684,2024-08-03,41,low,low,True,False,False,False,0
7685,2025-09-15,38,super_active,medium,False,False,False,True,1
7686,2025-06-16,22,medium,medium,True,True,True,True,1
7687,2025-06-28,65,medium,high,False,True,False,False,1
7688,2024-02-02,37,super_active,medium,False,False,False,True,0
7689,2024-11-11,32,medium,high,True,False,True,True,0
7690,2024-05-22,46,low,high,True,True,True,True,2
7691,2025-07-18,20,active,low,True,False,True,True,1
7692,2025-02-11,55,active,medium,True,True,True,False,1
7693,2025-10-17,36,low,low,False,True,False,True,1
7694,2025-01-14,23,medium,medium,False,False,True,False,0
7695,2024-07-18,49,super_active,high,True,False,True,True,2
7696,2025-05-13,63,active,medium,False,True,False,True,0
7697,2025-03-11,47,active,medium,True,False,False,False,2
7698,2025-12-10,48,active,medium,True,False,True,True,0
7699,2025-05-31,48,low,high,True,True,True,True,0
7700,2025-05-07,49,super_active,high,False,True,False,True,3
7701,2024-09-30,25,medium,medium,False,True,True,True,2
7702,2025-07-22,40,active,medium,False,False,True,False,2
7703,2025-09-14,33,active,medium,False,False,True,True,1
7704,2025-11-17,60,active,high,True,False,True,True,1
7705,2024-10-17,25,medium,medium,False,True,False,True,2
7706,2025-06-22,54,medium,high,False,False,True,True,0
7707,2024-04-09,37,super_active,low,True,False,True,True,1
7708,2024-10-27,32,low,high,True,False,True,False,0
7709,2025-05-27,44,active,low,True,False,True,True,1
7710,2024-03-23,26,low,medium,True,False,True,True,2
7711,2024-10-11,58,low,medium,False,False,True,False,0
7712,2024-09-06,49,super_active,low,True,False,True,True,1
7713,2025-04-18,19,medium,high,False,False,True,False,0
7714,2024-06-30,25,low,high,False,False,True,False,0
7715,2024-03-09,49,medium,high,True,True,True,True,0
7716,2024-12-28,30,active,medium,False,False,True,True,1
7717,2024-02-06,30,active,low,True,False,True,False,0
7718,2025-05-28,55,low,high,False,False,True,True,1
7719,2024-06-27,40,super_active,medium,True,True,True,True,3
7720,2024-07-29,30,active,medium,True,True,True,False,0
7721,2025-11-10,46,medium,low,False,False,True,False,1
7722,2024-07-21,64,active,high,False,True,True,True,2
7723,2024-03-17,29,active,high,True,False,False,False,0
7724,2024-09-20,40,super_active,high,True,True,False,True,2
7725,2024-06-24,44,medium,low,True,False,True,False,1
7726,2024-07-27,65,super_active,high,False,True,True,True,1
7727,2025-12-01,18,low,high,True,True,True,True,1
7728,2025-11-21,33,medium,low,False,False,True,False,2
7729,2024-10-13,52,medium,low,True,False,False,True,0
7730,2025-10-15,31,medium,medium,True,False,True,False,0
7731,2024-11-21,20,low,medium,True,False,True,False,1
7732,2024-09-16,43,active,low,False,True,False,True,1
7733,2025-12-20,64,low,medium,True,False,True,True,0
7734,2024-04-05,54,active,low,False,True,True,True,2
7735,2025-04-24,48,active,low,True,False,False,True,2
7736,2024-07-19,21,super_active,medium,True,True,True,True,1
7737,2025-02-13,49,low,medium,False,False,True,False,2
7738,2024-06-17,26,medium,low,False,False,False,True,1
7739,2025-08-25,19,super_active,medium,True,False,True,True,3
7740,2025-06-27,55,active,medium,False,False,True,True,2
7741,2025-08-15,23,low,low,False,False,True,True,1
7742,2024-11-22,43,active,low,False,False,True,True,0
7743,2024-02-07,22,medium,high,False,False,False,False,1
7744,2025-04-29,38,active,medium,False,False,False,True,3
7745,2025-08-29,63,active,low,True,True,True,False,0
7746,2025-09-04,37,medium,high,True,False,True,True,0
7747,2024-06-27,32,active,high,False,True,True,False,1
7748,2025-12-31,41,low,high,False,False,False,True,1
7749,2024-08-29,44,active,medium,True,False,True,True,1
7750,2025-10-24,57,super_active,high,True,False,True,True,2
7751,2025-12-22,60,low,medium,True,True,True,False,1
7752,2025-03-20,63,medium,medium,False,False,True,False,0
7753,2024-09-28,35,super_active,low,False,False,True,False,1
7754,2024-02-27,62,active,low,False,False,True,False,2
7755,2025-05-12,48,super_active,medium,False,True,True,False,1
7756,2024-06-21,60,active,low,True,False,True,True,1
7757,2025-03-27,57,active,high,True,False,False,False,3
7758,2024-07-25,54,active,low,False,True,True,True,3
7759,2025-09-06,50,medium,high,True,False,True,False,0
7760,2024-01-26,48,low,medium,True,True,False,True,1
7761,2025-05-02,42,active,high,False,True,True,False,1
7762,2025-08-08,38,one_time,high,False,False,False,False,2
7763,2024-07-15,53,medium,low,True,False,True,True,2
7764,2025-06-02,47,medium,medium,False,True,True,False,1
7765,2025-06-04,45,active,medium,True,False,True,True,1
7766,2025-08-27,29,medium,high,False,False,True,True,1
7767,2025-01-24,18,medium,medium,True,False,True,False,1
7768,2024-11-05,28,super_active,medium,True,False,True,True,1
7769,2024-08-09,38,medium,medium,True,False,True,True,0
7770,2024-02-21,47,medium,high,True,True,False,False,0
7771,2025-07-19,50,low,high,False,False,True,False,1
7772,2025-12-05,42,low,low,False,False,True,False,1
7773,2025-11-05,29,one_time,medium,False,False,True,False,3
7774,2025-04-28,40,active,medium,True,False,True,False,3
7775,2024-10-26,57,medium,low,True,False,True,True,2
7776,2025-04-15,37,super_active,high,False,False,True,True,1
7777,2024-07-30,20,medium,high,True,False,True,False,2
7778,2024-08-01,49,medium,medium,True,True,False,True,2
7779,2025-06-28,59,medium,low,False,True,False,False,0
7780,2025-02-22,37,medium,high,False,False,False,True,0
7781,2025-04-22,45,one_time,low,True,False,False,False,3
7782,2025-07-21,34,active,low,True,False,False,True,0
7783,2025-09-11,41,medium,high,True,False,False,True,2
7784,2025-07-17,54,active,low,True,True,False,True,2
7785,2025-11-28,39,active,medium,True,True,False,True,1
7786,2025-08-07,42,medium,high,False,False,True,False,3
7787,2024-01-12,63,medium,medium,False,False,False,True,1
7788,2024-09-16,63,super_active,medium,True,False,True,True,3
7789,2025-03-09,51,medium,medium,True,False,True,True,1
7790,2024-07-05,54,super_active,high,True,False,False,False,0
7791,2025-08-25,42,active,medium,True,False,True,True,2
7792,2024-07-07,46,low,medium,False,False,True,False,2
7793,2025-02-03,64,medium,low,False,False,True,True,0
7794,2025-12-12,34,low,medium,True,False,True,False,2
7795,2024-02-11,20,active,medium,False,False,True,False,2
7796,2025-03-04,53,active,high,False,True,True,False,0
7797,2025-06-15,21,super_active,high,False,False,True,False,2
7798,2024-04-12,51,active,medium,True,False,True,False,0
7799,2025-08-07,47,super_active,low,True,False,False,False,3
7800,2025-05-04,45,active,low,False,False,True,False,1
7801,2024-07-18,27,medium,medium,True,False,True,True,2
7802,2024-07-27,59,super_active,medium,True,False,False,False,2
7803,2025-12-29,25,low,high,True,False,True,True,2
7804,2025-08-21,59,active,low,True,True,False,False,1
7805,2024-11-23,61,medium,low,True,True,True,True,1
7806,2024-06-16,23,active,medium,True,False,False,True,1
7807,2024-07-07,36,super_active,medium,True,False,True,True,2
7808,2024-10-13,50,medium,medium,True,False,False,True,1
7809,2024-05-07,53,active,low,True,True,True,False,2
7810,2024-12-16,39,active,medium,True,False,True,True,1
7811,2024-10-06,34,medium,high,True,True,True,True,1
7812,2024-04-11,35,low,medium,True,True,True,True,0
7813,2024-06-16,57,medium,medium,True,True,False,False,2
7814,2025-05-14,21,active,low,True,False,True,False,1
7815,2025-07-07,26,active,low,False,False,True,True,1
7816,2024-03-18,40,active,medium,False,True,True,True,3
7817,2025-06-18,20,active,high,True,True,False,True,1
7818,2025-07-22,65,active,high,True,False,True,False,0
7819,2024-07-12,50,one_time,medium,True,True,True,True,2
7820,2025-09-12,63,super_active,medium,True,True,False,True,2
7821,2025-11-03,39,medium,medium,True,True,True,True,0
7822,2024-07-23,46,active,low,False,True,True,True,1
7823,2025-07-03,18,super_active,medium,False,True,False,True,1
7824,2024-07-29,61,medium,low,True,True,True,False,2
7825,2024-02-17,44,medium,high,False,True,True,False,0
7826,2024-10-25,60,medium,high,True,False,False,True,0
7827,2025-07-23,20,low,medium,True,True,False,True,1
7828,2025-04-03,37,active,medium,True,False,False,False,0
7829,2024-08-10,59,active,low,True,False,True,False,3
7830,2025-04-02,20,medium,low,True,True,True,False,1
7831,2025-08-03,38,medium,high,True,False,False,False,1
7832,2024-03-27,25,active,medium,True,False,True,True,2
7833,2025-08-04,63,super_active,high,False,True,True,True,0
7834,2025-11-09,61,active,medium,True,False,True,False,1
7835,2024-02-05,50,one_time,medium,False,True,False,True,0
7836,2025-06-12,52,medium,low,True,False,True,False,1
7837,2025-03-08,63,medium,medium,False,False,True,False,1
7838,2024-12-28,26,active,medium,True,False,True,True,1
7839,2024-08-27,42,medium,low,True,True,True,False,0
7840,2025-03-29,22,active,medium,False,True,True,True,2
7841,2024-04-18,25,active,medium,True,False,False,True,1
7842,2025-04-15,49,medium,medium,False,False,True,True,0
7843,2025-07-26,61,active,medium,True,False,True,True,3
7844,2024-01-27,42,low,low,False,True,True,True,1
7845,2025-05-28,60,active,medium,True,True,True,False,2
7846,2025-06-11,52,medium,medium,False,True,True,False,1
7847,2024-12-23,48,super_active,medium,False,False,True,True,2
7848,2025-10-03,39,medium,low,True,False,True,True,0
7849,2025-12-10,64,active,high,True,True,False,False,2
7850,2024-04-08,40,active,medium,True,False,False,False,2
7851,2024-09-14,18,super_active,low,True,False,True,False,1
7852,2025-05-18,31,one_time,low,True,False,True,False,1
7853,2025-01-16,54,super_active,medium,False,False,True,False,0
7854,2025-12-11,49,active,high,True,False,True,False,3
7855,2025-05-08,48,low,low,True,False,True,True,2
7856,2024-10-16,21,one_time,medium,False,False,False,True,1
7857,2025-12-09,63,active,medium,False,True,True,True,1
7858,2025-05-12,33,super_active,high,True,False,True,False,0
7859,2025-06-03,19,low,medium,True,False,True,True,1
7860,2025-08-05,63,one_time,medium,True,False,True,True,0
7861,2024-09-12,33,active,medium,False,True,True,True,2
7862,2024-04-05,33,active,medium,True,False,True,True,0
7863,2025-12-18,54,active,low,False,True,True,False,1
7864,2025-03-06,42,medium,high,False,False,False,True,1
7865,2025-01-02,31,medium,low,False,False,True,True,1
7866,2025-08-18,59,super_active,low,True,False,True,False,2
7867,2024-11-06,32,active,low,True,False,True,False,2
7868,2024-08-23,33,medium,low,True,True,False,True,0
7869,2025-09-05,44,active,low,False,True,True,True,0
7870,2025-10-12,47,medium,medium,True,True,True,False,2
7871,2024-06-26,59,active,low,True,False,True,False,0
7872,2024-01-18,47,active,low,False,False,True,False,2
7873,2025-05-21,43,medium,medium,True,False,False,True,2
7874,2025-06-09,33,low,low,False,False,True,False,0
7875,2024-12-01,23,low,high,True,False,True,False,2
7876,2025-09-14,45,active,low,False,False,True,False,1
7877,2025-07-05,55,active,high,True,False,True,True,2
7878,2025-09-04,25,medium,high,False,True,True,False,1
7879,2025-09-26,37,medium,low,False,False,True,False,2
7880,2024-05-23,40,low,medium,False,False,True,False,1
7881,2024-02-20,22,active,medium,False,True,False,True,0
7882,2025-06-11,27,active,high,False,True,True,False,1
7883,2025-07-28,34,medium,medium,True,False,False,False,1
7884,2025-10-15,52,super_active,high,False,False,False,False,1
7885,2025-12-25,51,medium,medium,False,False,True,True,1
7886,2024-11-25,42,active,high,True,False,True,True,2
7887,2025-06-19,42,low,medium,True,True,True,False,0
7888,2024-06-11,58,medium,medium,True,False,True,False,2
7889,2024-01-25,26,active,medium,False,True,True,True,1
7890,2024-06-10,18,active,low,False,True,True,True,1
7891,2024-09-16,60,medium,medium,True,False,True,False,0
7892,2024-05-16,22,super_active,high,False,True,False,True,0
7893,2024-11-24,21,super_active,medium,False,False,True,True,3
7894,2025-05-24,55,medium,low,False,False,True,False,1
7895,2024-01-30,31,one_time,high,True,False,True,False,0
7896,2025-05-11,47,active,medium,False,True,False,False,0
7897,2025-07-03,53,medium,low,True,False,True,True,0
7898,2025-03-07,46,low,medium,False,False,True,False,0
7899,2024-06-20,35,super_active,high,True,False,True,True,1
7900,2025-11-22,38,medium,high,True,False,True,False,1
7901,2025-05-30,30,active,medium,False,True,False,True,0
7902,2025-01-24,22,medium,high,True,False,True,True,1
7903,2025-01-11,37,super_active,low,True,False,True,True,1
7904,2025-07-21,58,one_time,medium,False,True,True,False,1
7905,2025-10-16,44,medium,medium,True,False,True,True,1
7906,2024-05-25,56,low,medium,True,True,False,True,1
7907,2024-09-13,44,active,high,False,True,False,True,3
7908,2024-10-26,31,low,high,False,False,False,True,2
7909,2024-12-05,60,active,low,False,False,False,False,3
7910,2024-12-09,20,low,medium,False,False,True,False,3
7911,2024-10-11,51,one_time,high,False,True,False,True,1
7912,2024-10-29,34,active,high,True,False,True,True,1
7913,2024-08-24,63,one_time,high,True,True,True,True,1
7914,2025-01-13,18,super_active,medium,True,False,True,False,1
7915,2024-06-29,35,active,high,False,False,False,False,1
7916,2025-08-11,56,super_active,medium,True,False,False,True,2
7917,2024-10-04,19,super_active,low,False,False,True,False,2
7918,2025-11-06,42,super_active,medium,True,False,True,True,0
7919,2024-01-03,55,low,low,False,False,False,True,0
7920,2025-02-12,62,medium,low,True,False,False,True,2
7921,2024-03-14,26,super_active,low,False,True,True,False,1
7922,2025-08-23,53,super_active,low,False,True,True,False,1
7923,2025-04-26,27,active,high,True,True,False,True,0
7924,2025-07-02,64,medium,medium,False,False,True,True,1
7925,2025-09-21,35,medium,medium,True,True,False,False,2
7926,2025-06-22,22,active,low,True,True,True,False,0
7927,2025-03-14,51,low,high,False,False,True,True,2
7928,2024-02-12,56,one_time,high,False,True,False,False,0
7929,2024-03-13,24,super_active,high,False,True,True,False,1
7930,2024-02-15,58,super_active,low,False,False,True,True,0
7931,2024-12-07,53,active,low,True,True,False,False,3
7932,2025-03-18,26,low,high,True,False,True,True,0
7933,2025-11-21,48,medium,high,False,False,True,False,2
7934,2025-02-18,37,medium,high,True,True,False,True,1
7935,2024-12-11,47,active,low,False,False,True,True,0
7936,2025-12-13,42,medium,medium,False,False,False,True,2
7937,2024-09-22,51,low,high,True,False,True,False,2
7938,2024-06-27,23,active,medium,True,False,True,True,0
7939,2025-08-01,25,medium,high,False,True,False,True,3
7940,2025-03-22,28,super_active,medium,False,False,False,True,1
7941,2025-08-03,53,low,low,False,False,False,False,0
7942,2024-04-29,50,medium,medium,True,True,False,True,1
7943,2025-05-21,20,active,low,True,True,True,True,0
7944,2025-03-22,47,medium,high,False,False,True,False,0
7945,2024-05-16,35,active,low,False,True,False,False,2
7946,2025-11-08,45,low,medium,True,False,True,False,1
7947,2025-03-07,57,super_active,high,True,True,True,False,1
7948,2025-02-08,61,active,high,True,False,False,False,0
7949,2025-08-04,23,low,medium,False,True,True,True,2
7950,2024-06-15,24,active,high,False,False,True,False,1
7951,2025-07-23,41,medium,high,False,True,False,True,1
7952,2024-04-11,26,active,medium,True,False,True,True,3
7953,2024-07-16,39,medium,high,False,False,False,True,0
7954,2025-06-19,41,active,high,True,False,False,True,0
7955,2025-03-08,47,medium,high,False,True,True,False,0
7956,2024-10-05,58,active,low,True,False,True,True,0
7957,2025-07-14,37,low,high,True,False,True,True,0
7958,2024-08-02,64,active,medium,False,True,True,False,3
7959,2024-02-28,19,active,high,False,False,False,False,3
7960,2025-12-04,60,medium,medium,True,False,True,True,1
7961,2025-07-05,31,low,high,False,True,False,True,1
7962,2025-01-26,36,active,high,True,False,False,True,1
7963,2025-08-26,30,medium,high,True,False,False,False,2
7964,2025-07-10,46,medium,medium,False,False,True,False,2
7965,2025-09-18,39,medium,medium,False,False,True,False,0
7966,2025-12-05,50,active,medium,True,False,False,False,1
7967,2025-11-14,20,medium,high,False,True,False,True,1
7968,2025-06-16,53,low,medium,True,True,True,True,1
7969,2025-10-06,25,low,high,False,False,True,True,3
7970,2024-10-09,36,low,high,True,False,False,True,2
7971,2024-02-10,35,one_time,medium,True,False,True,True,2
7972,2025-05-26,28,low,high,False,False,True,True,1
7973,2024-11-13,42,active,medium,False,False,True,False,1
7974,2025-10-12,45,active,low,False,False,True,True,1
7975,2025-07-25,55,super_active,medium,False,False,True,True,0
7976,2024-11-12,35,active,medium,True,False,False,False,1
7977,2024-09-14,18,super_active,medium,False,True,True,True,1
7978,2024-04-08,27,medium,low,True,False,True,True,1
7979,2024-03-29,45,super_active,medium,False,True,True,True,1
7980,2025-11-30,53,medium,medium,True,False,True,False,0
7981,2024-01-20,63,low,low,True,False,True,True,3
7982,2024-02-02,56,active,low,True,False,True,False,0
7983,2025-10-16,50,active,medium,True,False,True,True,3
7984,2025-12-02,22,super_active,low,False,True,True,False,0
7985,2025-09-01,53,super_active,high,True,True,True,False,1
7986,2025-04-10,51,super_active,low,True,True,True,True,0
7987,2024-10-15,40,low,low,False,False,False,False,2
7988,2025-12-31,59,active,low,True,False,False,False,1
7989,2025-11-12,53,active,high,False,False,True,False,2
7990,2025-05-22,32,active,medium,True,True,True,False,0
7991,2024-12-29,41,low,low,False,True,True,True,0
7992,2025-11-09,54,super_active,medium,True,False,True,False,0
7993,2024-01-26,19,active,medium,True,False,True,True,2
7994,2025-07-11,52,active,medium,False,True,True,False,1
7995,2025-02-07,51,medium,high,True,True,True,True,0
7996,2025-01-11,19,medium,medium,True,True,False,True,1
7997,2024-08-23,35,super_active,medium,False,True,True,True,3
7998,2024-11-07,20,low,medium,True,True,True,True,0
7999,2024-03-01,48,low,high,False,False,True,False,0
8000,2024-03-02,47,low,high,True,True,True,True,0
8001,2024-11-16,40,low,low,True,True,True,True,0
8002,2024-12-08,41,low,low,False,True,True,False,2
8003,2025-07-01,26,active,high,False,True,True,True,1
8004,2024-01-12,40,active,high,False,False,False,False,0
8005,2025-03-14,61,medium,medium,True,False,True,True,1
8006,2025-06-30,45,medium,low,True,True,False,True,2
8007,2025-05-19,45,active,high,True,False,True,False,2
8008,2025-04-30,36,active,high,True,False,True,False,1
8009,2024-05-04,26,medium,high,False,True,False,False,1
8010,2024-07-15,42,super_active,medium,False,True,True,False,2
8011,2024-06-06,33,medium,low,True,False,True,True,1
8012,2024-04-15,24,medium,low,True,True,True,True,0
8013,2024-02-05,18,active,low,False,False,True,True,1
8014,2025-04-10,62,active,high,False,True,True,False,0
8015,2025-09-10,35,super_active,low,False,True,True,True,1
8016,2024-12-16,58,medium,high,True,False,False,False,0
8017,2025-04-05,58,super_active,low,False,True,True,False,2
8018,2024-09-07,65,medium,high,True,False,True,True,1
8019,2025-06-16,41,medium,medium,False,False,True,True,1
8020,2024-03-09,54,medium,medium,False,True,True,True,2
8021,2024-03-13,38,active,low,True,False,True,False,2
8022,2025-05-09,38,active,high,False,False,True,True,1
8023,2025-03-15,40,active,high,True,True,False,False,0
8024,2024-04-27,53,active,medium,True,False,True,True,1
8025,2024-07-13,31,medium,low,True,False,True,True,0
8026,2025-01-17,36,medium,medium,True,False,False,True,3
8027,2025-02-24,53,super_active,medium,False,False,True,False,0
8028,2024-03-12,35,active,medium,False,True,True,True,0
8029,2024-06-25,61,super_active,medium,True,False,False,True,2
8030,2024-07-29,39,medium,low,True,False,True,True,1
8031,2024-10-23,64,medium,high,True,False,False,False,1
8032,2024-03-18,18,medium,medium,True,False,True,True,1
8033,2024-07-02,20,active,medium,True,False,True,True,1
8034,2024-11-18,47,medium,medium,True,False,True,True,2
8035,2024-06-28,50,low,low,False,True,True,True,2
8036,2024-12-06,43,medium,medium,True,False,True,False,0
8037,2025-01-04,52,medium,low,True,True,True,True,1
8038,2025-06-06,41,super_active,high,True,False,False,True,1
8039,2024-10-23,50,medium,high,True,False,False,True,3
8040,2025-12-30,35,super_active,medium,True,False,True,True,2
8041,2024-07-15,26,one_time,medium,True,True,True,True,1
8042,2024-10-29,19,medium,medium,True,True,True,False,0
8043,2024-07-30,37,super_active,high,True,True,False,True,2
8044,2024-04-30,42,super_active,medium,False,False,False,True,1
8045,2025-06-01,56,super_active,medium,True,False,True,False,0
8046,2024-11-01,39,super_active,medium,False,False,True,True,3
8047,2024-07-13,41,low,high,True,False,True,True,0
8048,2025-01-11,42,medium,medium,True,False,False,False,0
8049,2024-08-17,50,active,high,False,True,False,True,3
8050,2025-03-28,65,super_active,high,False,True,False,True,0
8051,2025-12-29,32,medium,medium,False,True,True,True,1
8052,2024-02-08,39,medium,medium,True,False,True,False,1
8053,2024-03-08,47,super_active,high,True,True,True,True,1
8054,2025-06-16,38,medium,low,False,False,True,True,1
8055,2024-06-01,52,medium,low,True,False,True,True,1
8056,2024-01-06,29,medium,low,True,False,True,True,1
8057,2025-05-07,18,low,low,False,False,True,False,0
8058,2024-08-21,50,active,medium,True,True,True,False,1
8059,2024-12-29,19,active,medium,True,False,True,True,2
8060,2025-01-23,20,active,low,True,False,True,True,1
8061,2025-04-15,52,medium,high,False,False,True,False,1
8062,2024-12-01,54,super_active,medium,True,True,True,True,2
8063,2025-06-11,19,active,low,False,True,False,False,1
8064,2024-06-25,43,medium,low,False,False,True,True,3
8065,2024-12-03,22,active,medium,True,False,True,True,0
8066,2025-02-20,56,active,low,False,False,True,False,3
8067,2025-07-28,30,medium,low,False,True,False,False,1
8068,2025-06-16,35,low,high,True,True,True,False,3
8069,2025-10-02,43,active,medium,True,True,False,True,3
8070,2024-11-24,46,medium,low,True,False,True,True,3
8071,2025-10-30,46,low,medium,True,False,True,False,0
8072,2025-03-13,58,active,low,True,False,True,False,1
8073,2024-04-09,34,medium,medium,True,True,True,True,0
8074,2024-02-25,46,active,low,True,False,True,True,3
8075,2025-03-26,59,active,medium,False,True,False,True,0
8076,2025-10-07,32,low,medium,True,False,True,True,1
8077,2025-10-22,39,active,high,True,False,True,False,1
8078,2024-02-29,42,medium,low,False,False,False,True,1
8079,2025-04-15,33,active,high,False,False,False,True,1
8080,2024-09-11,23,active,medium,False,True,True,True,2
8081,2024-07-07,23,super_active,low,False,True,True,True,1
8082,2024-03-27,58,active,medium,True,True,False,True,1
8083,2024-04-03,55,active,medium,False,False,False,True,1
8084,2025-02-25,60,active,medium,True,False,False,True,1
8085,2025-09-02,34,super_active,medium,True,False,True,True,1
8086,2024-03-25,22,active,medium,True,False,True,True,0
8087,2025-06-21,38,active,medium,False,False,True,False,2
8088,2024-09-27,30,super_active,low,False,False,True,False,0
8089,2025-10-15,24,medium,low,False,False,False,False,1
8090,2025-12-10,37,active,high,True,False,False,False,1
8091,2024-12-31,27,low,medium,True,False,True,True,0
8092,2025-07-02,20,super_active,low,False,True,True,True,2
8093,2025-10-17,21,super_active,medium,True,False,False,False,1
8094,2024-04-13,22,active,high,True,False,True,False,2
8095,2024-09-04,26,medium,high,True,False,True,True,1
8096,2025-01-22,29,medium,high,False,True,False,False,2
8097,2024-05-07,38,low,medium,True,True,False,True,1
8098,2024-07-30,44,low,high,True,True,True,True,0
8099,2025-08-25,60,active,low,True,True,True,False,0
8100,2025-07-15,33,active,high,False,True,True,True,3
8101,2025-08-29,53,medium,high,True,True,True,True,2
8102,2024-06-21,22,active,medium,False,False,True,True,0
8103,2025-08-22,33,medium,high,True,False,True,True,2
8104,2025-07-13,45,active,medium,True,False,True,False,1
8105,2025-01-31,49,medium,low,True,False,True,True,0
8106,2025-04-07,64,active,medium,False,False,False,False,1
8107,2025-05-21,49,super_active,high,False,True,False,True,2
8108,2024-10-26,56,active,medium,True,False,False,True,2
8109,2025-04-13,20,low,high,False,True,False,True,0
8110,2025-02-14,60,medium,medium,True,True,True,True,1
8111,2025-02-11,43,low,high,True,False,True,True,2
8112,2025-03-02,23,medium,medium,True,False,True,True,0
8113,2025-05-18,65,active,low,True,False,False,True,2
8114,2024-03-27,63,active,medium,True,False,True,False,1
8115,2025-03-18,20,low,high,True,False,True,False,1
8116,2025-11-16,49,one_time,medium,False,False,False,True,0
8117,2024-09-14,57,super_active,high,True,False,False,True,0
8118,2024-02-19,56,medium,high,True,False,True,True,2
8119,2025-08-22,51,medium,low,True,False,True,True,2
8120,2024-02-18,63,active,medium,True,True,False,False,1
8121,2024-03-11,50,super_active,medium,True,False,True,True,1
8122,2025-08-29,27,low,high,False,False,True,True,1
8123,2025-01-25,59,one_time,high,True,False,True,False,3
8124,2024-07-31,25,medium,medium,True,True,True,False,1
8125,2025-09-17,58,low,high,True,True,True,True,1
8126,2024-10-30,42,active,medium,True,False,True,False,1
8127,2025-08-10,48,active,low,False,False,True,False,0
8128,2025-04-18,49,active,medium,False,False,True,False,2
8129,2024-12-06,28,super_active,low,True,False,True,True,1
8130,2024-05-04,64,active,low,True,True,True,True,0
8131,2025-09-27,41,super_active,high,False,False,True,True,1
8132,2025-07-09,60,active,high,False,False,True,True,2
8133,2025-11-05,40,super_active,low,False,False,True,True,0
8134,2024-08-21,53,active,low,True,True,True,False,3
8135,2024-04-03,32,active,low,False,True,True,False,0
8136,2025-12-02,19,medium,medium,False,False,True,True,1
8137,2025-02-08,18,medium,high,False,False,True,True,0
8138,2024-06-27,32,active,medium,True,False,True,True,0
8139,2024-06-17,18,super_active,high,False,True,True,True,1
8140,2024-03-08,23,medium,low,True,False,False,False,1
8141,2024-07-02,45,low,low,True,False,True,True,0
8142,2024-02-01,33,medium,medium,True,True,True,False,0
8143,2024-05-31,27,super_active,low,True,True,True,False,0
8144,2024-05-31,27,super_active,medium,True,True,False,False,0
8145,2025-10-21,46,medium,medium,True,True,False,True,2
8146,2025-04-30,54,active,low,False,False,True,False,3
8147,2024-11-12,55,medium,high,False,False,True,True,0
8148,2025-01-10,34,active,high,True,False,True,False,1
8149,2025-06-30,52,super_active,low,False,False,True,True,0
8150,2025-01-06,44,super_active,medium,False,False,True,True,1
8151,2024-11-16,46,low,medium,True,False,True,True,3
8152,2025-01-02,42,active,high,False,False,False,True,3
8153,2025-12-16,28,low,medium,True,False,False,False,1
8154,2024-03-09,20,super_active,medium,True,False,True,True,0
8155,2025-03-14,40,active,high,False,False,True,True,0
8156,2024-12-25,57,medium,high,True,True,True,False,1
8157,2024-10-02,57,low,medium,False,False,False,True,1
8158,2025-02-06,45,active,high,False,True,False,False,1
8159,2024-06-04,58,low,medium,True,False,False,True,1
8160,2024-09-01,44,medium,low,True,False,True,False,1
8161,2025-05-10,64,medium,high,True,False,True,True,3
8162,2025-03-02,65,active,medium,True,False,True,True,0
8163,2025-05-11,24,medium,low,False,True,False,False,1
8164,2024-08-27,57,active,high,True,False,False,False,2
8165,2024-06-06,37,active,low,True,False,True,True,3
8166,2025-07-18,18,medium,low,False,True,True,False,3
8167,2024-12-03,62,medium,medium,True,False,False,True,2
8168,2024-12-15,41,medium,medium,False,False,True,True,1
8169,2025-06-22,40,active,low,False,True,True,False,1
8170,2025-08-05,27,one_time,medium,True,False,True,False,2
8171,2025-06-18,18,active,low,True,True,True,False,1
8172,2024-05-10,25,active,medium,False,True,True,False,1
8173,2024-04-28,36,super_active,medium,False,False,False,True,3
8174,2024-08-12,23,one_time,medium,False,False,False,False,0
8175,2024-08-15,24,active,medium,False,False,True,False,1
8176,2024-05-22,52,super_active,high,True,False,False,False,2
8177,2024-03-25,42,active,high,True,False,True,False,2
8178,2024-04-20,44,medium,medium,True,False,True,True,1
8179,2025-08-02,49,low,high,True,False,True,True,1
8180,2024-02-24,31,active,medium,False,False,False,True,1
8181,2025-05-20,33,medium,low,True,False,True,False,1
8182,2024-09-09,63,active,high,False,True,False,True,3
8183,2024-08-24,28,low,low,True,False,True,True,2
8184,2025-01-22,28,active,low,True,True,True,False,1
8185,2025-05-04,38,medium,medium,False,False,False,False,0
8186,2025-11-04,18,medium,low,False,True,True,True,1
8187,2024-03-07,59,active,high,False,False,False,False,1
8188,2024-07-17,50,low,high,False,True,True,True,0
8189,2024-08-19,40,one_time,high,True,False,False,False,1
8190,2024-11-30,63,active,low,True,True,True,True,1
8191,2025-03-01,53,low,high,False,False,False,True,0
8192,2024-02-24,61,medium,low,True,True,False,True,1
8193,2024-05-20,55,medium,medium,False,False,True,True,1
8194,2025-03-27,40,super_active,low,False,False,False,True,2
8195,2025-06-20,32,medium,low,True,False,True,True,3
8196,2024-08-22,31,active,low,True,False,True,True,1
8197,2025-10-09,52,medium,high,True,True,False,True,1
8198,2025-08-01,51,super_active,medium,True,False,True,False,3
8199,2024-06-18,61,medium,high,True,False,False,True,1
8200,2024-04-03,30,low,medium,False,True,False,True,2
8201,2024-06-27,18,medium,high,True,True,True,True,1
8202,2025-12-12,54,active,high,True,False,True,True,1
8203,2025-07-27,24,medium,medium,True,False,True,False,2
8204,2025-01-01,49,low,low,True,False,False,True,1
8205,2025-03-25,26,active,high,True,True,True,True,3
8206,2024-12-03,52,medium,high,False,False,True,False,2
8207,2024-12-13,30,active,medium,False,False,True,False,0
8208,2025-09-18,40,active,low,True,False,True,True,0
8209,2024-11-18,32,medium,low,True,False,True,True,1
8210,2024-04-02,40,medium,high,True,False,True,True,1
8211,2024-05-10,38,low,low,True,False,True,True,3
8212,2025-10-30,27,active,high,True,True,True,False,0
8213,2024-05-01,54,active,high,True,False,True,True,1
8214,2024-05-21,60,medium,high,True,False,True,True,2
8215,2024-07-17,51,medium,low,False,True,False,True,2
8216,2025-02-09,26,medium,medium,False,True,True,True,2
8217,2024-02-27,49,super_active,low,True,True,True,False,3
8218,2025-12-21,40,active,low,False,True,True,False,2
8219,2025-08-11,34,low,low,True,False,True,True,0
8220,2025-08-02,32,super_active,high,True,True,False,True,1
8221,2024-09-20,21,active,medium,True,False,True,False,2
8222,2024-06-24,39,low,low,True,True,True,False,1
8223,2024-12-31,18,active,high,True,True,True,True,1
8224,2025-02-06,24,medium,high,True,False,False,False,1
8225,2024-01-30,21,active,medium,True,True,True,True,1
8226,2024-10-09,35,active,low,False,True,True,True,1
8227,2024-04-15,46,active,high,True,True,True,False,2
8228,2024-12-27,65,active,low,True,True,True,True,1
8229,2024-06-30,20,low,medium,False,True,True,False,0
8230,2025-07-30,21,medium,medium,False,False,True,False,0
8231,2024-07-30,28,medium,high,True,False,True,True,1
8232,2024-09-01,25,super_active,medium,False,False,True,True,1
8233,2025-01-02,18,medium,low,True,False,True,True,1
8234,2024-04-30,24,medium,high,True,True,True,True,3
8235,2025-08-19,52,medium,medium,False,False,False,True,1
8236,2024-09-21,18,medium,medium,True,False,False,False,1
8237,2025-09-06,44,active,medium,True,False,False,False,3
8238,2024-12-07,25,low,medium,True,False,False,True,3
8239,2024-12-03,24,super_active,high,False,True,False,False,0
8240,2025-05-18,24,active,low,True,False,True,True,1
8241,2025-01-05,48,super_active,high,False,False,True,False,1
8242,2025-02-15,36,medium,low,True,False,True,False,2
8243,2025-04-22,48,low,medium,False,False,False,False,1
8244,2024-04-28,36,medium,low,False,False,True,True,2
8245,2024-03-16,23,active,high,False,False,False,False,1
8246,2024-08-10,59,active,low,False,False,True,True,0
8247,2024-12-04,57,active,medium,False,False,True,True,1
8248,2024-06-17,22,low,medium,True,False,True,True,0
8249,2025-03-30,61,one_time,high,True,True,True,True,1
8250,2024-07-17,51,active,medium,True,False,True,True,1
8251,2024-04-02,50,medium,high,False,False,True,True,3
8252,2024-03-13,37,active,low,True,False,False,True,2
8253,2025-04-10,57,active,medium,False,True,True,True,1
8254,2025-12-09,59,medium,high,True,True,True,True,0
8255,2025-06-21,21,active,low,True,False,True,True,1
8256,2025-06-30,56,medium,high,True,False,True,True,2
8257,2024-05-29,38,medium,low,True,False,True,False,0
8258,2024-04-03,39,medium,low,True,False,False,True,0
8259,2024-09-01,28,medium,low,True,False,True,False,0
8260,2024-09-08,41,super_active,medium,False,False,True,True,0
8261,2025-07-28,28,medium,high,True,False,False,False,0
8262,2024-07-27,49,low,high,False,False,True,True,1
8263,2024-06-12,55,medium,medium,True,False,True,True,2
8264,2024-09-27,31,medium,low,False,False,True,True,0
8265,2025-11-27,59,low,low,True,False,True,True,1
8266,2025-04-04,34,low,high,False,True,False,True,1
8267,2024-09-18,23,super_active,low,False,True,False,False,1
8268,2025-03-07,25,one_time,medium,True,False,True,False,2
8269,2025-10-29,22,medium,low,True,True,False,True,2
8270,2024-06-03,36,active,low,False,False,True,True,0
8271,2024-03-11,57,active,high,False,True,True,False,1
8272,2024-07-02,54,active,medium,False,False,True,True,0
8273,2024-07-26,49,one_time,medium,True,False,True,True,0
8274,2025-07-03,57,medium,medium,True,False,True,True,1
8275,2024-07-21,44,low,high,False,True,True,False,0
8276,2024-12-01,32,super_active,medium,False,False,True,False,3
8277,2025-10-19,52,super_active,low,True,False,False,False,1
8278,2025-06-29,19,medium,high,False,False,False,True,3
8279,2025-12-12,32,active,medium,False,True,True,True,1
8280,2025-11-17,27,one_time,medium,True,False,True,True,0
8281,2024-04-24,31,active,low,True,True,True,False,0
8282,2024-08-21,55,medium,medium,True,False,True,True,0
8283,2024-03-01,41,one_time,high,True,False,True,True,0
8284,2024-02-09,34,super_active,medium,False,False,True,True,1
8285,2025-04-14,38,active,medium,True,False,False,False,1
8286,2025-12-24,47,super_active,high,True,False,True,False,1
8287,2024-07-08,28,one_time,medium,True,False,False,True,0
8288,2025-12-05,49,medium,high,True,True,True,True,1
8289,2025-07-27,43,one_time,medium,False,True,True,True,1
8290,2024-01-09,56,medium,high,True,False,True,True,0
8291,2025-04-13,25,active,medium,True,False,True,False,0
8292,2025-10-18,35,low,high,True,False,True,True,2
8293,2025-01-10,58,active,high,False,True,False,True,0
8294,2024-07-28,62,low,medium,True,False,True,False,0
8295,2025-06-14,23,one_time,low,True,False,True,True,1
8296,2025-11-08,53,active,high,False,False,True,True,2
8297,2025-03-27,52,medium,high,False,False,True,False,0
8298,2024-06-28,18,super_active,low,True,False,False,True,0
8299,2025-06-26,37,active,medium,False,True,True,False,2
8300,2024-08-20,56,one_time,medium,True,True,True,True,0
8301,2024-04-16,46,low,medium,False,False,True,True,0
8302,2024-02-19,65,super_active,medium,False,False,False,False,1
8303,2024-09-05,65,medium,low,True,True,True,False,2
8304,2024-02-29,42,medium,high,True,False,True,False,1
8305,2025-08-19,37,super_active,high,False,False,True,True,1
8306,2025-06-10,60,medium,low,False,True,True,True,3
8307,2025-08-19,46,medium,medium,False,True,False,False,1
8308,2024-12-16,31,one_time,high,True,False,True,True,0
8309,2025-10-01,23,super_active,low,False,True,False,True,1
8310,2025-12-22,48,active,low,False,False,False,True,1
8311,2025-01-01,21,medium,high,False,False,True,False,2
8312,2024-04-16,26,super_active,medium,True,True,False,False,2
8313,2024-09-14,40,medium,low,True,True,True,True,2
8314,2025-09-24,39,one_time,low,True,False,False,False,1
8315,2025-08-01,52,medium,high,True,False,True,False,2
8316,2024-11-29,59,medium,medium,True,False,True,False,2
8317,2025-08-18,25,super_active,low,True,False,True,False,0
8318,2024-04-13,27,medium,medium,True,True,True,False,0
8319,2024-03-17,28,active,high,True,False,True,True,1
8320,2025-01-11,49,active,medium,True,True,False,True,1
8321,2024-12-23,38,active,medium,True,True,True,False,1
8322,2024-11-01,34,active,medium,False,True,True,False,1
8323,2024-12-14,54,low,medium,True,False,False,True,1
8324,2025-10-19,40,super_active,medium,True,False,True,True,0
8325,2024-12-24,46,super_active,high,False,False,True,True,3
8326,2024-09-15,61,medium,medium,True,False,True,False,3
8327,2024-06-17,28,active,low,True,False,True,True,2
8328,2024-07-20,37,super_active,high,True,False,True,False,2
8329,2024-07-08,31,active,low,True,True,False,False,1
8330,2025-06-09,57,low,low,True,False,False,True,0
8331,2024-06-03,26,medium,high,True,False,False,True,0
8332,2025-01-03,62,active,high,False,True,True,False,1
8333,2024-08-10,34,active,medium,False,False,False,True,2
8334,2024-03-05,36,active,medium,True,True,False,False,1
8335,2024-01-01,62,active,high,True,False,False,True,2
8336,2024-09-01,20,medium,low,True,True,True,True,3
8337,2025-08-03,32,medium,low,True,False,True,True,2
8338,2024-11-03,54,active,high,False,False,True,True,1
8339,2025-02-28,59,medium,medium,False,False,True,False,1
8340,2024-02-21,24,active,medium,True,False,True,False,2
8341,2025-12-14,58,medium,medium,True,False,True,True,0
8342,2024-09-24,28,medium,low,True,True,True,True,1
8343,2024-05-25,55,medium,low,True,False,True,False,0
8344,2025-07-28,32,one_time,high,False,False,True,True,0
8345,2024-09-01,38,super_active,high,False,False,True,False,1
8346,2024-02-08,50,super_active,high,False,False,True,True,2
8347,2024-04-16,52,super_active,medium,True,False,True,True,0
8348,2024-12-08,46,low,medium,False,True,True,False,2
8349,2025-06-27,39,medium,high,True,True,False,False,1
8350,2025-11-18,53,active,high,False,False,True,False,1
8351,2024-08-20,46,medium,low,True,False,False,True,2
8352,2024-07-23,50,medium,medium,True,False,True,True,3
8353,2024-05-09,50,active,high,False,True,True,False,3
8354,2025-04-22,31,active,medium,True,False,True,True,0
8355,2024-10-17,56,active,high,False,False,True,True,1
8356,2024-09-07,37,one_time,low,False,False,True,False,0
8357,2024-12-29,44,active,medium,True,False,True,False,1
8358,2025-10-13,38,super_active,low,True,True,False,False,1
8359,2025-08-02,61,medium,high,False,False,False,True,0
8360,2024-11-10,55,super_active,medium,False,True,True,True,2
8361,2025-06-03,46,medium,high,False,False,True,True,3
8362,2024-02-14,42,medium,high,True,False,True,True,1
8363,2024-01-26,59,medium,high,True,True,True,True,1
8364,2025-10-04,36,active,medium,True,True,False,False,1
8365,2024-07-10,59,super_active,low,True,False,False,True,1
8366,2025-12-14,21,active,medium,False,False,True,True,2
8367,2025-09-17,58,medium,high,True,True,False,False,0
8368,2024-07-23,30,medium,high,True,False,False,False,1
8369,2025-10-04,20,medium,low,True,True,True,False,0
8370,2025-02-06,55,low,high,True,False,True,False,1
8371,2025-05-03,49,low,high,False,False,True,True,2
8372,2025-10-20,30,medium,high,False,True,False,True,0
8373,2025-04-29,62,active,high,False,False,True,False,0
8374,2024-10-12,49,super_active,low,False,False,True,False,1
8375,2025-05-09,21,low,low,True,True,True,False,0
8376,2025-06-11,55,medium,low,False,True,True,True,0
8377,2024-09-24,20,medium,low,True,True,True,True,0
8378,2025-06-25,48,medium,low,True,False,True,True,3
8379,2025-08-28,49,one_time,medium,True,True,True,False,3
8380,2024-01-17,19,active,high,False,False,True,False,0
8381,2024-11-24,20,active,low,False,True,False,False,1
8382,2024-03-15,52,active,medium,False,True,True,False,1
8383,2024-06-16,33,active,low,True,True,True,True,3
8384,2025-05-26,61,medium,high,False,False,True,False,2
8385,2025-05-07,30,medium,medium,True,False,True,True,2
8386,2024-06-05,33,medium,medium,True,False,True,True,0
8387,2025-11-18,46,super_active,high,True,False,True,True,0
8388,2025-08-31,37,low,medium,False,False,True,True,1
8389,2025-06-03,46,medium,high,False,False,True,False,3
8390,2025-05-05,37,medium,high,True,True,True,False,3
8391,2025-05-03,34,low,low,False,True,False,False,2
8392,2024-04-24,55,active,low,True,False,True,True,2
8393,2024-01-10,60,low,medium,True,False,False,False,1
8394,2025-01-16,54,active,high,True,False,False,True,1
8395,2025-07-31,20,active,low,False,True,True,True,0
8396,2025-02-01,46,active,medium,False,False,True,False,3
8397,2024-12-29,57,active,low,True,True,False,False,3
8398,2025-10-07,25,one_time,high,False,True,True,False,0
8399,2024-03-26,46,super_active,low,False,True,True,False,1
8400,2025-12-13,25,active,medium,False,False,False,True,0
8401,2025-10-05,49,active,high,False,False,False,False,1
8402,2024-12-24,54,medium,medium,True,False,True,False,3
8403,2024-07-27,49,low,high,False,False,False,True,0
8404,2025-07-28,33,medium,medium,True,True,True,True,0
8405,2025-04-15,45,low,high,True,False,True,True,1
8406,2024-04-15,26,low,medium,True,False,False,True,3
8407,2024-08-13,35,medium,high,True,False,False,True,0
8408,2024-09-24,37,medium,low,True,False,False,True,1
8409,2024-09-15,27,super_active,high,True,False,False,True,0
8410,2025-04-25,47,active,medium,True,False,True,False,1
8411,2025-08-26,64,active,medium,True,True,False,False,0
8412,2024-01-07,52,low,high,False,False,False,True,1
8413,2025-10-07,59,super_active,low,True,False,True,False,2
8414,2025-10-18,20,active,medium,True,False,True,True,2
8415,2024-12-19,36,medium,medium,False,True,False,True,0
8416,2024-06-30,19,medium,high,False,False,True,False,0
8417,2024-09-13,55,medium,low,True,True,False,False,2
8418,2025-02-23,59,active,low,False,True,False,True,1
8419,2024-09-15,52,super_active,high,True,False,True,True,0
8420,2024-12-07,49,active,medium,False,True,False,False,2
8421,2024-09-21,47,active,medium,True,True,True,True,2
8422,2025-08-29,37,active,high,True,False,True,False,0
8423,2024-11-06,44,super_active,medium,False,True,False,True,0
8424,2025-04-22,44,low,high,True,False,True,False,1
8425,2025-08-17,47,active,high,False,False,True,True,2
8426,2024-03-19,26,medium,high,True,False,True,False,3
8427,2024-07-26,38,medium,low,True,False,True,False,2
8428,2024-11-02,32,low,high,False,False,False,True,0
8429,2025-04-28,65,low,medium,True,False,True,False,1
8430,2025-08-16,39,super_active,medium,True,False,True,True,1
8431,2025-04-30,55,super_active,high,True,False,False,True,1
8432,2025-12-20,23,active,medium,True,True,True,True,3
8433,2025-07-16,44,active,low,True,False,False,False,1
8434,2024-09-03,50,medium,medium,True,False,True,False,2
8435,2025-02-27,51,active,low,True,False,False,True,1
8436,2025-09-23,63,active,high,True,False,False,True,2
8437,2024-07-26,34,low,low,True,True,True,True,1
8438,2025-08-28,54,medium,low,True,False,False,False,1
8439,2024-04-16,27,active,low,False,False,False,False,2
8440,2025-03-06,25,active,high,True,True,True,True,1
8441,2025-11-10,20,medium,high,False,False,True,False,1
8442,2025-09-18,59,medium,high,True,False,True,False,0
8443,2025-10-30,19,active,medium,True,True,True,True,1
8444,2024-11-21,38,medium,low,True,True,True,True,0
8445,2025-04-19,50,active,high,True,False,True,False,0
8446,2024-05-18,35,one_time,high,True,True,True,False,1
8447,2024-07-03,48,medium,medium,True,True,True,False,2
8448,2025-02-18,64,one_time,medium,False,False,True,True,0
8449,2024-10-13,37,active,medium,False,False,True,True,0
8450,2025-12-19,28,active,low,True,False,True,True,1
8451,2024-07-08,28,active,low,True,False,True,True,3
8452,2024-09-13,22,super_active,medium,True,False,True,True,2
8453,2024-06-28,49,active,high,False,False,True,False,2
8454,2025-09-14,31,active,high,False,True,False,False,0
8455,2024-12-24,53,one_time,low,True,True,True,False,1
8456,2024-03-12,18,medium,low,True,True,False,True,1
8457,2025-03-06,58,low,medium,True,False,True,True,3
8458,2025-07-15,25,medium,high,False,True,True,True,0
8459,2025-12-14,45,medium,low,True,False,True,False,1
8460,2024-04-24,20,active,medium,False,True,True,False,0
8461,2024-10-02,30,medium,medium,False,False,False,True,0
8462,2025-03-21,52,super_active,medium,False,False,False,True,0
8463,2025-12-28,34,active,medium,True,False,True,False,0
8464,2024-05-05,37,medium,high,False,True,True,False,1
8465,2024-12-25,34,medium,medium,False,False,True,True,2
8466,2024-03-27,36,active,medium,True,True,True,True,0
8467,2025-09-19,64,super_active,medium,True,False,False,True,1
8468,2024-02-24,48,active,high,True,False,False,False,1
8469,2025-03-16,50,active,high,False,False,True,True,2
8470,2024-01-28,36,medium,high,True,False,False,False,3
8471,2024-07-01,36,medium,high,False,False,True,False,1
8472,2025-05-11,42,low,low,True,True,False,True,1
8473,2025-09-02,61,one_time,high,True,True,True,True,1
8474,2025-12-08,20,active,high,False,False,True,True,1
8475,2024-09-14,29,medium,medium,True,False,True,False,1
8476,2024-08-20,54,medium,medium,False,False,True,True,3
8477,2025-03-12,27,low,high,True,False,True,True,1
8478,2025-12-27,59,active,medium,False,True,True,True,1
8479,2024-04-20,34,medium,high,False,False,False,False,1
8480,2025-07-26,48,low,low,False,True,True,True,0
8481,2025-09-22,29,low,medium,True,False,True,True,2
8482,2025-07-13,24,active,low,True,False,True,False,3
8483,2024-09-09,39,one_time,low,True,True,True,True,0
8484,2024-05-13,43,super_active,medium,True,False,False,False,2
8485,2024-05-07,25,medium,low,True,False,True,False,0
8486,2024-01-14,57,active,high,True,False,True,True,0
8487,2024-08-25,20,medium,medium,False,True,True,False,0
8488,2025-09-17,24,active,medium,False,False,True,True,3
8489,2024-04-21,38,active,high,False,False,True,True,1
8490,2025-12-23,23,super_active,medium,True,False,True,True,3
8491,2025-05-17,31,one_time,medium,False,False,False,False,1
8492,2024-12-08,43,medium,high,True,True,True,False,1
8493,2024-11-19,26,active,low,False,False,True,True,1
8494,2024-03-29,63,medium,medium,True,False,True,False,1
8495,2024-07-11,20,super_active,medium,False,True,True,False,1
8496,2024-11-18,18,active,high,False,True,True,False,0
8497,2024-01-18,45,low,high,False,True,True,False,2
8498,2024-04-27,29,medium,high,True,False,True,False,0
8499,2025-12-05,65,one_time,low,False,False,True,True,1
8500,2024-07-25,64,active,high,True,False,False,True,1
8501,2025-09-17,33,active,high,True,False,True,True,1
8502,2024-06-30,44,medium,high,True,False,False,True,1
8503,2024-08-21,44,active,medium,True,False,True,True,1
8504,2024-04-15,48,active,low,True,True,False,False,2
8505,2024-08-23,53,super_active,low,True,False,False,False,0
8506,2025-10-30,29,medium,medium,False,True,False,True,0
8507,2025-06-26,44,low,high,False,False,True,True,0
8508,2024-05-03,51,medium,medium,True,True,True,True,1
8509,2024-02-04,53,active,low,False,False,False,False,0
8510,2024-11-19,45,active,high,False,False,True,True,0
8511,2024-01-29,33,medium,medium,False,True,False,True,3
8512,2024-08-03,48,super_active,low,True,False,True,True,1
8513,2024-04-28,44,low,medium,True,False,True,True,1
8514,2025-07-08,50,one_time,low,True,True,False,True,2
8515,2025-01-23,37,active,low,True,True,True,True,0
8516,2025-08-20,49,active,low,False,False,False,True,1
8517,2025-01-23,40,super_active,medium,True,True,False,True,1
8518,2024-03-11,27,medium,low,True,True,False,False,0
8519,2024-09-16,25,active,medium,True,False,True,True,0
8520,2024-12-10,59,low,medium,True,True,False,True,1
8521,2024-02-06,20,medium,high,True,True,True,True,1
8522,2024-03-18,50,super_active,high,False,False,True,True,2
8523,2024-08-08,43,active,medium,True,True,True,True,1
8524,2025-02-10,46,super_active,medium,True,False,True,False,1
8525,2025-04-13,48,active,medium,False,False,False,True,0
8526,2025-04-20,29,super_active,medium,True,True,False,True,3
8527,2025-11-05,62,medium,high,True,False,True,True,1
8528,2025-11-15,40,active,low,True,True,True,True,2
8529,2025-06-26,37,medium,high,True,True,True,True,1
8530,2024-02-17,57,active,high,False,False,True,False,2
8531,2024-11-24,42,active,medium,False,False,True,True,1
8532,2025-04-19,44,low,medium,True,False,False,True,2
8533,2024-06-08,24,active,low,True,False,True,True,1
8534,2025-04-24,24,active,medium,True,False,False,True,2
8535,2025-03-12,36,one_time,high,False,False,False,False,2
8536,2024-11-14,35,medium,low,True,True,True,True,1
8537,2025-03-17,58,active,medium,True,False,True,True,1
8538,2025-02-02,36,medium,low,False,False,True,True,1
8539,2025-08-03,26,super_active,medium,False,False,True,True,1
8540,2024-07-21,55,low,medium,False,False,True,True,1
8541,2025-01-21,26,active,medium,False,False,True,True,2
8542,2024-06-19,54,medium,high,False,False,False,True,3
8543,2024-04-28,62,low,medium,False,False,True,False,2
8544,2025-02-22,60,active,medium,True,True,True,True,3
8545,2024-08-08,34,medium,high,True,False,False,True,2
8546,2024-09-09,48,medium,medium,False,False,True,True,1
8547,2024-03-17,48,super_active,medium,False,False,True,True,0
8548,2024-07-18,25,active,high,False,False,True,False,0
8549,2024-01-22,33,active,low,True,False,True,True,2
8550,2024-04-12,55,active,medium,False,False,True,False,1
8551,2025-06-15,61,super_active,low,False,False,True,True,0
8552,2025-11-06,29,medium,medium,True,True,True,True,1
8553,2025-04-18,54,medium,medium,False,False,True,True,1
8554,2025-04-07,56,low,medium,False,False,True,True,0
8555,2025-11-25,22,active,low,True,True,True,True,0
8556,2025-06-11,51,low,high,True,False,True,False,2
8557,2024-05-11,29,low,low,True,False,False,False,2
8558,2024-06-19,55,one_time,medium,True,True,True,False,0
8559,2024-12-28,24,active,medium,False,True,False,False,0
8560,2025-01-16,58,medium,low,True,False,True,True,1
8561,2024-03-31,58,super_active,low,True,False,True,False,1
8562,2025-11-20,54,super_active,medium,True,False,False,False,1
8563,2024-04-28,29,super_active,low,False,False,False,True,2
8564,2024-10-13,25,active,high,True,False,False,True,1
8565,2024-07-26,24,super_active,medium,True,True,True,False,0
8566,2024-11-01,31,medium,high,False,False,False,True,0
8567,2024-08-31,49,active,high,False,True,False,False,1
8568,2024-08-13,18,medium,medium,True,True,True,True,0
8569,2024-08-08,62,active,high,True,False,True,False,1
8570,2024-05-10,25,medium,low,True,False,False,False,1
8571,2024-07-24,50,super_active,high,True,False,True,False,3
8572,2024-11-12,34,active,high,True,False,True,False,2
8573,2025-11-20,48,active,low,True,True,False,False,1
8574,2025-03-09,38,super_active,high,False,False,True,False,1
8575,2024-09-18,57,active,medium,True,False,True,True,1
8576,2024-03-07,52,one_time,medium,False,False,False,True,2
8577,2024-12-31,58,super_active,low,True,False,True,False,1
8578,2024-03-02,42,active,low,False,True,True,False,0
8579,2025-02-10,64,low,high,False,True,True,False,1
8580,2024-10-11,39,medium,high,False,True,False,True,0
8581,2025-08-02,55,one_time,high,True,False,False,False,0
8582,2024-07-10,32,active,low,True,False,True,False,1
8583,2024-02-25,55,medium,low,True,False,True,False,0
8584,2025-09-07,55,low,medium,True,True,True,False,2
8585,2024-11-01,24,medium,high,True,True,True,True,1
8586,2025-09-02,37,medium,medium,True,False,True,True,0
8587,2025-11-21,26,one_time,medium,False,False,False,False,0
8588,2024-01-27,47,medium,medium,True,False,False,False,0
8589,2024-10-19,24,super_active,high,True,False,True,True,2
8590,2025-12-19,26,medium,medium,True,False,True,True,1
8591,2025-06-17,35,medium,low,True,False,True,True,2
8592,2025-04-02,50,medium,medium,True,False,False,False,3
8593,2024-02-22,32,active,low,True,False,True,False,0
8594,2025-02-09,25,medium,low,True,False,False,False,1
8595,2025-07-09,60,active,medium,False,False,False,False,0
8596,2024-12-07,24,super_active,high,True,False,False,True,0
8597,2025-11-01,29,medium,low,True,False,True,True,3
8598,2024-12-18,46,medium,high,True,False,True,True,1
8599,2024-01-12,44,one_time,high,False,False,True,True,3
8600,2024-01-22,54,active,medium,False,False,True,False,1
8601,2024-10-15,52,low,low,True,False,True,True,2
8602,2024-06-25,45,active,medium,True,False,False,False,0
8603,2025-06-06,28,one_time,high,True,False,False,True,3
8604,2025-07-13,50,super_active,medium,True,False,True,True,1
8605,2024-06-21,49,active,medium,True,False,True,True,2
8606,2024-06-12,24,active,medium,True,False,True,False,3
8607,2024-04-13,21,medium,low,False,True,False,False,2
8608,2025-03-21,56,low,medium,True,True,True,False,3
8609,2024-03-25,65,active,medium,True,False,True,False,0
8610,2025-06-26,41,medium,low,True,False,False,True,2
8611,2024-09-27,63,medium,high,True,False,True,True,1
8612,2024-07-20,32,super_active,low,True,False,True,True,1
8613,2024-04-20,60,medium,low,True,False,False,True,0
8614,2025-06-19,31,one_time,medium,False,True,True,True,1
8615,2024-11-24,39,low,high,True,True,True,True,0
8616,2024-04-19,25,super_active,high,True,False,True,True,1
8617,2024-05-16,43,active,low,False,False,True,False,1
8618,2025-10-05,51,low,high,True,False,True,True,0
8619,2025-10-28,42,active,medium,True,False,True,True,0
8620,2024-02-27,30,super_active,medium,True,False,True,True,2
8621,2025-07-03,23,active,medium,True,False,True,True,1
8622,2024-10-03,57,active,low,False,False,False,True,1
8623,2025-10-04,39,medium,high,False,False,True,True,1
8624,2025-05-12,18,active,medium,True,False,False,True,3
8625,2024-09-12,50,medium,low,False,False,True,True,1
8626,2024-06-20,51,active,medium,False,False,True,True,1
8627,2025-10-07,49,active,medium,False,True,True,True,1
8628,2025-02-28,41,low,medium,True,False,False,True,0
8629,2025-02-13,39,low,low,True,True,True,False,3
8630,2024-10-07,20,medium,medium,True,True,False,False,1
8631,2025-09-30,38,super_active,medium,True,False,True,True,0
8632,2024-01-25,38,active,low,True,True,False,True,2
8633,2024-02-13,34,medium,medium,False,False,True,True,0
8634,2025-12-31,21,active,high,True,True,True,False,1
8635,2024-12-29,50,medium,low,True,True,True,False,3
8636,2024-07-11,57,active,low,True,True,True,True,2
8637,2024-03-06,31,super_active,low,True,True,False,False,0
8638,2025-02-25,40,active,low,False,True,True,False,0
8639,2024-11-22,42,medium,high,True,True,True,True,3
8640,2024-08-06,58,active,medium,False,False,True,False,2
8641,2024-01-26,19,low,high,False,True,True,True,0
8642,2024-05-07,65,medium,low,True,False,True,True,1
8643,2025-10-08,55,super_active,medium,False,True,False,True,1
8644,2024-12-05,59,one_time,medium,True,False,False,False,1
8645,2024-04-28,42,low,low,True,False,True,True,1
8646,2025-04-03,62,active,high,True,False,False,True,1
8647,2025-02-13,25,super_active,medium,False,False,False,True,3
8648,2025-12-24,23,super_active,medium,True,False,False,True,2
8649,2025-08-20,18,active,low,False,False,False,True,3
8650,2025-06-10,59,medium,medium,False,False,True,True,3
8651,2024-09-09,30,super_active,low,False,False,True,True,1
8652,2024-08-11,22,medium,low,True,False,False,True,3
8653,2025-12-20,27,low,medium,False,True,False,True,0
8654,2024-07-17,35,super_active,low,False,False,False,True,0
8655,2025-02-10,34,medium,high,False,False,False,True,1
8656,2025-10-28,53,active,high,True,True,False,False,2
8657,2025-11-09,54,low,medium,False,False,True,True,1
8658,2025-08-28,44,active,low,False,False,True,True,1
8659,2024-03-19,46,active,medium,True,True,True,True,1
8660,2025-12-14,25,active,high,True,True,True,True,0
8661,2024-01-20,38,medium,medium,False,False,True,True,2
8662,2025-04-08,30,one_time,medium,False,True,True,True,0
8663,2025-01-06,22,active,medium,True,False,False,False,0
8664,2025-05-28,42,medium,medium,True,True,True,True,0
8665,2025-10-11,56,active,medium,True,True,False,True,1
8666,2024-04-14,43,one_time,high,True,False,True,True,3
8667,2024-06-28,61,active,low,False,True,True,False,1
8668,2025-10-06,19,active,medium,False,False,True,False,2
8669,2025-05-22,48,medium,medium,False,False,False,True,2
8670,2025-02-01,63,active,high,False,False,True,False,0
8671,2025-04-15,26,low,high,True,True,True,True,2
8672,2025-10-24,60,super_active,medium,False,True,True,True,2
8673,2024-09-20,37,active,low,False,False,False,True,1
8674,2024-12-12,19,active,medium,False,True,False,False,1
8675,2024-12-17,20,medium,medium,True,False,False,True,2
8676,2025-09-25,40,active,low,False,False,False,True,0
8677,2025-04-11,18,super_active,high,True,False,True,True,2
8678,2025-10-31,51,medium,low,False,False,True,True,2
8679,2025-02-18,59,medium,low,True,False,False,False,2
8680,2024-09-24,39,medium,medium,False,True,True,True,0
8681,2025-02-28,58,active,low,True,False,True,True,1
8682,2025-09-28,29,medium,high,False,True,True,True,1
8683,2024-02-28,50,medium,low,False,True,True,True,2
8684,2025-09-20,53,active,low,False,True,True,True,0
8685,2024-04-28,49,active,high,False,False,True,True,3
8686,2024-02-22,26,low,high,True,False,True,False,1
8687,2024-10-20,23,active,medium,False,False,True,True,0
8688,2025-05-26,38,active,low,True,True,False,True,0
8689,2024-08-14,59,active,medium,True,True,True,False,1
8690,2024-05-27,56,active,high,False,False,True,False,2
8691,2024-06-06,44,active,high,True,False,True,False,0
8692,2025-02-04,38,medium,medium,True,True,True,True,0
8693,2024-08-07,43,super_active,high,True,True,False,True,1
8694,2025-03-22,20,low,high,True,True,True,True,2
8695,2024-12-29,36,super_active,high,False,True,False,True,0
8696,2025-10-10,56,active,high,False,True,True,True,1
8697,2024-08-30,41,active,medium,False,False,True,True,2
8698,2025-02-23,29,active,high,True,True,False,True,3
8699,2025-02-01,50,medium,medium,True,False,False,False,1
8700,2024-03-14,24,active,medium,True,False,True,False,1
8701,2025-03-26,36,medium,high,False,False,True,True,1
8702,2024-05-19,40,active,medium,True,False,True,False,0
8703,2024-09-07,37,medium,high,True,False,True,False,2
8704,2024-11-05,59,super_active,low,True,True,True,False,0
8705,2025-09-13,60,active,low,False,False,False,True,1
8706,2024-03-06,59,low,low,True,False,True,False,0
8707,2025-04-04,25,active,medium,False,False,True,True,1
8708,2025-05-27,45,active,high,False,True,True,True,1
8709,2024-01-27,51,medium,high,False,False,True,True,1
8710,2024-09-04,34,medium,high,True,False,True,False,1
8711,2024-03-14,61,active,high,False,False,True,True,1
8712,2024-10-23,43,super_active,medium,False,False,True,False,0
8713,2024-02-21,55,medium,high,True,True,True,False,1
8714,2024-12-23,31,low,medium,True,True,True,False,1
8715,2025-07-02,32,medium,high,False,True,True,True,0
8716,2025-07-03,39,medium,high,False,False,True,True,2
8717,2024-12-03,48,active,high,True,False,True,True,0
8718,2024-07-18,56,medium,low,True,True,True,False,0
8719,2024-02-28,20,super_active,high,True,True,False,False,0
8720,2025-01-07,53,medium,low,True,True,True,False,3
8721,2025-03-21,63,low,high,False,False,True,True,2
8722,2024-06-07,46,medium,high,True,True,False,True,2
8723,2025-11-23,23,active,low,True,False,True,True,0
8724,2025-03-29,36,active,low,True,False,True,True,0
8725,2024-09-20,51,one_time,high,True,False,True,True,2
8726,2025-03-18,52,super_active,medium,False,False,True,True,1
8727,2024-09-11,52,super_active,high,True,False,True,False,2
8728,2025-09-27,49,medium,high,True,True,True,True,3
8729,2025-07-09,54,active,medium,False,False,False,False,1
8730,2024-04-08,35,medium,high,True,False,True,True,1
8731,2024-05-31,19,active,medium,True,False,True,False,2
8732,2024-05-24,62,active,medium,True,False,False,False,2
8733,2024-09-25,62,medium,low,True,False,True,False,0
8734,2024-03-31,32,active,medium,True,False,False,True,0
8735,2025-02-26,18,low,high,False,False,False,True,1
8736,2025-03-30,59,active,medium,True,False,True,True,2
8737,2025-07-12,56,medium,low,False,False,True,True,3
8738,2025-07-03,59,one_time,low,True,False,True,False,2
8739,2024-06-13,54,active,high,True,False,True,True,0
8740,2025-04-21,40,low,medium,True,False,False,True,2
8741,2025-02-22,56,super_active,medium,False,False,False,False,2
8742,2025-07-09,43,active,medium,False,True,False,False,1
8743,2025-11-03,35,active,high,True,False,True,False,1
8744,2025-08-07,36,active,high,False,True,True,False,3
8745,2025-01-03,45,super_active,low,True,True,True,True,0
8746,2024-01-07,43,medium,low,True,False,True,True,1
8747,2024-05-21,50,medium,low,True,True,False,True,1
8748,2024-11-21,25,low,high,False,False,False,True,1
8749,2024-09-05,61,medium,high,False,True,False,True,0
8750,2025-03-10,18,one_time,low,False,False,False,True,1
8751,2025-07-22,43,low,medium,True,False,True,True,0
8752,2025-05-25,62,low,high,True,False,True,False,1
8753,2025-02-20,52,active,low,True,False,True,True,1
8754,2025-12-29,51,one_time,medium,False,False,True,False,2
8755,2025-09-01,35,low,high,False,False,True,True,0
8756,2024-04-04,29,active,medium,True,False,True,False,1
8757,2025-09-18,50,super_active,low,False,True,True,False,0
8758,2025-01-06,43,active,low,True,False,True,True,1
8759,2024-05-22,56,medium,medium,True,False,True,True,3
8760,2025-07-25,30,medium,low,True,True,True,True,0
8761,2024-05-08,25,medium,medium,True,False,True,True,1
8762,2024-07-19,35,medium,medium,False,True,True,True,0
8763,2024-07-02,43,active,low,True,False,False,True,1
8764,2024-11-22,53,super_active,medium,True,True,True,True,1
8765,2025-04-28,38,active,low,True,False,True,True,1
8766,2024-05-29,54,super_active,high,False,True,True,False,1
8767,2025-01-18,31,low,medium,True,True,True,True,1
8768,2025-08-16,56,low,medium,True,False,False,False,2
8769,2025-03-19,57,active,high,False,False,True,False,2
8770,2024-08-24,58,active,high,True,True,True,True,1
8771,2024-11-28,29,medium,medium,True,False,True,False,0
8772,2024-07-31,49,medium,medium,True,False,True,True,2
8773,2024-10-11,29,medium,high,False,False,False,False,0
8774,2024-09-14,37,active,high,False,False,False,False,1
8775,2024-08-08,31,medium,medium,False,False,True,False,0
8776,2024-06-16,49,low,high,False,False,True,True,2
8777,2025-01-04,32,medium,high,False,True,True,True,1
8778,2024-03-03,57,medium,medium,False,False,False,True,1
8779,2025-10-11,38,super_active,high,True,True,True,True,0
8780,2024-10-28,52,active,medium,True,False,True,False,1
8781,2025-01-13,52,super_active,high,False,True,True,True,2
8782,2024-01-24,29,low,high,False,False,False,True,0
8783,2025-07-16,54,active,medium,True,True,False,False,1
8784,2025-07-25,43,super_active,low,True,False,True,True,1
8785,2024-03-02,35,active,high,False,False,True,True,0
8786,2024-08-29,24,active,high,True,True,True,False,1
8787,2024-01-13,18,medium,medium,True,False,False,True,2
8788,2024-05-20,50,active,low,True,False,True,False,1
8789,2024-12-21,64,active,high,False,False,True,True,0
8790,2025-01-03,64,medium,medium,True,False,True,False,1
8791,2025-09-25,63,super_active,high,True,True,True,False,1
8792,2025-10-22,47,low,medium,True,False,False,True,1
8793,2024-04-04,57,low,high,False,True,True,False,1
8794,2024-04-23,22,super_active,low,False,False,False,True,2
8795,2024-08-25,30,medium,low,True,True,True,False,1
8796,2025-08-26,22,low,low,True,False,True,False,1
8797,2024-09-30,40,active,high,False,False,True,True,1
8798,2025-12-31,43,low,medium,True,True,True,False,2
8799,2024-02-15,19,active,medium,True,True,True,True,0
8800,2025-04-30,27,low,high,True,False,False,True,2
8801,2025-07-20,44,super_active,high,True,False,True,True,0
8802,2024-10-12,33,active,high,False,False,False,False,0
8803,2024-11-15,52,medium,medium,True,False,True,True,0
8804,2024-01-31,42,super_active,high,True,False,False,True,0
8805,2024-11-07,61,one_time,low,False,True,False,False,1
8806,2024-12-01,30,low,low,True,False,True,False,2
8807,2025-05-31,65,medium,medium,True,True,True,False,1
8808,2024-04-28,58,medium,low,True,False,True,False,2
8809,2025-10-21,59,active,medium,True,True,True,False,0
8810,2025-02-25,39,medium,low,True,False,True,True,0
8811,2025-07-23,25,active,high,True,False,True,False,1
8812,2025-03-25,62,low,high,True,False,False,True,0
8813,2025-04-13,56,active,low,True,False,False,True,0
8814,2024-04-14,64,low,medium,True,False,True,True,1
8815,2025-08-07,33,super_active,high,True,True,True,False,1
8816,2024-10-02,19,active,low,True,True,True,True,0
8817,2025-08-14,43,low,high,True,False,True,False,3
8818,2024-01-01,54,medium,medium,True,True,False,True,2
8819,2025-06-25,33,low,medium,False,True,False,True,1
8820,2025-04-24,58,active,medium,False,True,True,True,0
8821,2024-09-12,52,one_time,low,False,False,True,True,1
8822,2025-03-07,25,medium,medium,False,False,True,True,3
8823,2025-10-19,23,low,high,False,True,False,False,1
8824,2024-07-15,23,medium,high,True,False,True,True,1
8825,2025-11-29,63,active,high,True,False,False,False,0
8826,2024-03-16,56,super_active,high,True,True,False,True,2
8827,2024-05-23,25,medium,high,True,False,True,False,0
8828,2025-05-03,34,active,low,True,False,False,True,1
8829,2024-04-16,59,low,medium,True,False,False,True,1
8830,2024-06-21,40,medium,medium,True,True,True,True,0
8831,2024-11-27,28,active,medium,False,True,True,True,3
8832,2025-05-27,29,medium,high,True,False,True,True,0
8833,2024-02-08,49,active,medium,True,True,True,False,0
8834,2025-02-11,57,low,high,True,False,True,True,0
8835,2024-12-18,25,medium,medium,True,False,True,True,0
8836,2024-08-26,46,active,medium,False,False,False,True,2
8837,2024-12-18,22,active,low,False,False,True,False,1
8838,2025-11-19,48,low,medium,False,False,True,False,0
8839,2024-11-08,25,medium,low,True,False,True,True,0
8840,2024-03-24,65,medium,medium,False,False,True,False,0
8841,2025-03-08,51,super_active,high,True,False,True,False,1
8842,2025-10-13,39,super_active,low,True,False,True,False,0
8843,2024-11-17,35,active,low,True,False,False,False,0
8844,2025-06-09,19,active,high,True,False,True,False,0
8845,2024-05-12,39,active,low,True,True,True,False,0
8846,2024-05-22,38,active,medium,False,False,False,True,2
8847,2024-10-19,40,active,high,True,False,True,True,0
8848,2025-09-13,48,active,medium,True,False,False,True,2
8849,2025-09-14,34,active,low,False,True,True,False,0
8850,2025-10-09,60,active,low,False,False,True,True,1
8851,2024-09-30,62,active,medium,True,False,False,True,1
8852,2025-03-07,36,active,medium,True,False,True,False,2
8853,2024-10-14,46,super_active,high,True,False,True,False,1
8854,2024-03-28,60,low,low,True,True,True,True,0
8855,2025-05-27,44,super_active,high,True,False,False,True,0
8856,2025-10-18,41,super_active,low,False,True,False,False,0
8857,2024-07-06,25,super_active,low,True,False,True,True,0
8858,2024-03-21,54,medium,medium,True,True,True,True,0
8859,2024-11-23,48,active,high,True,True,True,True,1
8860,2024-05-22,45,active,medium,True,False,False,True,0
8861,2024-12-17,58,active,medium,True,False,True,True,1
8862,2025-04-17,47,active,low,False,True,False,True,3
8863,2024-07-11,58,active,high,True,False,False,False,0
8864,2025-05-25,25,medium,high,True,True,True,True,0
8865,2025-05-26,61,active,low,False,True,True,False,1
8866,2024-04-27,53,active,medium,True,False,True,False,0
8867,2024-07-17,62,active,high,False,False,True,True,1
8868,2025-03-06,20,super_active,high,True,False,True,False,2
8869,2024-03-24,49,active,medium,True,False,True,True,1
8870,2025-10-04,43,medium,medium,True,False,True,True,1
8871,2025-04-23,41,medium,low,False,False,True,False,0
8872,2025-02-12,22,low,high,True,True,False,False,1
8873,2025-08-10,49,active,medium,False,False,True,True,2
8874,2025-08-01,45,super_active,low,False,False,False,True,2
8875,2025-10-20,48,medium,medium,True,True,True,True,2
8876,2024-07-05,58,medium,high,True,True,False,False,3
8877,2024-05-18,37,low,low,True,False,False,False,1
8878,2025-08-25,18,active,medium,True,False,False,True,1
8879,2024-03-16,40,low,low,True,True,False,False,1
8880,2024-08-28,55,low,high,True,False,False,False,3
8881,2025-01-20,20,active,medium,False,True,True,False,0
8882,2024-07-22,38,active,high,True,True,False,True,0
8883,2025-08-20,43,super_active,high,False,True,False,True,0
8884,2024-01-03,19,medium,high,False,True,True,True,3
8885,2024-06-29,37,medium,medium,False,False,False,False,2
8886,2025-03-24,18,active,high,True,False,True,False,0
8887,2025-04-26,40,active,low,True,False,False,False,1
8888,2025-09-21,38,medium,high,True,False,False,False,1
8889,2024-12-25,61,super_active,high,False,False,True,False,0
8890,2025-09-13,58,low,high,True,False,True,True,1
8891,2025-01-21,20,low,low,True,False,False,False,3
8892,2025-08-20,22,medium,low,True,False,True,True,0
8893,2025-08-19,18,active,high,True,True,True,True,1
8894,2024-11-28,61,active,medium,False,False,False,False,1
8895,2025-03-13,59,active,medium,True,False,False,True,1
8896,2025-04-03,21,active,high,False,True,True,False,0
8897,2025-01-21,56,active,low,False,False,True,True,1
8898,2024-08-18,50,active,medium,False,True,False,False,1
8899,2025-09-17,40,active,medium,True,False,True,False,1
8900,2025-06-03,58,medium,high,False,True,True,True,1
8901,2024-05-26,37,low,high,True,False,True,True,1
8902,2024-03-13,35,medium,low,True,False,True,False,0
8903,2024-05-03,52,active,low,True,False,False,True,1
8904,2025-07-25,25,super_active,high,True,False,False,True,2
8905,2025-12-29,38,medium,low,True,False,True,True,0
8906,2025-09-25,46,medium,medium,False,False,True,True,1
8907,2025-07-15,27,low,medium,True,False,True,True,0
8908,2025-12-11,20,active,medium,False,False,True,True,1
8909,2024-07-26,40,low,low,False,False,False,True,0
8910,2025-04-09,58,active,high,True,False,False,True,3
8911,2024-12-11,32,medium,high,False,False,True,True,1
8912,2024-10-08,32,active,high,False,False,True,True,1
8913,2024-12-15,46,medium,medium,False,True,True,True,1
8914,2024-10-14,64,active,high,True,False,True,True,2
8915,2024-08-24,44,active,high,False,True,True,True,1
8916,2025-09-26,53,super_active,low,True,True,True,False,2
8917,2024-01-16,49,active,medium,False,False,True,True,1
8918,2025-04-06,59,active,low,True,False,True,True,3
8919,2024-04-01,19,medium,high,True,True,True,True,1
8920,2024-01-27,55,low,low,True,False,True,True,0
8921,2024-12-01,48,active,medium,False,True,True,True,0
8922,2024-07-14,57,active,low,True,False,True,True,0
8923,2024-08-30,58,medium,high,True,False,False,True,0
8924,2025-04-13,43,medium,high,True,True,True,True,0
8925,2024-02-18,37,active,high,True,False,True,True,3
8926,2025-10-09,29,medium,low,True,True,False,True,1
8927,2025-08-04,24,active,low,False,False,False,False,1
8928,2025-05-14,45,medium,medium,True,True,False,True,2
8929,2024-09-06,45,super_active,low,True,True,True,False,1
8930,2025-08-08,19,medium,medium,True,False,True,False,1
8931,2025-01-15,48,low,high,True,False,False,True,1
8932,2025-04-29,51,super_active,medium,True,False,True,True,2
8933,2024-06-17,29,medium,high,True,False,True,True,0
8934,2024-04-30,36,medium,medium,False,False,True,True,0
8935,2025-11-30,51,low,medium,True,True,True,True,1
8936,2024-06-22,38,medium,high,False,True,False,True,1
8937,2024-02-04,21,super_active,low,True,False,True,False,1
8938,2025-08-24,46,active,medium,True,True,True,True,1
8939,2024-01-27,49,super_active,low,False,True,False,True,0
8940,2024-07-26,54,medium,low,True,True,False,True,1
8941,2024-11-08,28,medium,high,True,True,True,True,0
8942,2025-07-29,51,active,medium,True,True,True,True,0
8943,2024-07-19,30,low,medium,False,True,True,False,2
8944,2024-02-24,45,active,low,False,True,True,False,3
8945,2025-03-10,59,medium,high,True,True,False,False,1
8946,2025-12-03,44,medium,low,True,False,True,True,2
8947,2025-12-28,57,medium,high,True,True,False,False,0
8948,2024-01-27,18,active,low,True,False,True,False,1
8949,2025-10-30,59,active,medium,True,True,True,False,1
8950,2024-03-08,54,medium,low,False,False,False,True,1
8951,2024-08-06,62,medium,low,True,False,True,False,0
8952,2025-03-28,60,active,low,True,False,True,True,0
8953,2025-03-01,30,medium,low,True,False,True,False,3
8954,2025-10-01,60,super_active,medium,False,False,True,True,1
8955,2024-03-08,25,active,high,True,True,True,True,0
8956,2024-05-18,25,super_active,high,False,False,True,True,1
8957,2025-08-30,23,low,medium,True,True,False,True,0
8958,2025-11-15,54,super_active,low,True,False,True,False,1
8959,2025-01-05,62,active,low,True,False,True,False,3
8960,2025-02-28,60,active,medium,True,False,True,False,1
8961,2024-03-27,58,low,medium,True,False,True,True,0
8962,2025-03-14,42,medium,medium,False,True,True,False,1
8963,2025-02-05,18,one_time,medium,False,False,True,True,1
8964,2024-09-04,57,active,low,True,False,True,True,2
8965,2025-05-12,18,active,high,False,True,False,True,0
8966,2025-09-24,54,low,low,True,False,True,False,0
8967,2024-09-15,54,active,medium,False,False,True,True,2
8968,2024-11-16,60,active,medium,True,False,False,True,0
8969,2025-08-03,50,medium,medium,True,False,True,False,0
8970,2025-10-08,65,low,medium,False,False,False,True,1
8971,2025-10-24,39,low,high,False,True,True,True,2
8972,2025-11-15,41,active,high,False,False,True,False,3
8973,2025-04-05,24,medium,medium,True,False,True,True,1
8974,2024-05-16,22,low,high,False,True,True,False,1
8975,2025-01-10,62,low,low,False,False,False,False,2
8976,2025-06-30,32,active,high,True,True,True,True,0
8977,2024-04-28,24,active,low,True,False,True,True,2
8978,2025-01-06,42,super_active,medium,True,False,False,False,0
8979,2025-07-03,18,super_active,low,True,False,True,False,0
8980,2025-06-29,36,active,high,True,False,False,False,1
8981,2025-06-25,49,super_active,medium,False,True,True,False,0
8982,2024-05-03,51,active,high,False,True,True,False,1
8983,2025-07-17,61,active,low,True,False,False,True,0
8984,2024-08-24,65,medium,low,False,False,True,False,2
8985,2025-12-20,31,medium,low,False,False,True,False,0
8986,2025-10-26,50,active,high,True,True,False,True,0
8987,2025-07-07,56,low,low,True,False,True,True,2
8988,2024-07-13,21,medium,medium,True,False,True,True,1
8989,2025-03-23,52,active,low,False,True,False,True,1
8990,2024-03-26,41,active,medium,False,False,False,True,0
8991,2025-06-17,50,active,medium,False,True,True,False,3
8992,2025-07-04,22,medium,high,False,True,False,True,2
8993,2024-03-12,62,super_active,medium,True,True,False,False,1
8994,2025-05-07,23,medium,medium,False,False,True,True,0
8995,2025-07-24,60,active,high,True,False,True,False,2
8996,2025-11-06,31,medium,high,True,False,True,False,1
8997,2025-05-23,29,active,low,False,True,False,False,1
8998,2025-06-28,48,active,medium,False,False,True,False,1
8999,2024-03-18,36,active,low,False,True,True,True,1
9000,2025-04-26,34,super_active,medium,False,True,False,True,0
9001,2025-12-28,54,medium,medium,True,True,False,True,2
9002,2025-11-09,44,low,medium,False,False,True,True,0
9003,2025-11-18,58,super_active,medium,True,False,True,True,1
9004,2025-09-03,51,active,high,True,True,False,True,1
9005,2025-12-24,63,medium,medium,True,True,True,True,2
9006,2024-12-26,20,low,medium,False,False,True,True,1
9007,2025-02-20,42,active,low,True,True,True,True,1
9008,2025-09-09,23,super_active,high,False,False,True,True,1
9009,2024-01-04,41,low,medium,False,False,True,False,3
9010,2024-01-19,32,super_active,medium,False,False,True,True,2
9011,2025-01-27,42,low,high,True,False,True,True,2
9012,2024-09-08,63,low,low,False,False,False,False,1
9013,2025-08-28,48,medium,low,True,False,True,True,0
9014,2024-08-24,60,active,medium,True,False,True,True,2
9015,2024-06-22,53,active,low,True,True,True,True,0
9016,2024-02-07,56,one_time,medium,False,False,True,False,3
9017,2025-09-24,30,one_time,medium,True,False,True,True,1
9018,2025-07-08,35,medium,low,False,False,False,True,0
9019,2024-08-16,23,active,low,True,True,True,True,1
9020,2024-08-05,62,super_active,low,True,False,True,False,2
9021,2024-03-11,23,medium,high,False,True,True,False,3
9022,2025-01-15,62,medium,high,False,False,True,False,2
9023,2024-07-14,47,medium,medium,False,False,True,False,1
9024,2025-07-05,60,low,medium,False,False,False,True,1
9025,2024-01-13,31,active,medium,True,True,True,False,2
9026,2025-12-27,38,active,low,True,False,False,False,2
9027,2025-02-18,35,low,medium,True,False,True,True,3
9028,2025-11-29,49,low,high,True,True,True,True,0
9029,2025-01-26,38,active,medium,True,False,True,False,3
9030,2025-03-30,26,one_time,low,True,False,False,False,1
9031,2025-05-01,63,active,high,True,False,True,True,1
9032,2025-01-14,40,active,high,False,False,True,False,1
9033,2024-06-24,25,active,low,True,False,False,True,2
9034,2025-11-23,30,medium,high,False,True,True,False,2
9035,2024-05-02,45,low,high,False,False,False,True,1
9036,2024-05-15,32,medium,high,True,True,False,True,0
9037,2025-12-27,34,active,high,False,False,True,False,1
9038,2024-06-09,43,medium,high,False,False,False,False,2
9039,2025-05-10,30,super_active,high,True,False,True,True,2
9040,2025-04-22,60,medium,high,True,False,True,False,1
9041,2025-09-11,41,medium,high,True,False,True,True,0
9042,2025-09-25,22,active,medium,True,False,True,False,2
9043,2025-10-30,48,medium,medium,True,True,True,True,0
9044,2025-03-11,41,low,medium,False,True,True,True,1
9045,2025-12-21,46,super_active,low,True,False,True,True,0
9046,2025-07-27,41,active,medium,True,False,False,True,2
9047,2025-04-19,45,super_active,high,False,True,True,False,3
9048,2025-11-06,51,low,high,True,False,True,False,1
9049,2025-07-20,24,active,low,True,False,True,True,1
9050,2025-07-25,25,active,high,False,False,False,True,1
9051,2024-03-30,61,active,medium,True,False,True,False,3
9052,2024-10-14,31,active,medium,True,False,True,False,0
9053,2025-10-26,60,active,high,False,True,False,True,1
9054,2024-10-17,39,super_active,high,True,False,True,False,1
9055,2025-03-19,20,active,high,False,False,True,False,1
9056,2025-05-08,61,active,low,False,False,False,True,1
9057,2025-10-19,37,active,low,False,False,True,True,0
9058,2025-11-02,37,active,medium,False,True,True,False,0
9059,2024-05-06,19,medium,high,False,True,True,False,1
9060,2025-02-05,51,active,high,True,False,True,True,2
9061,2024-04-09,21,active,high,True,True,True,True,1
9062,2024-06-30,29,low,medium,True,True,False,True,1
9063,2025-07-10,20,medium,low,False,False,True,False,1
9064,2024-07-17,21,active,low,False,True,True,True,0
9065,2024-02-28,49,medium,low,True,True,True,True,0
9066,2025-02-03,36,active,high,True,False,False,False,1
9067,2025-03-27,35,medium,high,True,True,True,False,1
9068,2025-09-21,37,super_active,high,False,False,True,True,0
9069,2025-01-26,65,super_active,high,True,False,True,True,0
9070,2025-11-12,30,medium,high,False,True,True,True,1
9071,2024-12-21,51,active,medium,True,False,True,True,1
9072,2025-05-19,41,medium,low,True,False,True,True,2
9073,2024-02-24,46,medium,high,True,True,False,True,0
9074,2025-07-11,38,active,medium,True,False,True,True,0
9075,2025-06-27,52,super_active,medium,True,True,True,False,0
9076,2025-09-09,37,super_active,low,False,False,True,True,0
9077,2024-05-08,27,medium,low,False,True,True,True,0
9078,2025-09-02,47,low,high,False,True,True,True,2
9079,2025-06-13,60,active,medium,True,True,True,True,1
9080,2025-02-15,29,low,medium,True,True,True,False,1
9081,2024-04-10,57,active,high,True,True,False,False,3
9082,2024-07-03,40,medium,medium,True,False,True,True,1
9083,2024-04-14,55,active,high,False,True,True,False,1
9084,2024-10-19,21,medium,low,False,False,False,True,0
9085,2024-04-13,37,active,medium,True,False,False,True,1
9086,2024-03-24,46,active,low,False,False,True,True,1
9087,2025-11-12,52,low,medium,True,True,True,False,0
9088,2025-09-01,18,active,medium,True,False,True,False,2
9089,2024-02-20,58,medium,low,True,False,True,True,2
9090,2024-11-02,21,medium,high,True,False,False,True,1
9091,2024-06-04,32,active,low,False,False,False,True,0
9092,2024-07-22,36,one_time,high,False,True,False,True,2
9093,2024-03-25,62,medium,high,False,True,True,False,1
9094,2024-06-27,46,active,medium,True,False,True,False,0
9095,2024-01-15,55,active,low,True,False,True,False,1
9096,2025-02-24,44,active,medium,True,True,True,True,1
9097,2024-06-01,35,active,high,False,False,True,True,3
9098,2025-12-18,50,low,high,False,True,True,False,1
9099,2025-10-13,34,active,medium,True,False,True,True,3
9100,2025-03-11,30,one_time,high,True,False,True,True,1
9101,2024-11-06,46,medium,high,True,False,True,True,1
9102,2025-11-27,46,low,high,False,True,False,True,3
9103,2024-03-18,54,super_active,low,False,False,False,True,1
9104,2024-05-22,58,low,medium,True,True,True,False,3
9105,2024-08-01,56,active,high,False,False,False,True,2
9106,2024-08-31,23,medium,low,True,False,True,False,1
9107,2025-11-04,62,super_active,medium,True,True,True,False,2
9108,2024-06-25,65,low,high,True,False,True,True,0
9109,2024-10-11,18,super_active,high,True,False,False,True,1
9110,2025-02-08,48,super_active,high,True,False,False,True,0
9111,2024-10-14,33,active,medium,True,False,True,True,1
9112,2024-07-15,41,low,low,True,False,True,True,1
9113,2025-10-21,48,low,medium,True,True,False,True,1
9114,2024-12-20,41,active,low,True,True,True,True,1
9115,2024-11-08,54,super_active,medium,True,False,True,True,3
9116,2025-02-09,39,low,medium,False,True,True,True,2
9117,2025-02-26,34,active,high,True,True,False,True,1
9118,2025-07-03,31,active,high,True,False,True,False,2
9119,2025-03-15,46,low,medium,False,False,True,False,1
9120,2025-11-08,64,super_active,high,False,False,False,False,2
9121,2025-01-12,22,super_active,medium,True,True,True,False,3
9122,2025-12-25,31,medium,high,False,False,True,True,1
9123,2024-01-05,29,active,high,True,False,True,True,0
9124,2025-03-17,52,low,low,True,True,False,True,2
9125,2025-06-02,20,low,medium,True,False,True,True,0
9126,2025-04-17,37,super_active,medium,True,False,True,False,0
9127,2024-07-16,48,active,high,False,False,False,False,2
9128,2025-11-18,20,medium,medium,True,False,True,True,0
9129,2025-01-18,25,active,low,True,False,True,True,1
9130,2025-04-10,46,low,high,True,False,False,False,0
9131,2025-03-06,27,super_active,medium,True,True,True,True,0
9132,2024-01-27,25,active,high,False,False,True,False,2
9133,2024-04-03,20,low,low,True,True,False,True,1
9134,2024-01-08,38,medium,medium,True,True,True,True,0
9135,2024-07-05,46,active,high,False,False,False,False,0
9136,2025-05-05,52,active,high,False,False,True,True,1
9137,2024-05-18,32,active,medium,False,True,True,True,1
9138,2025-07-23,29,low,medium,True,False,True,True,1
9139,2025-08-08,51,super_active,high,True,True,False,False,1
9140,2025-08-03,18,low,low,False,True,True,True,0
9141,2025-08-08,22,super_active,high,True,True,True,False,3
9142,2025-11-05,31,active,high,False,True,False,False,0
9143,2024-10-11,32,medium,medium,False,True,True,True,1
9144,2024-08-31,65,active,low,True,True,False,True,1
9145,2025-12-27,38,active,high,True,True,False,True,0
9146,2024-09-03,44,active,medium,False,True,False,False,0
9147,2025-07-14,48,active,medium,False,True,True,False,1
9148,2024-11-22,29,medium,low,True,True,True,False,3
9149,2024-11-16,31,low,medium,False,False,False,False,1
9150,2024-06-13,62,medium,low,True,False,True,False,1
9151,2024-01-16,57,medium,high,False,True,True,True,1
9152,2025-02-10,48,active,low,True,False,True,True,1
9153,2025-01-23,62,active,medium,True,True,False,True,2
9154,2025-04-02,48,low,medium,True,False,True,False,3
9155,2025-09-18,31,active,medium,False,False,False,False,1
9156,2024-02-28,38,super_active,low,False,False,True,True,2
9157,2024-01-28,51,active,medium,True,False,True,True,0
9158,2025-05-19,18,medium,medium,True,False,True,True,1
9159,2024-02-25,52,super_active,medium,True,False,True,True,1
9160,2024-02-08,23,super_active,high,False,False,True,True,1
9161,2025-01-10,57,medium,medium,True,False,False,True,0
9162,2024-02-13,39,super_active,medium,False,True,True,True,2
9163,2025-01-31,34,low,low,False,False,False,True,2
9164,2024-12-26,31,active,high,True,False,True,True,1
9165,2025-12-08,52,active,medium,True,False,True,False,1
9166,2024-06-15,23,active,medium,True,True,True,True,1
9167,2024-02-01,43,medium,low,False,False,True,True,0
9168,2025-12-25,52,active,high,True,False,False,False,1
9169,2025-10-27,19,active,high,False,False,True,False,2
9170,2024-02-16,48,active,low,False,True,False,False,1
9171,2024-06-08,34,medium,high,True,False,True,False,0
9172,2025-01-27,47,super_active,medium,True,True,False,False,2
9173,2024-05-23,23,active,medium,True,True,True,False,3
9174,2025-03-11,32,active,medium,True,True,True,False,2
9175,2025-08-19,39,active,high,True,False,True,True,2
9176,2025-07-17,55,medium,medium,False,True,False,True,1
9177,2025-06-17,64,medium,high,True,False,False,True,0
9178,2024-12-21,29,active,high,True,False,True,True,1
9179,2024-05-19,37,active,high,True,False,True,False,2
9180,2024-08-25,26,super_active,medium,True,True,True,False,0
9181,2024-01-21,52,one_time,low,True,True,True,False,0
9182,2025-05-11,18,medium,high,False,False,True,True,1
9183,2025-03-11,37,active,medium,False,True,False,False,0
9184,2024-05-18,40,medium,high,True,False,False,True,2
9185,2024-10-26,64,medium,medium,False,True,True,False,3
9186,2025-10-11,23,active,medium,False,False,False,True,2
9187,2024-09-07,24,super_active,low,True,True,True,True,3
9188,2025-05-20,32,medium,high,True,False,False,False,3
9189,2025-04-22,22,medium,high,True,False,True,False,2
9190,2024-10-04,18,active,medium,False,False,True,False,2
9191,2024-09-14,54,medium,high,False,False,True,False,0
9192,2024-10-11,22,medium,low,True,True,True,True,1
9193,2025-05-01,51,super_active,high,True,False,False,True,1
9194,2024-08-31,27,medium,high,False,True,True,True,1
9195,2024-03-06,60,low,high,False,True,False,False,2
9196,2024-05-30,35,active,high,False,True,False,True,1
9197,2024-04-14,38,medium,high,False,False,False,True,3
9198,2025-12-11,37,active,low,False,True,False,True,0
9199,2024-12-08,56,active,medium,True,False,True,False,0
9200,2024-11-27,45,medium,medium,True,True,True,False,3
9201,2025-08-08,31,low,high,True,True,False,True,0
9202,2025-02-05,63,medium,high,True,True,True,True,0
9203,2025-11-03,37,medium,medium,False,True,True,True,0
9204,2024-02-28,57,active,high,True,True,True,True,2
9205,2025-12-19,60,medium,low,True,True,True,False,0
9206,2024-04-13,58,medium,medium,True,False,True,True,2
9207,2025-08-24,27,active,medium,False,True,False,False,2
9208,2025-02-23,20,super_active,low,True,False,False,True,1
9209,2025-01-10,40,active,medium,False,False,True,True,3
9210,2024-11-20,35,super_active,high,True,True,True,False,1
9211,2024-09-01,57,super_active,low,False,True,True,True,0
9212,2024-02-21,30,super_active,low,False,False,True,False,0
9213,2025-12-05,65,medium,medium,True,True,True,True,3
9214,2025-05-23,19,low,high,True,True,True,True,0
9215,2024-10-07,60,active,low,True,False,True,False,2
9216,2024-09-03,43,low,high,True,False,True,False,1
9217,2024-10-25,23,medium,high,True,False,True,False,3
9218,2025-04-13,64,medium,high,True,False,True,False,1
9219,2025-10-05,54,super_active,low,False,True,True,False,0
9220,2025-02-01,42,active,low,True,False,True,False,0
9221,2024-12-30,55,medium,low,True,False,True,True,1
9222,2024-06-17,24,medium,medium,True,False,True,False,1
9223,2025-08-20,30,super_active,medium,True,False,True,False,1
9224,2024-06-18,30,active,medium,False,False,True,True,1
9225,2024-05-15,37,medium,low,False,True,True,True,0
9226,2025-01-10,23,active,low,True,False,True,False,2
9227,2024-02-13,27,one_time,low,True,False,True,True,3
9228,2025-12-27,54,active,low,False,True,True,True,1
9229,2025-11-27,19,low,high,True,True,True,False,0
9230,2024-05-24,32,low,high,False,True,True,True,2
9231,2025-09-08,35,super_active,low,False,False,True,True,0
9232,2025-06-07,37,low,high,True,False,True,False,3
9233,2024-07-03,49,super_active,low,True,True,False,True,1
9234,2024-09-26,28,active,medium,True,False,True,True,0
9235,2025-06-20,42,medium,high,False,False,True,False,2
9236,2025-10-27,35,one_time,low,True,False,True,True,0
9237,2025-12-24,35,medium,medium,False,False,True,False,1
9238,2024-08-08,21,active,medium,True,False,True,True,0
9239,2025-04-12,56,active,low,True,True,True,True,2
9240,2025-03-30,65,active,high,True,True,False,True,2
9241,2024-12-10,54,one_time,low,True,True,True,False,3
9242,2024-06-19,21,low,medium,True,False,True,True,0
9243,2024-09-09,48,medium,medium,True,False,True,True,1
9244,2025-05-28,50,medium,medium,True,False,False,True,1
9245,2025-03-23,64,active,medium,True,False,True,True,0
9246,2025-11-19,29,medium,medium,True,True,True,False,2
9247,2024-01-21,28,active,medium,True,True,True,True,1
9248,2025-06-13,52,medium,medium,True,False,False,True,0
9249,2024-05-05,62,medium,high,True,False,False,True,2
9250,2025-12-16,54,low,low,True,True,True,True,2
9251,2025-10-02,25,active,medium,False,False,False,True,2
9252,2025-05-02,25,active,high,False,False,True,False,2
9253,2025-06-23,31,super_active,high,True,True,False,False,1
9254,2024-03-12,55,medium,low,True,True,True,False,0
9255,2025-10-08,65,one_time,low,True,True,True,True,2
9256,2024-12-13,59,active,high,False,False,False,False,1
9257,2025-12-27,31,low,medium,True,False,True,False,0
9258,2025-05-02,31,low,medium,True,True,True,False,0
9259,2024-05-13,43,low,low,True,False,False,False,1
9260,2025-11-22,38,super_active,low,True,False,True,False,1
9261,2024-10-27,53,active,low,True,True,True,True,1
9262,2024-04-01,39,low,low,True,False,True,True,1
9263,2024-04-09,40,active,medium,False,False,False,True,0
9264,2024-06-27,39,active,medium,False,False,True,True,1
9265,2025-06-18,32,super_active,high,False,True,True,True,1
9266,2024-04-11,30,medium,medium,False,False,True,True,3
9267,2025-09-16,41,medium,medium,True,False,True,False,0
9268,2024-02-08,53,medium,low,False,False,True,True,1
9269,2025-08-31,61,active,medium,True,True,True,False,1
9270,2024-09-10,32,medium,medium,True,False,True,False,0
9271,2024-11-02,38,active,medium,True,False,False,True,2
9272,2024-12-30,53,medium,high,True,False,True,False,0
9273,2025-02-18,65,medium,medium,False,False,True,True,0
9274,2024-04-10,28,medium,medium,False,True,True,False,1
9275,2025-01-23,31,medium,low,True,True,True,False,2
9276,2024-10-11,44,super_active,low,True,False,False,False,0
9277,2024-06-12,25,active,medium,False,False,False,False,1
9278,2024-05-24,21,active,medium,False,True,True,False,0
9279,2025-04-03,51,medium,medium,True,False,False,True,2
9280,2024-07-22,21,active,low,False,False,False,True,1
9281,2024-08-31,29,active,low,False,False,False,False,2
9282,2025-04-10,54,super_active,high,True,False,True,True,0
9283,2024-06-18,20,super_active,medium,False,False,False,False,1
9284,2025-05-22,49,super_active,low,False,True,True,True,1
9285,2025-02-09,50,medium,medium,True,False,True,False,2
9286,2025-05-18,47,medium,high,True,False,False,True,3
9287,2024-08-11,26,active,low,False,True,False,False,3
9288,2025-11-09,51,active,high,False,False,True,True,0
9289,2025-03-12,58,active,high,True,False,True,True,1
9290,2024-09-08,54,active,high,False,True,True,True,0
9291,2025-09-19,65,active,high,True,False,True,False,1
9292,2025-03-26,28,medium,medium,False,True,True,False,2
9293,2024-03-31,43,one_time,high,False,False,True,True,1
9294,2024-03-18,49,active,medium,True,False,True,True,3
9295,2025-08-12,21,medium,medium,True,True,True,False,1
9296,2025-09-28,65,medium,high,False,False,False,True,1
9297,2025-12-31,61,medium,high,True,False,True,True,2
9298,2024-10-22,23,low,high,False,False,True,True,0
9299,2024-08-14,19,active,medium,False,True,True,False,0
9300,2024-11-20,32,super_active,low,False,False,True,False,2
9301,2025-07-17,45,active,high,True,False,True,False,1
9302,2025-08-29,25,medium,low,True,False,True,False,1
9303,2025-10-21,38,super_active,low,False,True,True,True,1
9304,2024-01-29,42,medium,medium,False,False,True,True,3
9305,2024-09-02,32,super_active,medium,True,False,True,True,1
9306,2024-04-01,29,medium,low,True,True,True,True,0
9307,2025-09-23,27,active,medium,True,False,False,True,1
9308,2024-10-07,44,active,high,True,False,True,False,3
9309,2024-09-29,27,super_active,medium,True,False,False,True,3
9310,2025-07-19,41,medium,low,False,False,True,True,2
9311,2025-05-25,32,medium,high,False,False,True,True,2
9312,2024-09-25,28,medium,high,True,False,True,False,1
9313,2025-05-14,48,active,high,False,False,True,True,0
9314,2024-02-22,19,active,low,True,True,True,True,0
9315,2024-10-03,43,low,low,False,True,True,True,2
9316,2025-08-04,32,low,medium,True,True,False,False,3
9317,2024-10-07,46,medium,low,False,False,True,False,2
9318,2024-11-05,53,super_active,low,False,False,False,True,0
9319,2025-03-04,26,active,low,True,False,True,False,1
9320,2024-07-15,40,one_time,high,True,False,True,False,1
9321,2024-03-22,35,active,high,True,False,False,True,0
9322,2025-10-02,31,medium,medium,True,False,False,True,1
9323,2025-01-22,59,super_active,low,True,False,True,True,0
9324,2024-12-31,63,medium,medium,False,False,True,True,0
9325,2024-10-23,18,medium,medium,True,False,True,True,2
9326,2024-02-06,35,active,medium,False,True,True,True,1
9327,2025-06-06,43,medium,low,False,False,True,True,1
9328,2025-01-02,32,medium,medium,False,True,False,True,0
9329,2025-08-12,58,medium,medium,False,True,True,False,1
9330,2025-01-06,65,low,medium,False,True,True,True,1
9331,2024-12-29,25,active,low,True,True,False,False,2
9332,2024-12-11,46,low,high,True,False,True,True,1
9333,2024-01-27,63,super_active,high,False,False,False,True,1
9334,2024-08-16,18,medium,medium,True,True,False,False,2
9335,2025-11-27,29,super_active,medium,True,True,True,False,1
9336,2025-12-09,40,super_active,low,False,False,True,True,3
9337,2025-06-04,57,medium,medium,True,False,True,True,2
9338,2024-06-20,61,active,low,True,True,True,True,2
9339,2025-06-20,59,medium,medium,True,False,True,False,1
9340,2025-05-31,49,medium,low,True,False,False,True,2
9341,2024-10-10,56,active,medium,False,False,False,True,1
9342,2025-11-10,41,super_active,low,True,True,False,True,1
9343,2025-07-28,35,active,low,True,False,False,True,1
9344,2025-06-26,53,one_time,high,True,False,False,True,3
9345,2024-08-12,58,one_time,high,False,False,True,True,0
9346,2025-08-06,27,medium,medium,True,False,True,False,2
9347,2025-02-14,44,super_active,medium,False,True,True,False,0
9348,2025-08-16,20,medium,medium,True,False,False,True,0
9349,2024-10-18,45,medium,medium,True,False,True,False,0
9350,2024-06-15,43,active,low,False,False,True,True,1
9351,2025-07-13,47,active,low,True,True,False,True,2
9352,2024-11-12,34,medium,low,False,False,False,True,0
9353,2025-10-02,32,medium,high,False,False,True,True,1
9354,2025-09-01,47,active,low,False,False,True,True,2
9355,2024-04-26,26,active,low,False,False,False,True,1
9356,2025-04-20,18,active,low,True,True,False,False,2
9357,2025-03-13,44,medium,low,False,True,True,False,0
9358,2025-05-19,36,super_active,low,True,False,False,True,0
9359,2025-06-23,18,medium,low,True,False,True,True,1
9360,2025-03-25,38,super_active,high,False,True,True,True,1
9361,2024-04-12,49,active,medium,False,False,False,True,0
9362,2025-11-22,31,active,low,True,False,True,False,1
9363,2025-06-09,63,medium,medium,True,True,True,False,0
9364,2024-05-18,58,active,low,True,True,True,False,1
9365,2025-06-22,55,one_time,medium,False,True,True,False,0
9366,2024-11-27,31,low,medium,True,True,True,True,0
9367,2024-12-29,50,active,high,True,False,True,True,2
9368,2025-01-05,37,super_active,high,False,False,True,False,1
9369,2024-01-31,19,low,high,False,False,True,True,2
9370,2025-03-02,61,active,high,True,False,True,True,0
9371,2025-08-09,18,super_active,medium,False,False,False,False,1
9372,2025-06-04,63,super_active,low,True,False,True,True,1
9373,2025-08-21,29,medium,high,True,False,False,False,0
9374,2025-06-25,30,low,medium,False,False,False,False,2
9375,2024-07-11,56,medium,low,False,False,False,False,3
9376,2025-09-17,65,medium,high,True,False,True,True,2
9377,2024-07-06,44,one_time,high,True,True,True,False,2
9378,2024-12-10,33,active,high,True,False,True,True,3
9379,2024-08-20,23,one_time,high,True,True,False,False,0
9380,2024-07-06,54,active,medium,True,False,True,False,1
9381,2025-11-02,41,active,high,False,False,True,False,1
9382,2024-12-14,58,medium,low,False,True,True,True,0
9383,2025-07-29,24,low,high,False,True,False,True,1
9384,2025-02-21,28,active,medium,True,False,True,True,2
9385,2024-07-03,23,low,medium,True,True,False,True,0
9386,2024-01-22,58,active,low,False,False,True,False,3
9387,2025-05-31,35,medium,medium,True,True,True,True,0
9388,2024-11-02,48,super_active,medium,True,False,True,False,3
9389,2025-07-14,39,active,high,True,False,False,True,1
9390,2025-02-21,48,medium,medium,True,True,True,False,1
9391,2024-01-01,19,low,low,False,False,True,True,3
9392,2024-01-25,19,medium,medium,True,False,True,False,1
9393,2024-11-28,31,medium,low,True,True,True,True,0
9394,2024-03-21,41,medium,high,False,False,True,False,2
9395,2025-01-28,30,medium,medium,True,False,False,False,0
9396,2025-12-29,64,medium,medium,True,False,True,False,0
9397,2025-07-25,29,medium,medium,True,False,False,True,3
9398,2024-09-15,23,low,medium,True,False,True,True,1
9399,2024-10-23,54,one_time,medium,True,False,True,True,0
9400,2025-08-17,26,medium,medium,True,False,False,True,1
9401,2024-05-26,24,medium,low,False,True,False,False,0
9402,2024-05-02,32,medium,high,False,True,False,False,0
9403,2024-06-17,46,active,medium,True,False,True,False,1
9404,2025-08-18,47,one_time,medium,True,False,True,True,2
9405,2025-09-29,57,active,low,True,True,True,True,0
9406,2025-02-11,39,active,medium,False,True,True,False,2
9407,2024-05-07,56,super_active,low,True,False,True,False,1
9408,2024-04-03,29,medium,medium,True,False,False,True,2
9409,2025-01-29,34,active,medium,True,True,True,True,1
9410,2025-05-26,34,super_active,medium,True,False,True,True,0
9411,2024-10-06,45,low,high,True,False,True,False,3
9412,2025-02-24,65,low,high,True,True,False,False,2
9413,2025-07-09,28,low,low,True,False,True,True,1
9414,2025-10-04,22,medium,low,True,False,False,False,3
9415,2025-02-16,61,one_time,medium,True,True,False,False,1
9416,2024-09-28,26,low,low,False,False,True,True,1
9417,2024-05-29,24,medium,medium,True,True,True,False,1
9418,2024-05-01,37,medium,low,False,False,False,False,0
9419,2024-05-26,49,super_active,high,True,False,True,True,1
9420,2024-11-16,43,low,low,True,False,True,True,0
9421,2025-06-05,56,medium,medium,True,True,False,True,3
9422,2025-04-28,46,low,medium,True,False,False,False,1
9423,2024-10-20,62,low,low,False,False,True,False,3
9424,2025-12-26,32,low,medium,False,False,True,True,2
9425,2025-02-15,34,active,high,True,False,False,True,0
9426,2024-06-25,43,super_active,high,True,False,False,False,0
9427,2025-03-08,46,low,low,False,True,False,False,2
9428,2024-12-01,20,medium,high,True,False,True,True,0
9429,2025-10-10,25,active,high,True,False,True,True,2
9430,2024-01-13,62,low,high,False,False,True,False,1
9431,2025-11-05,55,super_active,high,True,True,True,False,1
9432,2025-01-15,30,medium,medium,True,False,False,False,2
9433,2024-05-04,27,active,low,True,True,True,True,0
9434,2024-08-29,57,medium,low,True,True,True,True,2
9435,2024-07-24,61,super_active,high,False,True,False,True,0
9436,2024-06-29,56,super_active,medium,True,True,True,False,3
9437,2024-11-02,46,super_active,medium,True,True,True,True,0
9438,2025-01-22,52,super_active,high,False,True,True,True,3
9439,2024-11-05,49,medium,medium,True,False,True,False,2
9440,2024-03-26,46,low,medium,False,False,False,False,0
9441,2025-05-20,21,medium,low,False,False,True,False,1
9442,2024-07-24,50,active,medium,True,False,True,True,0
9443,2024-04-03,46,active,medium,True,True,True,True,1
9444,2024-04-30,61,active,low,False,False,True,False,2
9445,2024-01-19,42,active,high,True,False,True,True,2
9446,2024-08-11,62,medium,medium,True,False,True,True,0
9447,2025-02-13,32,active,medium,True,False,False,True,2
9448,2024-02-18,48,low,medium,False,False,False,False,2
9449,2025-11-05,23,one_time,high,True,True,True,False,2
9450,2024-11-25,65,low,medium,True,True,True,False,0
9451,2025-10-24,19,medium,low,False,False,False,False,1
9452,2024-11-06,41,low,medium,True,True,True,False,2
9453,2024-04-09,53,super_active,low,True,False,True,True,2
9454,2024-01-19,48,active,medium,False,True,True,True,1
9455,2025-05-26,34,super_active,medium,False,False,True,False,1
9456,2025-02-19,26,low,medium,True,False,True,False,0
9457,2025-12-06,61,low,medium,False,False,True,False,2
9458,2024-12-18,49,active,medium,True,False,False,True,1
9459,2025-10-01,61,active,medium,True,False,False,True,0
9460,2025-11-17,54,medium,high,False,False,True,True,2
9461,2024-09-03,65,low,low,True,False,False,True,1
9462,2024-07-28,62,one_time,medium,False,False,False,True,0
9463,2025-08-20,58,super_active,medium,True,True,True,True,1
9464,2024-05-25,63,medium,high,False,False,False,True,2
9465,2025-10-05,47,low,low,False,False,True,True,1
9466,2024-03-08,61,super_active,high,False,True,False,True,2
9467,2025-10-14,44,low,high,False,False,True,True,1
9468,2024-06-18,56,super_active,medium,False,False,True,True,1
9469,2024-08-14,33,low,high,True,False,False,False,0
9470,2025-02-24,19,low,medium,True,False,False,False,2
9471,2024-08-19,36,one_time,low,False,False,False,False,2
9472,2025-01-05,63,active,high,True,False,True,False,1
9473,2024-04-28,62,active,high,False,False,False,False,0
9474,2024-08-01,32,active,medium,False,False,True,False,2
9475,2025-05-06,46,medium,low,False,True,False,True,2
9476,2025-11-20,61,low,high,True,True,True,True,0
9477,2025-03-31,22,active,high,False,False,True,True,1
9478,2025-08-28,28,active,medium,True,True,True,False,1
9479,2025-02-07,32,active,low,False,False,True,False,1
9480,2024-05-28,27,super_active,high,True,False,True,False,0
9481,2024-11-05,44,super_active,high,False,True,False,False,2
9482,2024-12-18,29,super_active,high,False,True,False,False,0
9483,2024-04-20,31,medium,medium,True,False,False,True,0
9484,2025-01-31,37,medium,medium,True,False,False,False,1
9485,2024-09-04,65,medium,low,False,False,True,True,1
9486,2025-08-11,51,active,medium,False,True,True,True,1
9487,2025-11-16,45,medium,high,False,False,False,False,1
9488,2024-07-10,49,one_time,high,True,True,True,True,3
9489,2025-04-25,40,super_active,medium,True,False,True,True,0
9490,2025-05-23,53,medium,high,True,False,True,True,1
9491,2025-08-17,56,super_active,high,True,True,True,False,2
9492,2024-09-17,49,medium,low,False,True,False,True,1
9493,2025-06-16,44,one_time,medium,False,True,False,True,0
9494,2025-09-21,23,active,low,False,False,True,False,0
9495,2025-05-13,42,active,medium,True,False,False,True,2
9496,2025-08-31,61,super_active,medium,False,True,False,True,0
9497,2024-07-12,52,active,medium,False,False,True,False,0
9498,2024-09-10,32,super_active,low,False,True,True,True,2
9499,2025-07-12,59,medium,high,True,False,True,False,1
9500,2025-01-27,44,active,high,True,False,True,False,1
9501,2025-11-11,26,super_active,medium,False,True,True,True,1
9502,2024-05-29,52,active,medium,True,False,False,True,1
9503,2025-06-03,53,super_active,high,True,True,True,True,1
9504,2025-09-23,38,active,medium,True,False,True,True,2
9505,2024-11-23,54,low,medium,True,False,True,False,1
9506,2025-01-15,41,low,low,False,False,False,False,3
9507,2025-08-21,61,active,low,True,False,True,True,0
9508,2025-07-15,65,active,low,True,True,False,True,0
9509,2024-09-23,45,medium,medium,True,False,True,True,0
9510,2025-01-15,33,super_active,low,True,True,True,True,1
9511,2024-08-21,39,medium,low,True,False,True,True,2
9512,2024-05-26,41,super_active,low,False,True,False,True,1
9513,2024-06-28,55,active,medium,False,False,True,False,1
9514,2024-12-15,46,super_active,high,False,False,True,True,1
9515,2024-03-07,50,medium,low,False,False,True,True,0
9516,2024-12-28,64,low,medium,False,True,False,True,3
9517,2024-04-12,57,medium,low,True,False,True,True,1
9518,2024-07-25,60,medium,medium,False,True,True,True,1
9519,2024-07-29,60,active,low,True,False,False,True,3
9520,2025-10-16,59,medium,low,True,False,False,False,1
9521,2024-07-06,51,medium,medium,False,False,True,True,0
9522,2025-06-19,28,low,high,True,False,False,True,3
9523,2024-06-27,61,active,high,False,True,True,True,1
9524,2025-08-31,43,medium,high,False,False,True,False,1
9525,2024-12-30,48,medium,medium,True,False,True,False,0
9526,2024-03-05,18,low,low,False,False,True,True,2
9527,2025-01-19,58,low,medium,True,True,False,True,0
9528,2024-05-14,62,super_active,high,True,False,True,False,0
9529,2024-04-03,59,medium,high,True,False,False,True,1
9530,2024-10-27,59,active,medium,True,True,True,False,0
9531,2025-03-05,35,medium,medium,False,False,True,True,0
9532,2025-07-26,25,medium,high,True,False,True,True,0
9533,2025-09-23,37,active,medium,False,False,True,False,1
9534,2024-05-18,27,medium,medium,True,False,True,True,2
9535,2025-04-20,52,low,high,True,False,True,True,2
9536,2025-12-24,59,active,medium,True,False,True,False,2
9537,2025-02-08,40,medium,high,False,False,True,True,1
9538,2024-10-25,54,active,medium,True,False,False,True,3
9539,2024-07-24,60,super_active,medium,True,False,True,False,1
9540,2024-04-26,33,medium,high,True,False,True,False,0
9541,2024-05-05,63,active,medium,True,True,False,True,2
9542,2024-09-22,31,super_active,medium,False,False,True,True,0
9543,2025-09-20,55,medium,medium,True,False,True,False,1
9544,2025-03-04,39,active,low,True,False,True,False,1
9545,2025-05-18,29,active,high,False,False,True,True,1
9546,2024-05-13,58,medium,high,True,False,True,True,3
9547,2024-01-18,54,medium,low,True,False,True,True,0
9548,2024-03-29,38,low,medium,True,False,False,True,1
9549,2025-10-26,19,medium,low,False,True,True,True,1
9550,2025-05-26,40,medium,low,False,False,True,True,2
9551,2025-06-19,22,medium,medium,True,False,True,False,1
9552,2024-10-12,62,medium,high,True,False,True,True,0
9553,2025-02-23,27,low,high,False,False,False,True,2
9554,2024-04-09,45,super_active,medium,True,True,False,True,2
9555,2024-10-25,46,low,medium,False,True,False,True,3
9556,2025-12-19,57,super_active,high,False,True,True,True,3
9557,2025-09-22,43,one_time,high,False,True,True,True,0
9558,2025-08-07,39,medium,low,False,False,False,False,1
9559,2025-11-26,26,active,low,True,False,True,True,1
9560,2025-04-23,31,active,high,False,True,True,False,3
9561,2024-07-19,65,medium,medium,False,False,True,True,0
9562,2024-11-12,28,medium,high,False,False,False,True,1
9563,2025-04-23,48,active,medium,True,False,True,True,1
9564,2024-10-03,54,low,medium,False,True,False,False,1
9565,2024-10-08,62,low,high,True,True,True,True,0
9566,2025-10-20,41,medium,low,False,True,False,True,3
9567,2025-03-19,55,active,high,False,False,True,False,0
9568,2025-12-10,20,medium,medium,False,False,True,False,0
9569,2024-04-30,33,medium,low,False,True,True,True,1
9570,2024-06-14,32,medium,medium,True,False,False,False,2
9571,2025-03-07,54,active,low,True,False,True,True,1
9572,2024-01-07,65,active,medium,False,False,True,False,2
9573,2025-03-06,19,low,medium,True,False,True,False,0
9574,2025-10-26,51,one_time,high,True,False,True,True,1
9575,2024-10-05,33,medium,high,True,True,False,True,3
9576,2024-03-10,55,low,medium,True,True,True,False,2
9577,2024-09-09,30,super_active,high,True,True,True,False,2
9578,2025-08-18,53,active,medium,False,True,True,True,1
9579,2025-10-28,38,active,high,True,True,False,True,1
9580,2024-06-29,36,medium,medium,False,False,True,False,1
9581,2024-04-04,43,medium,medium,True,False,True,False,1
9582,2024-07-10,65,medium,high,False,False,True,False,2
9583,2024-08-24,35,super_active,high,True,True,False,False,3
9584,2025-11-13,24,medium,medium,False,False,True,True,1
9585,2024-02-02,37,active,medium,True,True,True,True,0
9586,2025-08-21,44,low,high,False,True,False,True,0
9587,2024-02-27,26,active,low,True,True,True,True,1
9588,2024-12-15,65,super_active,high,True,False,True,False,2
9589,2025-04-18,18,one_time,medium,True,False,True,False,2
9590,2024-07-03,59,active,low,False,True,True,False,0
9591,2024-07-07,37,low,high,True,False,True,True,1
9592,2025-11-25,19,active,low,False,False,True,True,1
9593,2024-11-24,57,medium,medium,False,False,True,False,2
9594,2025-11-01,34,one_time,medium,False,False,True,False,1
9595,2025-06-04,61,super_active,low,False,False,False,True,0
9596,2025-06-21,28,medium,low,False,False,True,True,0
9597,2025-07-21,36,one_time,low,True,True,True,False,3
9598,2024-12-21,32,active,high,False,False,False,True,2
9599,2025-07-06,37,medium,medium,True,True,True,True,1
9600,2025-08-18,22,active,high,True,False,False,True,0
9601,2025-12-28,35,super_active,medium,True,True,True,True,0
9602,2024-04-17,25,active,low,False,False,True,True,0
9603,2025-04-08,52,active,low,True,True,True,False,1
9604,2025-05-22,24,one_time,high,False,True,True,True,1
9605,2024-07-26,18,super_active,low,True,True,True,True,3
9606,2025-03-29,18,low,medium,True,False,True,False,1
9607,2025-09-17,24,medium,low,True,False,True,False,1
9608,2024-03-27,61,active,high,False,True,True,True,1
9609,2025-03-09,45,super_active,low,True,True,True,True,2
9610,2024-06-11,65,medium,medium,True,False,True,False,1
9611,2024-12-07,33,medium,high,False,True,True,True,1
9612,2024-11-22,30,low,medium,True,True,True,True,2
9613,2025-04-18,28,super_active,medium,False,False,False,True,0
9614,2024-11-26,46,active,low,True,False,True,True,2
9615,2024-12-09,43,medium,low,True,False,False,True,1
9616,2024-07-31,43,low,medium,True,False,True,False,0
9617,2025-08-26,54,medium,high,False,False,True,True,0
9618,2024-09-22,36,active,medium,True,False,True,True,3
9619,2024-05-30,33,active,high,False,False,False,True,1
9620,2024-03-05,27,super_active,medium,True,True,True,True,1
9621,2025-08-12,48,one_time,high,False,True,True,False,0
9622,2025-06-09,43,active,low,True,True,True,True,0
9623,2024-02-21,43,active,medium,False,False,True,False,0
9624,2025-07-26,50,low,medium,False,False,False,False,1
9625,2024-03-14,31,active,medium,False,True,True,False,1
9626,2024-06-27,38,low,medium,True,False,False,True,1
9627,2024-03-07,52,medium,medium,True,False,False,True,1
9628,2024-09-06,31,medium,high,True,True,False,True,2
9629,2024-07-29,30,medium,low,False,True,True,True,1
9630,2024-09-11,46,low,medium,False,False,True,True,1
9631,2025-05-07,31,active,low,True,False,True,False,1
9632,2024-12-28,40,active,low,True,True,True,True,1
9633,2024-07-27,28,low,medium,True,True,True,True,3
9634,2024-07-15,50,medium,medium,False,False,True,True,2
9635,2024-08-04,52,medium,medium,False,True,False,True,0
9636,2024-12-23,54,medium,high,True,False,True,False,0
9637,2025-10-03,64,active,high,False,False,False,True,1
9638,2024-06-08,62,active,high,True,True,True,False,1
9639,2025-09-04,32,medium,high,True,False,False,False,2
9640,2024-02-17,48,active,high,True,True,True,False,2
9641,2025-03-15,21,active,medium,False,False,True,True,1
9642,2025-11-25,53,medium,medium,True,False,True,True,2
9643,2024-06-06,64,low,high,True,False,False,True,1
9644,2024-11-08,60,medium,medium,False,False,False,True,3
9645,2024-09-04,37,active,medium,False,False,False,True,2
9646,2024-02-22,48,active,high,True,True,True,False,0
9647,2024-05-03,47,super_active,medium,False,False,True,False,0
9648,2024-06-22,49,active,low,True,True,True,False,3
9649,2024-10-31,49,active,medium,True,False,True,True,2
9650,2024-12-11,30,active,low,False,False,True,False,0
9651,2024-09-09,64,active,medium,True,False,False,True,1
9652,2024-02-22,25,medium,medium,False,False,False,True,1
9653,2024-08-24,30,one_time,medium,True,False,True,True,3
9654,2024-04-19,43,low,low,True,False,True,False,1
9655,2024-04-16,42,active,high,True,False,True,False,2
9656,2024-01-31,54,super_active,low,False,False,True,True,0
9657,2025-06-24,28,medium,high,False,False,True,False,0
9658,2025-05-25,62,medium,medium,True,True,True,False,2
9659,2024-06-02,44,medium,medium,False,True,True,True,0
9660,2025-11-23,54,active,medium,False,False,False,True,1
9661,2025-04-16,50,medium,low,True,False,True,True,1
9662,2024-07-13,19,super_active,medium,False,False,False,True,2
9663,2024-11-01,52,low,low,True,True,True,True,1
9664,2024-04-11,23,active,high,True,True,True,True,1
9665,2025-05-05,23,active,low,True,True,False,False,0
9666,2025-08-05,44,low,high,True,True,True,True,2
9667,2024-10-29,47,medium,medium,True,False,False,True,3
9668,2025-10-31,56,medium,medium,True,False,False,True,1
9669,2025-06-28,65,super_active,medium,True,False,True,False,3
9670,2024-02-12,22,medium,medium,True,False,True,True,0
9671,2025-07-26,24,low,medium,False,False,False,True,1
9672,2024-01-29,45,active,medium,True,True,True,True,0
9673,2025-06-28,47,active,high,False,True,False,False,1
9674,2024-03-05,45,active,medium,True,True,True,True,0
9675,2024-05-16,59,active,low,True,True,True,True,1
9676,2024-06-09,21,medium,low,False,False,False,True,3
9677,2025-08-21,45,active,low,True,True,True,True,3
9678,2024-04-05,29,active,medium,True,True,True,True,3
9679,2024-09-22,35,super_active,high,False,True,True,False,1
9680,2025-10-01,37,medium,low,True,False,True,True,0
9681,2024-04-24,39,active,medium,False,False,False,False,2
9682,2024-04-23,45,low,low,True,True,False,True,1
9683,2025-01-26,50,medium,medium,True,True,False,True,1
9684,2025-02-03,32,active,high,False,False,True,False,3
9685,2025-05-02,45,active,medium,True,False,True,True,2
9686,2024-04-27,31,super_active,medium,False,True,True,True,1
9687,2025-03-25,57,active,medium,False,False,False,True,0
9688,2024-05-21,41,low,medium,True,True,True,False,2
9689,2024-05-19,59,active,medium,True,False,True,False,1
9690,2025-07-10,59,super_active,medium,False,True,True,True,1
9691,2024-11-12,56,super_active,low,False,True,True,False,1
9692,2025-05-30,28,super_active,medium,True,False,True,False,1
9693,2025-11-15,45,super_active,high,True,False,True,False,2
9694,2024-08-21,29,low,low,False,True,False,True,0
9695,2024-03-29,23,active,low,False,False,True,True,1
9696,2024-12-01,31,active,low,False,True,False,True,1
9697,2025-02-11,62,super_active,high,False,True,False,True,0
9698,2024-07-06,49,active,low,True,False,True,True,2
9699,2025-02-12,38,medium,high,True,False,True,True,1
9700,2024-02-08,59,medium,medium,False,True,True,True,1
9701,2024-01-09,26,active,high,False,False,True,False,1
9702,2024-03-10,32,active,medium,True,True,True,True,1
9703,2024-04-06,52,medium,high,False,True,False,False,2
9704,2025-10-14,34,super_active,low,True,False,False,True,1
9705,2025-11-29,62,medium,medium,False,False,True,True,2
9706,2025-04-11,38,medium,medium,True,False,True,False,1
9707,2024-05-13,39,super_active,medium,True,False,True,True,2
9708,2024-09-15,18,medium,low,True,False,True,True,3
9709,2025-12-03,58,medium,low,True,False,True,True,1
9710,2024-02-17,62,one_time,low,False,False,False,False,1
9711,2024-08-13,32,medium,high,True,False,True,True,1
9712,2025-02-19,44,medium,medium,True,False,False,False,2
9713,2025-05-18,48,medium,low,True,True,True,True,1
9714,2025-07-27,42,medium,medium,True,False,True,True,1
9715,2025-09-11,36,low,high,True,False,True,False,0
9716,2025-08-15,19,active,low,True,False,False,True,1
9717,2025-04-27,58,active,high,True,True,True,True,1
9718,2025-03-21,53,active,low,False,True,True,True,2
9719,2024-02-26,32,super_active,low,True,False,False,True,0
9720,2024-12-29,24,medium,low,False,False,False,False,0
9721,2025-11-12,22,one_time,high,True,False,True,False,1
9722,2025-04-17,48,medium,low,True,False,True,True,3
9723,2025-02-09,19,super_active,high,True,False,True,False,0
9724,2024-04-07,22,super_active,medium,True,False,True,False,2
9725,2024-11-06,24,medium,medium,True,True,False,False,0
9726,2025-05-17,28,one_time,medium,False,True,True,False,0
9727,2025-10-08,41,active,high,False,False,True,False,3
9728,2024-08-03,27,super_active,low,False,False,True,False,1
9729,2024-11-15,46,medium,high,False,False,True,True,3
9730,2025-01-09,62,active,medium,True,False,True,True,1
9731,2025-02-17,64,super_active,high,False,False,True,False,0
9732,2024-10-26,55,active,low,False,False,True,True,1
9733,2025-05-02,53,active,high,False,False,False,True,3
9734,2024-10-23,43,active,medium,False,False,True,False,2
9735,2025-07-15,48,medium,medium,False,True,True,True,1
9736,2025-10-10,53,super_active,medium,True,True,True,True,1
9737,2024-07-07,65,active,low,True,True,True,True,2
9738,2024-01-19,52,active,high,True,True,True,True,0
9739,2025-01-05,40,active,high,True,False,True,False,1
9740,2025-07-27,58,active,high,True,False,False,False,2
9741,2025-03-16,48,medium,medium,False,False,True,True,2
9742,2024-02-22,20,active,medium,True,False,True,True,1
9743,2024-04-11,28,medium,medium,False,False,True,True,1
9744,2025-09-17,63,low,low,False,False,True,True,1
9745,2024-02-11,65,low,medium,True,False,True,True,1
9746,2025-12-01,22,super_active,medium,True,False,False,False,1
9747,2024-09-09,40,low,low,False,False,False,True,0
9748,2024-04-08,33,active,medium,True,True,False,True,1
9749,2025-01-31,35,super_active,medium,False,True,True,False,1
9750,2024-11-25,64,medium,high,False,False,True,True,3
9751,2025-01-14,39,low,high,True,False,True,False,2
9752,2025-02-23,33,medium,high,False,True,True,True,0
9753,2024-12-03,26,low,high,True,False,True,False,0
9754,2025-03-06,41,active,medium,True,False,True,True,0
9755,2025-07-04,25,medium,low,True,False,True,False,2
9756,2024-10-09,47,super_active,medium,False,False,True,True,1
9757,2025-12-14,56,active,medium,False,True,False,True,1
9758,2025-09-22,19,active,high,True,False,True,False,2
9759,2024-11-21,52,active,low,False,False,True,False,2
9760,2025-12-18,59,active,low,False,False,False,False,1
9761,2024-12-30,60,medium,medium,False,False,False,False,1
9762,2025-09-05,54,medium,high,True,False,True,False,2
9763,2024-07-21,24,active,medium,False,False,True,True,0
9764,2024-08-07,27,medium,medium,True,True,False,False,1
9765,2024-02-06,26,medium,medium,True,True,False,True,2
9766,2025-11-13,37,super_active,medium,True,False,False,False,3
9767,2024-04-02,39,active,high,False,False,True,True,0
9768,2024-08-30,57,medium,high,True,False,True,False,2
9769,2025-08-04,36,low,medium,False,True,False,True,0
9770,2024-08-26,65,active,medium,False,False,True,True,2
9771,2025-02-05,45,active,medium,False,False,True,False,1
9772,2024-06-11,56,low,high,True,True,True,True,0
9773,2024-11-06,59,active,low,True,False,True,True,0
9774,2025-04-04,22,active,low,True,False,True,True,1
9775,2025-10-19,53,active,high,True,True,True,True,1
9776,2025-12-15,46,super_active,high,True,False,True,True,0
9777,2025-10-07,63,active,high,True,False,True,True,0
9778,2024-11-09,26,active,low,False,False,False,False,0
9779,2025-04-14,35,low,medium,False,True,True,True,3
9780,2024-05-24,50,medium,high,True,True,True,True,0
9781,2025-11-18,59,one_time,high,True,False,True,True,0
9782,2024-09-21,32,active,high,True,True,False,True,2
9783,2024-06-04,19,active,medium,True,False,False,True,2
9784,2024-02-10,55,super_active,high,False,False,False,False,1
9785,2025-08-26,23,active,medium,True,False,True,False,1
9786,2025-01-27,63,low,low,False,False,True,False,0
9787,2025-03-18,55,low,medium,False,False,True,True,2
9788,2024-07-21,64,super_active,low,False,False,True,True,1
9789,2025-06-18,49,medium,low,True,False,False,True,2
9790,2024-06-15,45,active,high,False,True,True,False,1
9791,2024-09-22,55,medium,high,False,False,True,True,1
9792,2024-10-08,51,medium,low,True,True,True,False,3
9793,2024-04-01,28,active,medium,True,True,False,True,1
9794,2024-10-19,60,low,high,False,False,True,True,0
9795,2025-07-05,58,active,medium,True,False,True,False,1
9796,2025-04-25,48,medium,low,True,False,True,False,1
9797,2024-10-11,57,low,low,True,True,True,False,0
9798,2025-05-19,54,active,medium,True,True,True,False,2
9799,2025-05-10,27,low,low,True,False,True,True,0
9800,2025-03-26,20,super_active,low,True,False,True,True,1
9801,2025-12-30,62,medium,high,True,True,True,False,0
9802,2025-12-23,59,active,low,False,True,False,False,1
9803,2025-06-20,49,medium,medium,True,False,False,False,1
9804,2024-01-24,56,super_active,low,True,False,False,True,0
9805,2025-12-22,51,active,low,True,False,True,True,1
9806,2024-03-05,39,low,high,True,False,True,True,2
9807,2024-06-08,21,medium,medium,False,True,True,True,0
9808,2024-09-06,19,super_active,high,True,True,False,False,1
9809,2024-05-23,35,medium,medium,True,False,True,True,0
9810,2025-01-14,38,medium,low,True,False,False,True,0
9811,2025-12-31,29,low,medium,False,False,True,True,0
9812,2025-01-12,59,medium,low,True,False,True,True,1
9813,2024-10-28,43,super_active,medium,True,True,False,True,1
9814,2025-12-06,60,medium,medium,True,True,True,True,1
9815,2025-11-14,37,active,medium,True,True,True,True,0
9816,2024-04-27,29,active,low,True,False,True,False,2
9817,2024-10-25,40,active,high,False,False,True,True,0
9818,2024-04-15,33,active,high,False,False,True,False,3
9819,2024-02-12,58,medium,high,True,True,False,True,0
9820,2025-06-05,53,medium,medium,True,False,False,True,2
9821,2024-10-31,43,active,high,True,False,True,True,1
9822,2025-11-25,29,medium,high,False,True,True,False,3
9823,2025-11-05,64,super_active,low,True,False,False,True,0
9824,2024-06-15,19,active,high,True,False,True,False,2
9825,2025-01-24,53,medium,high,True,False,False,False,0
9826,2025-12-04,57,super_active,medium,False,False,True,False,2
9827,2025-03-27,45,low,high,False,False,False,True,1
9828,2025-05-07,34,active,medium,False,False,True,False,1
9829,2024-05-20,63,active,low,True,True,True,True,1
9830,2024-07-10,49,medium,high,True,True,True,True,0
9831,2024-12-29,61,low,high,False,True,False,True,0
9832,2024-06-16,32,one_time,low,False,False,True,True,1
9833,2024-08-12,55,medium,low,False,False,True,True,1
9834,2024-03-15,40,active,high,True,False,True,True,2
9835,2024-01-02,25,super_active,medium,True,False,True,False,1
9836,2025-02-28,36,low,medium,False,False,True,True,1
9837,2024-10-28,38,super_active,high,True,False,False,True,0
9838,2024-09-20,50,medium,low,True,True,True,True,0
9839,2024-11-24,50,medium,low,True,False,True,False,0
9840,2024-12-27,18,one_time,medium,True,False,True,False,3
9841,2025-08-04,52,super_active,medium,True,True,True,False,1
9842,2025-01-27,50,super_active,medium,True,False,True,True,1
9843,2024-04-02,45,active,low,False,False,True,True,0
9844,2024-11-19,44,active,high,False,False,True,True,1
9845,2025-12-21,25,medium,low,False,False,True,False,1
9846,2024-06-02,27,active,medium,True,False,True,False,0
9847,2025-12-21,54,medium,high,True,False,True,True,2
9848,2024-08-13,53,active,high,True,True,True,True,1
9849,2024-07-15,52,active,low,False,False,True,False,2
9850,2024-10-05,28,medium,high,False,False,True,False,3
9851,2025-02-17,30,medium,low,True,True,True,True,3
9852,2024-10-27,56,medium,low,True,False,True,True,0
9853,2024-11-20,59,super_active,high,True,False,False,True,0
9854,2024-04-09,59,medium,low,False,False,False,True,2
9855,2025-04-13,21,one_time,low,True,False,True,True,1
9856,2024-07-12,19,super_active,low,True,False,True,False,1
9857,2025-09-27,20,medium,high,True,False,True,False,0
9858,2025-07-30,22,active,low,True,True,False,True,1
9859,2024-06-04,39,active,medium,True,False,True,True,1
9860,2024-07-12,48,one_time,medium,False,False,True,True,1
9861,2024-03-08,30,low,high,False,True,True,False,1
9862,2024-09-21,21,low,medium,True,True,True,True,3
9863,2024-09-15,31,active,low,True,False,True,True,0
9864,2025-08-29,63,active,low,True,False,False,False,0
9865,2025-01-18,19,active,low,False,True,True,False,1
9866,2025-01-08,50,low,medium,False,True,True,False,1
9867,2025-10-31,38,active,low,False,False,False,False,0
9868,2024-03-04,51,super_active,medium,False,False,True,False,1
9869,2025-01-05,18,medium,high,False,True,False,False,1
9870,2025-08-13,50,active,medium,True,True,False,False,1
9871,2025-10-09,42,active,medium,True,False,True,False,3
9872,2025-05-24,27,active,low,True,False,True,False,0
9873,2025-03-18,60,low,high,True,False,False,True,2
9874,2024-10-08,39,medium,high,True,False,True,False,0
9875,2024-08-18,57,one_time,low,False,False,True,True,1
9876,2025-08-15,30,active,medium,True,False,True,True,1
9877,2025-09-14,58,active,medium,True,True,False,True,0
9878,2024-10-10,34,active,low,True,True,True,False,3
9879,2024-11-11,42,low,high,True,False,True,True,1
9880,2024-11-30,41,active,low,True,False,True,False,1
9881,2025-01-06,32,low,medium,True,False,True,False,2
9882,2024-07-19,63,active,low,False,False,True,True,1
9883,2024-03-11,51,active,low,True,True,True,False,1
9884,2024-04-18,20,active,high,False,False,True,False,3
9885,2025-07-16,30,active,medium,True,False,True,True,1
9886,2025-01-30,64,super_active,medium,False,True,False,False,0
9887,2024-03-09,32,medium,medium,True,False,True,True,2
9888,2025-11-23,50,active,medium,True,False,True,True,0
9889,2024-11-27,18,medium,low,False,True,True,True,2
9890,2025-07-17,49,super_active,medium,True,True,True,True,0
9891,2024-03-08,40,active,low,True,True,False,True,2
9892,2024-04-09,27,active,medium,False,True,False,True,1
9893,2024-06-08,34,active,medium,False,True,True,False,0
9894,2025-08-08,39,medium,high,False,False,True,True,1
9895,2024-10-15,37,active,low,True,False,False,True,1
9896,2024-06-10,44,super_active,low,True,False,True,False,1
9897,2024-06-21,32,active,low,True,True,True,False,2
9898,2025-07-25,57,super_active,high,True,False,True,True,2
9899,2024-03-06,25,active,high,True,True,True,True,2
9900,2024-06-14,42,low,high,False,False,True,True,0
9901,2025-10-02,39,medium,high,False,False,False,True,0
9902,2025-08-27,26,low,medium,True,True,False,False,0
9903,2025-09-11,43,one_time,medium,True,False,False,True,0
9904,2024-12-24,18,active,high,False,False,True,True,1
9905,2024-05-10,61,medium,low,False,False,False,False,0
9906,2025-11-26,45,medium,low,True,False,True,True,3
9907,2025-07-23,33,active,medium,True,True,False,True,3
9908,2025-12-14,32,active,high,True,False,False,False,3
9909,2024-01-29,57,medium,low,False,False,True,True,3
9910,2025-01-11,27,active,low,True,True,False,False,2
9911,2025-01-09,23,super_active,low,True,False,True,True,1
9912,2025-05-23,48,active,low,True,False,True,True,1
9913,2025-06-03,47,super_active,medium,True,True,True,False,2
9914,2025-10-09,43,medium,high,False,False,True,True,2
9915,2025-12-25,44,active,medium,False,False,False,True,2
9916,2025-06-20,32,super_active,medium,True,False,True,False,2
9917,2025-08-05,19,low,medium,False,False,True,True,1
9918,2024-06-01,64,low,low,True,True,True,True,1
9919,2025-06-09,51,super_active,medium,False,False,True,True,2
9920,2024-05-30,52,low,low,True,False,True,False,1
9921,2025-05-31,50,active,medium,True,False,True,False,0
9922,2025-04-19,53,low,medium,True,False,True,False,0
9923,2025-01-19,55,active,high,True,False,True,False,1
9924,2025-07-01,50,medium,high,True,False,False,False,1
9925,2024-12-12,55,active,medium,False,False,True,False,1
9926,2025-02-26,52,super_active,medium,False,False,True,True,3
9927,2024-08-08,27,active,low,False,False,True,True,1
9928,2024-06-02,49,active,high,True,False,True,True,0
9929,2024-03-09,32,medium,low,True,False,True,False,1
9930,2024-03-09,49,low,low,False,False,True,True,0
9931,2025-08-16,18,active,high,False,False,True,False,3
9932,2024-12-28,19,low,high,True,False,True,True,1
9933,2025-04-21,20,active,low,True,False,True,True,1
9934,2024-11-05,21,low,high,False,False,True,False,1
9935,2024-09-25,37,active,medium,True,True,True,False,1
9936,2025-01-11,60,active,low,True,True,True,True,1
9937,2024-02-10,46,medium,low,True,False,True,False,0
9938,2025-05-28,22,active,high,True,False,True,True,0
9939,2024-05-18,48,super_active,high,False,False,False,False,2
9940,2024-06-11,57,super_active,medium,True,True,True,True,1
9941,2024-01-20,40,medium,medium,False,True,True,True,2
9942,2024-07-18,62,super_active,medium,False,False,True,False,0
9943,2025-08-23,39,low,high,True,True,True,True,0
9944,2025-01-08,64,medium,low,True,False,False,True,1
9945,2025-09-24,58,medium,low,True,False,False,True,2
9946,2025-01-03,47,active,low,True,False,False,True,1
9947,2025-08-08,43,active,low,True,True,False,True,1
9948,2025-05-06,55,active,low,False,False,True,False,0
9949,2025-12-21,42,medium,medium,True,False,False,True,0
9950,2024-10-26,57,medium,low,True,False,True,False,3
9951,2024-10-23,22,active,medium,True,False,True,False,0
9952,2025-07-08,44,active,medium,True,True,True,True,1
9953,2025-12-05,30,medium,low,True,False,True,False,1
9954,2025-04-23,48,active,high,False,True,True,True,2
9955,2024-12-09,58,medium,medium,True,False,True,False,3
9956,2025-08-09,62,medium,low,False,False,True,False,0
9957,2025-07-22,48,medium,medium,True,False,False,True,1
9958,2024-09-12,28,medium,low,False,False,False,False,0
9959,2025-05-17,22,medium,low,True,False,False,True,2
9960,2025-02-20,64,low,medium,True,True,True,False,1
9961,2024-02-18,19,medium,medium,True,False,True,False,0
9962,2024-10-30,50,low,medium,False,True,False,True,3
9963,2024-03-09,60,medium,medium,True,True,False,True,1
9964,2024-03-12,38,low,medium,True,True,False,True,1
9965,2024-03-16,54,one_time,medium,False,False,True,True,1
9966,2024-12-06,57,medium,low,False,False,False,True,0
9967,2024-05-26,35,active,low,True,False,True,True,0
9968,2024-01-11,50,super_active,high,False,True,True,True,2
9969,2025-11-23,49,medium,high,True,False,True,True,1
9970,2024-07-23,43,super_active,medium,False,True,False,True,2
9971,2024-05-08,27,active,high,True,False,True,False,1
9972,2024-07-18,38,low,high,False,False,False,True,0
9973,2024-12-03,19,one_time,medium,False,False,False,False,1
9974,2024-07-19,65,medium,high,True,False,True,False,2
9975,2025-04-17,46,low,high,True,False,True,True,1
9976,2024-12-04,56,super_active,low,True,False,True,True,3
9977,2024-06-18,53,medium,medium,False,True,True,True,1
9978,2024-01-04,40,medium,high,False,False,False,False,3
9979,2024-03-09,54,super_active,low,False,False,True,False,2
9980,2024-04-27,21,one_time,medium,True,False,True,False,3
9981,2025-09-16,50,medium,medium,True,True,False,False,3
9982,2024-01-18,21,medium,medium,True,False,True,True,0
9983,2024-06-20,59,active,medium,True,False,True,True,1
9984,2024-08-02,18,medium,high,True,True,True,False,1
9985,2025-08-03,25,medium,low,True,False,True,True,0
9986,2025-03-30,31,active,medium,False,False,False,False,3
9987,2024-10-12,46,super_active,low,False,True,True,True,1
9988,2025-12-02,23,active,high,False,False,False,False,0
9989,2024-02-07,45,one_time,high,True,True,False,False,0
9990,2025-02-04,58,one_time,low,True,False,True,True,2
9991,2024-05-20,29,medium,medium,False,True,True,True,1
9992,2024-03-31,26,active,medium,True,False,True,False,1
9993,2025-07-30,60,medium,medium,True,False,False,False,3
9994,2025-08-09,40,medium,low,True,True,True,False,0
9995,2025-06-12,49,low,low,False,False,True,True,3
9996,2024-11-15,57,active,high,False,True,True,False,3
9997,2025-04-03,43,active,medium,True,False,True,False,3
9998,2025-12-03,55,medium,high,False,True,True,True,2
9999,2025-05-02,61,active,low,False,False,False,False,2
10000,2025-09-09,64,active,high,True,False,True,True,0
